PlantNum,WTM_X,WTM_Y,AY,Course,Density,Bed,PlotID,Row,RowID,OldLocFt,NewLoc,NewLocFt,NewLocIn,NewLocDecFt,NewLocM,PlotLen,PlotLenFt,PlotLenIn,PlotLenDecFt,PlotLen_m,RelativePos,FrontX_WTM,BackX_WTM,FrontY_WTM,BackY_WTM
1,556043.1908,405112.1373,0,1,High,2,H-102,1,H-102-1,1'11,2'10,2,10,2.8333,0.8636,21'6,21,6,21.5,6.5532,0.131782946,556043.1761,556043.2876,405111.2948,405117.6877
2,556043.8992,405078.1952,1,5,High,2,H-502,2,H-502-2,20'2,21'0,21,0,21,6.4008,22'4,22,4,22.3333,6.8072,0.940298507,556044.015,556043.8919,405071.7716,405078.603
3,556082.624,405095.4828,0,3,Low,5,L-305,3,L-305-3,13'0,13'10,13,10,13.8333,4.2164,20'6,20,6,20.5,6.2484,0.674796748,556082.727,556082.5744,405091.2771,405097.5097
4,556078.347,405072.0866,0,5,Low,3,L-503,1,L-503-1,1'8,1'8,1,8,1.6667,0.508,20'9,20,9,20.75,6.3246,0.080321285,556078.3516,556078.2938,405071.5675,405078.0306
5,556068.0207,405116.9896,0,1,High,5,H-115,3,H-115-3,19'6,20'2,20,2,20.1667,6.1468,20'11,20,11,20.9167,6.3754,0.964143426,556068.0566,556068.0194,405111.0045,405117.2122
6,556067.5732,405116.147,1,1,High,5,H-115,2,H-115-2,16'7,17'4,17,4,17.3333,5.2832,20'11,20,11,20.9167,6.3754,0.828685259,556067.5861,556067.5705,405111.0064,405117.2097
7,556067.573,405116.1964,1,1,High,5,H-115,2,H-115-2,16'6,17'6,17,6,17.5,5.334,20'11,20,11,20.9167,6.3754,0.836653386,556067.5861,556067.5705,405111.0064,405117.2097
8,556062.5378,405092.0906,0,3,High,2,H-312,3,H-312-3,1'10,2'4,2,4,2.3333,0.7112,21'0,21,0,21,6.4008,0.111111111,556062.5388,556062.5298,405091.3876,405097.7142
9,556084.0426,405081.8991,1,4,Low,6,L-406,2,L-406-2,1'0,1'4,1,4,1.3333,0.4064,20'3,20,3,20.25,6.1722,0.065843621,556084.0394,556084.0876,405081.4887,405087.7213
10,556103.6142,405083.1616,0,4,Low,7,L-417,1,L-417-1,5'8,6'1,6,1,6.0833,1.8542,20'4,20,4,20.3333,6.1976,0.299180328,556103.6149,556103.6124,405081.3216,405087.4718
11,556043.228,405114.2682,1,1,High,2,H-102,1,H-102-1,9'1,10'0,10,0,10,3.048,21'6,21,6,21.5,6.5532,0.465116279,556043.1761,556043.2876,405111.2948,405117.6877
12,556043.2738,405116.8948,1,1,High,2,H-102,1,H-102-1,18'3,18'10,18,10,18.8333,5.7404,21'6,21,6,21.5,6.5532,0.875968992,556043.1761,556043.2876,405111.2948,405117.6877
13,556067.0315,405111.7138,1,1,High,5,H-115,1,H-115-1,1'9,2'5,2,5,2.4167,0.7366,20'11,20,11,20.9167,6.3754,0.115537849,556067.0252,556067.08,405110.9966,405117.2037
14,556087.1907,405116.4846,1,1,Low,8,L-108,1,L-108-1,18'3,18'11,18,11,18.9167,5.7658,21'0,21,0,21,6.4008,0.900793651,556087.1632,556087.1937,405110.8403,405117.1062
15,556087.1918,405116.7084,1,1,Low,8,L-108,1,L-108-1,19'0,19'8,19,8,19.6667,5.9944,21'0,21,0,21,6.4008,0.936507937,556087.1632,556087.1937,405110.8403,405117.1062
16,556093.4413,405116.0602,1,1,Low,1,L-111,3,L-111-3,17'4,17'8,17,8,17.6667,5.3848,20'5,20,5,20.4167,6.223,0.865306122,556093.4532,556093.4394,405110.7338,405116.8893
17,556099.9568,405101.7715,1,2,Low,5,L-215,1,L-215-1,2'9,3'8,3,8,3.6667,1.1176,20'8,20,8,20.6667,6.2992,0.177419355,556099.9608,556099.9382,405100.6772,405106.8451
18,556099.9462,405104.6565,0,2,Low,5,L-215,1,L-215-1,12'8,13'4,13,4,13.3333,4.064,20'8,20,8,20.6667,6.2992,0.64516129,556099.9608,556099.9382,405100.6772,405106.8451
19,556099.9387,405106.6959,0,2,Low,5,L-215,1,L-215-1,19'3,20'2,20,2,20.1667,6.1468,20'8,20,8,20.6667,6.2992,0.975806452,556099.9608,556099.9382,405100.6772,405106.8451
20,556051.6595,405091.8278,1,3,High,6,H-306,3,H-306-3,0'0,0'8,0,8,0.6667,0.2032,20'7,20,7,20.5833,6.2738,0.032388664,556051.6608,556051.6218,405091.6257,405097.8656
21,556082.1814,405091.6837,1,3,Low,5,L-305,2,L-305-2,0'6,1'3,1,3,1.25,0.381,20'6,20,6,20.5,6.2484,0.06097561,556082.186,556082.111,405091.3041,405097.5294
22,556104.1168,405084.8844,1,4,Low,7,L-417,2,L-417-2,11'4,11'10,11,10,11.8333,3.6068,20'5,20,5,20.4167,6.223,0.579591837,556104.1415,556104.0989,405081.3212,405087.4689
23,556078.3509,405071.6454,1,5,Low,3,L-503,1,L-503-1,0'0,NA,,,0,0.0762,20'9,20,9,20.75,6.3246,0.012048193,556078.3516,556078.2938,405071.5675,405078.0306
24,556078.334,405073.5402,1,5,Low,3,L-503,1,L-503-1,6'4,6'4,6,4,6.3333,1.9304,20'9,20,9,20.75,6.3246,0.305220884,556078.3516,556078.2938,405071.5675,405078.0306
25,556044.4366,405078.313,1,5,High,2,H-502,3,H-502-3,21'2,21'4,21,4,21.3333,6.5024,22'3,22,3,22.25,6.7818,0.958801498,556044.5983,556044.4297,405071.7749,405078.5939
26,556093.7277,405072.7851,1,5,Low,1,L-511,3,L-511-3,3'10,3'9,3,9,3.75,1.143,20'5,20,5,20.4167,6.223,0.183673469,556093.725,556093.7397,405071.6451,405077.852
27,556104.1259,405083.5795,1,4,Low,7,L-417,2,L-417-2,7'2,7'6,7,6,7.5,2.286,20'5,20,5,20.4167,6.223,0.367346939,556104.1415,556104.0989,405081.3212,405087.4689
28,556084.5311,405083.3152,1,4,Low,6,L-406,3,L-406-3,5'8,5'11,5,11,5.9167,1.8034,20'3,20,3,20.25,6.1722,0.29218107,556084.549,556084.4878,405081.5015,405087.709
29,556084.5304,405083.3918,1,4,Low,6,L-406,3,L-406-3,5'10,6'2,6,2,6.1667,1.8796,20'3,20,3,20.25,6.1722,0.304526749,556084.549,556084.4878,405081.5015,405087.709
30,556084.5193,405084.5158,1,4,Low,6,L-406,3,L-406-3,9'5,9'10,9,10,9.8333,2.9972,20'3,20,3,20.25,6.1722,0.485596708,556084.549,556084.4878,405081.5015,405087.709
31,556083.5048,405082.6174,1,4,Low,6,L-406,1,L-406-1,3'5,3'6,3,6,3.5,1.0668,20'2,20,2,20.1667,6.1468,0.173553719,556083.5021,556083.5177,405081.5413,405087.7415
32,556084.5158,405084.8735,1,4,Low,6,L-406,3,L-406-3,10'7,11'0,11,0,11,3.3528,20'3,20,3,20.25,6.1722,0.543209877,556084.549,556084.4878,405081.5015,405087.709
33,556084.5185,405084.5925,0,4,Low,6,L-406,3,L-406-3,9'7,10'1,10,1,10.0833,3.0734,20'3,20,3,20.25,6.1722,0.497942387,556084.549,556084.4878,405081.5015,405087.709
34,556060.7788,405083.4322,1,4,High,1,H-411,3,H-411-3,6'6,5'10,5,10,5.8333,1.778,21'4,21,4,21.3333,6.5024,0.2734375,556060.7932,556060.7406,405081.6935,405088.0521
35,556060.2535,405084.0429,1,4,High,1,H-411,2,H-411-2,7'6,7'9,7,9,7.75,2.3622,21'0,21,0,21,6.4008,0.369047619,556060.2858,556060.1983,405081.7074,405088.0358
36,556082.1482,405094.4421,1,3,Low,5,L-305,2,L-305-2,10'0,10'4,10,4,10.3333,3.1496,20'6,20,6,20.5,6.2484,0.504065041,556082.186,556082.111,405091.3041,405097.5294
37,556052.9687,405101.7097,1,2,High,7,H-207,2,H-207-2,1'2,1'4,1,4,1.3333,0.4064,20'11,20,11,20.9167,6.3754,0.06374502,556052.9705,556052.9416,405101.3085,405107.6028
38,556068.0351,405114.5906,1,1,High,5,H-115,3,H-115-3,13'8,12'1,12,1,12.0833,3.683,20'11,20,11,20.9167,6.3754,0.577689243,556068.0566,556068.0194,405111.0045,405117.2122
39,556093.447,405113.4975,1,1,Low,1,L-111,3,L-111-3,8'5,9'2,9,2,9.1667,2.794,20'5,20,5,20.4167,6.223,0.448979592,556093.4532,556093.4394,405110.7338,405116.8893
40,556093.4427,405115.4321,1,1,Low,1,L-111,3,L-111-3,15'0,15'7,15,7,15.5833,4.7498,20'5,20,5,20.4167,6.223,0.763265306,556093.4532,556093.4394,405110.7338,405116.8893
41,556078.2959,405077.797,1,5,Low,3,L-503,1,L-503-1,19'9,20'0,20,0,20,6.096,20'9,20,9,20.75,6.3246,0.963855422,556078.3516,556078.2938,405071.5675,405078.0306
42,556093.7256,405071.8984,0,5,Low,1,L-511,3,L-511-3,0'10,0'10,0,10,0.8333,0.254,20'5,20,5,20.4167,6.223,0.040816327,556093.725,556093.7397,405071.6451,405077.852
43,556093.7283,405073.0385,0,5,Low,1,L-511,3,L-511-3,4'6,4'7,4,7,4.5833,1.397,20'5,20,5,20.4167,6.223,0.224489796,556093.725,556093.7397,405071.6451,405077.852
44,556100.5445,405093.6929,0,3,Low,5,L-315,2,L-315-2,19'3,8'10,8,10,8.8333,2.6924,20'9,20,9,20.75,6.3246,0.425702811,556100.5897,556100.4836,405091.0395,405097.2724
45,556070.5294,405105.7026,0,2,High,7,H-217,1,H-217-1,14'9,14'10,14,10,14.8333,4.5212,20'2,20,2,20.1667,6.1468,0.73553719,556070.5407,556070.5254,405101.2836,405107.2914
46,556092.9668,405115.3808,1,1,Low,1,L-111,2,L-111-2,13'8,15'4,15,4,15.3333,4.6736,20'5,20,5,20.4167,6.223,0.751020408,556092.9466,556092.9735,405110.7509,405116.9157
47,556043.4248,405077.1082,1,5,High,2,H-502,1,H-502-1,17'3,17'5,17,5,17.4167,5.3086,22'3,22,3,22.25,6.7818,0.782771536,556043.4452,556043.4191,405071.7707,405078.5894
48,556044.4417,405078.1087,1,5,High,2,H-502,3,H-502-3,20'4,20'8,20,8,20.6667,6.2992,22'3,22,3,22.25,6.7818,0.928838951,556044.5983,556044.4297,405071.7749,405078.5939
49,556057.2694,405073.7906,0,5,High,9,H-509,3,H-509-3,6'9,6'11,6,11,6.9167,2.1082,22'0,22,0,22,6.7056,0.314393939,556057.2855,556057.2343,405071.6777,405078.3984
50,556057.2624,405074.7071,0,5,High,9,H-509,3,H-509-3,9'9,9'11,9,11,9.9167,3.0226,22'0,22,0,22,6.7056,0.450757576,556057.2855,556057.2343,405071.6777,405078.3984
51,556057.2605,405074.9617,1,5,High,9,H-509,3,H-509-3,10'7,10'9,10,9,10.75,3.2766,22'0,22,0,22,6.7056,0.488636364,556057.2855,556057.2343,405071.6777,405078.3984
52,556078.2973,405077.6413,1,5,Low,3,L-503,1,L-503-1,19'2,19'6,19,6,19.5,5.9436,20'9,20,9,20.75,6.3246,0.939759036,556078.3516,556078.2938,405071.5675,405078.0306
53,556078.3504,405071.6973,1,5,Low,3,L-503,1,L-503-1,0'5,0'5,0,5,0.4167,0.127,20'9,20,9,20.75,6.3246,0.020080321,556078.3516,556078.2938,405071.5675,405078.0306
54,556079.309,405075.362,1,5,Low,3,L-503,3,L-503-3,12'1,12'6,12,6,12.5,3.81,21'3,21,3,21.25,6.477,0.588235294,556079.3111,556079.3076,405071.5561,405078.0262
55,556103.6128,405086.5392,1,4,Low,7,L-417,1,L-417-1,17'1,17'3,17,3,17.25,5.2578,20'4,20,4,20.3333,6.1976,0.848360656,556103.6149,556103.6124,405081.3216,405087.4718
56,556103.6127,405086.6148,1,4,Low,7,L-417,1,L-417-1,17'5,17'6,17,6,17.5,5.334,20'4,20,4,20.3333,6.1976,0.860655738,556103.6149,556103.6124,405081.3216,405087.4718
57,556104.1026,405086.942,1,4,Low,7,L-417,2,L-417-2,18'1,18'8,18,8,18.6667,5.6896,20'5,20,5,20.4167,6.223,0.914285714,556104.1415,556104.0989,405081.3212,405087.4689
58,556083.5026,405081.7206,1,4,Low,6,L-406,1,L-406-1,0'4,0'7,0,7,0.5833,0.1778,20'2,20,2,20.1667,6.1468,0.02892562,556083.5021,556083.5177,405081.5413,405087.7415
59,556059.7439,405084.394,0,4,High,1,H-411,1,H-411-1,8'5,8'11,8,11,8.9167,2.7178,21'0,21,0,21,6.4008,0.424603175,556059.7896,556059.682,405081.698,405088.0475
60,556044.5339,405074.3801,1,5,High,2,H-502,3,H-502-3,19'11,NA,,,0,2.591,22'3,22,3,22.25,6.7818,0.382051963,556044.5983,556044.4297,405071.7749,405078.5939
61,556061.5319,405096.1795,1,3,High,2,H-312,1,H-312-1,15'5,15'11,15,11,15.9167,4.8514,21'0,21,0,21,6.4008,0.757936508,556061.5315,556061.532,405091.3809,405097.7121
62,556062.0044,405096.0583,1,3,High,2,H-312,2,H-312-2,14'5,15'6,15,6,15.5,4.7244,21'0,21,0,21,6.4008,0.738095238,556061.9804,556062.0129,405091.3745,405097.7203
63,556100.0619,405094.3009,1,3,Low,5,L-315,1,L-315-1,10'6,10'10,10,10,10.8333,3.302,20'9,20,9,20.75,6.3246,0.522088353,556100.1064,556100.0211,405091.0513,405097.2755
64,556100.4667,405103.2398,1,2,Low,5,L-215,2,L-215-2,8'6,NA,,,0,2.591,20'7,20,7,20.5833,6.2738,0.412987344,556100.4856,556100.4398,405100.688,405106.8668
65,556100.979,405095.6416,1,3,Low,5,L-315,3,L-315-3,14'10,15'3,15,3,15.25,4.6482,20'8,20,8,20.6667,6.2992,0.737903226,556101.065,556100.9485,405091.0555,405097.2705
66,556099.9603,405100.8264,1,2,Low,5,L-215,1,L-215-1,0'0,0'6,0,6,0.5,0.1524,20'8,20,8,20.6667,6.2992,0.024193548,556099.9608,556099.9382,405100.6772,405106.8451
67,556100.9442,405101.2894,1,2,Low,5,L-215,3,L-215-3,1'8,2'0,2,0,2,0.6096,20'5,20,5,20.4167,6.223,0.097959184,556100.9473,556100.9153,405100.6871,405106.836
68,556053.472,405102.2895,1,2,High,7,H-207,3,H-207-3,2'10,3'3,3,3,3.25,0.9906,20'11,20,11,20.9167,6.3754,0.155378486,556053.4745,556053.4584,405101.3101,405107.6134
69,556053.468,405103.8465,1,2,High,7,H-207,3,H-207-3,8'0,8'5,8,5,8.4167,2.5654,20'11,20,11,20.9167,6.3754,0.402390438,556053.4745,556053.4584,405101.3101,405107.6134
70,556052.4675,405105.9166,0,2,High,7,H-207,1,H-207-1,15'3,15'4,15,4,15.3333,4.6736,20'11,20,11,20.9167,6.3754,0.733067729,556052.4424,556052.4767,405101.3022,405107.5969
71,556052.4752,405107.321,0,2,High,7,H-207,1,H-207-1,20'0,20'0,20,0,20,6.096,20'11,20,11,20.9167,6.3754,0.956175299,556052.4424,556052.4767,405101.3022,405107.5969
72,556052.4696,405106.2928,1,2,High,7,H-207,1,H-207-1,16'7,16'7,16,7,16.5833,5.0546,20'11,20,11,20.9167,6.3754,0.792828685,556052.4424,556052.4767,405101.3022,405107.5969
73,556068.0345,405114.6895,1,1,High,5,H-115,3,H-115-3,12'0,12'5,12,5,12.4167,3.7846,20'11,20,11,20.9167,6.3754,0.593625498,556068.0566,556068.0194,405111.0045,405117.2122
74,556068.0336,405114.8379,1,1,High,5,H-115,3,H-115-3,12'6,12'11,12,11,12.9167,3.937,20'11,20,11,20.9167,6.3754,0.61752988,556068.0566,556068.0194,405111.0045,405117.2122
75,556087.6992,405113.0073,0,1,Low,8,L-108,2,L-108-2,6'10,7'4,7,4,7.3333,2.2352,21'0,21,0,21,6.4008,0.349206349,556087.7291,556087.6434,405110.8102,405117.102
76,556087.6781,405114.5553,0,1,Low,8,L-108,2,L-108-2,12'0,12'6,12,6,12.5,3.81,21'0,21,0,21,6.4008,0.595238095,556087.7291,556087.6434,405110.8102,405117.102
77,556087.1932,405117.0067,0,1,Low,8,L-108,1,L-108-1,19'10,20'8,20,8,20.6667,6.2992,21'0,21,0,21,6.4008,0.984126984,556087.1632,556087.1937,405110.8403,405117.1062
78,556092.9575,405113.242,1,1,Low,1,L-111,2,L-111-2,6'3,8'3,8,3,8.25,2.5146,20'5,20,5,20.4167,6.223,0.404081633,556092.9466,556092.9735,405110.7509,405116.9157
79,556043.4353,405074.3501,0,5,High,2,H-502,1,H-502-1,7'11,8'5,8,5,8.4167,2.5654,22'3,22,3,22.25,6.7818,0.378277154,556043.4452,556043.4191,405071.7707,405078.5894
80,556043.4336,405074.8097,1,5,High,2,H-502,1,H-502-1,9'5,9'11,9,11,9.9167,3.0226,22'3,22,3,22.25,6.7818,0.445692884,556043.4452,556043.4191,405071.7707,405078.5894
81,556043.4286,405076.1122,1,5,High,2,H-502,1,H-502-1,13'9,14'2,14,2,14.1667,4.318,22'3,22,3,22.25,6.7818,0.63670412,556043.4452,556043.4191,405071.7707,405078.5894
82,556043.4213,405078.0276,1,5,High,2,H-502,1,H-502-1,19'11,20'5,20,5,20.4167,6.223,22'3,22,3,22.25,6.7818,0.917602996,556043.4452,556043.4191,405071.7707,405078.5894
83,556044.0072,405072.2049,1,5,High,2,H-502,2,H-502-2,0'11,1'5,1,5,1.4167,0.4318,22'4,22,4,22.3333,6.8072,0.063432836,556044.015,556043.8919,405071.7716,405078.603
84,556043.9994,405072.6383,0,5,High,2,H-502,2,H-502-2,2'3,2'10,2,10,2.8333,0.8636,22'4,22,4,22.3333,6.8072,0.126865672,556044.015,556043.8919,405071.7716,405078.603
85,556043.9842,405073.4795,1,5,High,2,H-502,2,H-502-2,6'0,5'7,5,7,5.5833,1.7018,22'4,22,4,22.3333,6.8072,0.25,556044.015,556043.8919,405071.7716,405078.603
86,556043.9732,405074.0912,0,5,High,2,H-502,2,H-502-2,7'2,7'7,7,7,7.5833,2.3114,22'4,22,4,22.3333,6.8072,0.339552239,556044.015,556043.8919,405071.7716,405078.603
87,556043.9718,405074.1677,1,5,High,2,H-502,2,H-502-2,7'5,7'10,7,10,7.8333,2.3876,22'4,22,4,22.3333,6.8072,0.350746269,556044.015,556043.8919,405071.7716,405078.603
88,556043.9709,405074.2187,1,5,High,2,H-502,2,H-502-2,7'6,8'0,8,0,8,2.4384,22'4,22,4,22.3333,6.8072,0.358208955,556044.015,556043.8919,405071.7716,405078.603
89,556044.5535,405073.5882,1,5,High,2,H-502,3,H-502-3,5'5,5'11,5,11,5.9167,1.8034,22'3,22,3,22.25,6.7818,0.265917603,556044.5983,556044.4297,405071.7749,405078.5939
90,556044.5295,405074.5587,0,5,High,2,H-502,3,H-502-3,8'6,9'1,9,1,9.0833,2.7686,22'3,22,3,22.25,6.7818,0.4082397,556044.5983,556044.4297,405071.7749,405078.5939
91,556056.1689,405077.708,1,5,High,9,H-509,1,H-509-1,19'7,19'9,19,9,19.75,6.0198,22'0,22,0,22,6.7056,0.897727273,556056.1571,556056.1702,405071.7081,405078.3915
92,556056.1689,405077.7333,1,5,High,9,H-509,1,H-509-1,19'9,19'10,19,10,19.8333,6.0452,22'0,22,0,22,6.7056,0.901515152,556056.1571,556056.1702,405071.7081,405078.3915
93,556056.1699,405078.2396,1,5,High,9,H-509,1,H-509-1,21'5,21'6,21,6,21.5,6.5532,22'0,22,0,22,6.7056,0.977272727,556056.1571,556056.1702,405071.7081,405078.3915
94,556056.7447,405077.4171,0,5,High,9,H-509,2,H-509-2,18'7,18'8,18,8,18.6667,5.6896,21'10,21,10,21.8333,6.6548,0.854961832,556056.7686,556056.7407,405071.6871,405078.3891
95,556056.7451,405077.3403,1,5,High,9,H-509,2,H-509-2,18'5,18'5,18,5,18.4167,5.6134,21'10,21,10,21.8333,6.6548,0.84351145,556056.7686,556056.7407,405071.6871,405078.3891
96,556056.7455,405077.238,0,5,High,9,H-509,2,H-509-2,18'0,18'1,18,1,18.0833,5.5118,21'10,21,10,21.8333,6.6548,0.828244275,556056.7686,556056.7407,405071.6871,405078.3891
97,556056.7491,405076.3683,0,5,High,9,H-509,2,H-509-2,15'2,15'3,15,3,15.25,4.6482,21'10,21,10,21.8333,6.6548,0.698473282,556056.7686,556056.7407,405071.6871,405078.3891
98,556056.7525,405075.5497,1,5,High,9,H-509,2,H-509-2,12'6,12'7,12,7,12.5833,3.8354,21'10,21,10,21.8333,6.6548,0.576335878,556056.7686,556056.7407,405071.6871,405078.3891
99,556056.7567,405074.5521,1,5,High,9,H-509,2,H-509-2,9'2,9'4,9,4,9.3333,2.8448,21'10,21,10,21.8333,6.6548,0.427480916,556056.7686,556056.7407,405071.6871,405078.3891
100,556056.7609,405073.5289,0,5,High,9,H-509,2,H-509-2,5'9,6'0,6,0,6,1.8288,21'10,21,10,21.8333,6.6548,0.27480916,556056.7686,556056.7407,405071.6871,405078.3891
101,556057.2845,405071.805,0,5,High,9,H-509,3,H-509-3,0'0,0'5,0,5,0.4167,0.127,22'0,22,0,22,6.7056,0.018939394,556057.2855,556057.2343,405071.6777,405078.3984
102,556057.2632,405074.6053,0,5,High,9,H-509,3,H-509-3,9'3,9'7,9,7,9.5833,2.921,22'0,22,0,22,6.7056,0.435606061,556057.2855,556057.2343,405071.6777,405078.3984
103,556057.2502,405076.3109,1,5,High,9,H-509,3,H-509-3,15'0,15'2,15,2,15.1667,4.6228,22'0,22,0,22,6.7056,0.689393939,556057.2855,556057.2343,405071.6777,405078.3984
104,556078.3497,405071.7751,0,5,Low,3,L-503,1,L-503-1,0'8,0'8,0,8,0.6667,0.2032,20'9,20,9,20.75,6.3246,0.032128514,556078.3516,556078.2938,405071.5675,405078.0306
105,556078.3256,405074.4746,0,5,Low,3,L-503,1,L-503-1,9'4,9'4,9,4,9.3333,2.8448,20'9,20,9,20.75,6.3246,0.449799197,556078.3516,556078.2938,405071.5675,405078.0306
106,556078.3042,405076.8626,0,5,Low,3,L-503,1,L-503-1,17'0,17'0,17,0,17,5.1816,20'9,20,9,20.75,6.3246,0.819277108,556078.3516,556078.2938,405071.5675,405078.0306
107,556078.2964,405077.7451,1,5,Low,3,L-503,1,L-503-1,19'10,19'10,19,10,19.8333,6.0452,20'9,20,9,20.75,6.3246,0.955823293,556078.3516,556078.2938,405071.5675,405078.0306
108,556078.8204,405073.2077,1,5,Low,3,L-503,2,L-503-2,4'10,5'5,5,5,5.4167,1.651,21'4,21,4,21.3333,6.5024,0.25390625,556078.8245,556078.8084,405071.5669,405078.029
109,556079.3096,405074.2964,1,5,Low,3,L-503,3,L-503-3,8'4,9'0,9,0,9,2.7432,21'3,21,3,21.25,6.477,0.423529412,556079.3111,556079.3076,405071.5561,405078.0262
110,556079.3096,405074.3725,0,5,Low,3,L-503,3,L-503-3,8'10,9'3,9,3,9.25,2.8194,21'3,21,3,21.25,6.477,0.435294118,556079.3111,556079.3076,405071.5561,405078.0262
111,556079.311,405071.7845,0,5,Low,3,L-503,3,L-503-3,0'6,0'9,0,9,0.75,0.2286,21'3,21,3,21.25,6.477,0.035294118,556079.3111,556079.3076,405071.5561,405078.0262
112,556079.3094,405074.7531,0,5,Low,3,L-503,3,L-503-3,10'1,10'6,10,6,10.5,3.2004,21'3,21,3,21.25,6.477,0.494117647,556079.3111,556079.3076,405071.5561,405078.0262
113,556079.3092,405075.0576,1,5,Low,3,L-503,3,L-503-3,11'0,11'6,11,6,11.5,3.5052,21'3,21,3,21.25,6.477,0.541176471,556079.3111,556079.3076,405071.5561,405078.0262
114,556079.3081,405077.0874,1,5,Low,3,L-503,3,L-503-3,17'10,18'2,18,2,18.1667,5.5372,21'3,21,3,21.25,6.477,0.854901961,556079.3111,556079.3076,405071.5561,405078.0262
115,556078.324,405074.6567,1,5,Low,3,L-503,1,L-503-1,9'11,NA,,,0,3.023,20'9,20,9,20.75,6.3246,0.477974892,556078.3516,556078.2938,405071.5675,405078.0306
116,556092.6755,405075.5817,0,5,Low,1,L-511,1,L-511-1,12'7,12'11,12,11,12.9167,3.937,20'4,20,4,20.3333,6.1976,0.635245902,556092.6766,556092.6748,405071.665,405077.8307
117,556093.2337,405073.5197,1,5,Low,1,L-511,2,L-511-2,5'8,6'2,6,2,6.1667,1.8796,20'7,20,7,20.5833,6.2738,0.299595142,556093.2336,556093.2341,405071.6658,405077.8537
118,556093.2339,405075.3986,0,5,Low,1,L-511,2,L-511-2,11'11,12'5,12,5,12.4167,3.7846,20'7,20,7,20.5833,6.2738,0.603238866,556093.2336,556093.2341,405071.6658,405077.8537
119,556093.234,405077.1522,1,5,Low,1,L-511,2,L-511-2,17'10,18'3,18,3,18.25,5.5626,20'7,20,7,20.5833,6.2738,0.886639676,556093.2336,556093.2341,405071.6658,405077.8537
120,556093.7291,405073.3932,0,5,Low,1,L-511,3,L-511-3,5'5,5'9,5,9,5.75,1.7526,20'5,20,5,20.4167,6.223,0.281632653,556093.725,556093.7397,405071.6451,405077.852
121,556093.7305,405073.9759,0,5,Low,1,L-511,3,L-511-3,7'4,7'8,7,8,7.6667,2.3368,20'5,20,5,20.4167,6.223,0.375510204,556093.725,556093.7397,405071.6451,405077.852
122,556093.7363,405076.4333,1,5,Low,1,L-511,3,L-511-3,15'4,15'9,15,9,15.75,4.8006,20'5,20,5,20.4167,6.223,0.771428571,556093.725,556093.7397,405071.6451,405077.852
123,556103.6144,405082.5567,1,4,Low,7,L-417,1,L-417-1,3'4,4'1,4,1,4.0833,1.2446,20'4,20,4,20.3333,6.1976,0.200819672,556103.6149,556103.6124,405081.3216,405087.4718
124,556103.6137,405084.2959,0,4,Low,7,L-417,1,L-417-1,9'2,9'10,9,10,9.8333,2.9972,20'4,20,4,20.3333,6.1976,0.483606557,556103.6149,556103.6124,405081.3216,405087.4718
125,556103.6134,405084.9512,0,4,Low,7,L-417,1,L-417-1,11'3,12'0,12,0,12,3.6576,20'4,20,4,20.3333,6.1976,0.590163934,556103.6149,556103.6124,405081.3216,405087.4718
126,556103.613,405086.0603,1,4,Low,7,L-417,1,L-417-1,15'0,15'8,15,8,15.6667,4.7752,20'4,20,4,20.3333,6.1976,0.770491803,556103.6149,556103.6124,405081.3216,405087.4718
127,556104.1396,405081.5972,1,4,Low,7,L-417,2,L-417-2,0'0,0'11,0,11,0.9167,0.2794,20'5,20,5,20.4167,6.223,0.044897959,556104.1415,556104.0989,405081.3212,405087.4689
128,556104.6922,405081.6726,1,4,Low,7,L-417,3,L-417-3,0'5,1'3,1,3,1.25,0.381,20'6,20,6,20.5,6.2484,0.06097561,556104.7025,556104.5343,405081.2965,405087.4646
129,556104.6697,405082.5,0,4,Low,7,L-417,3,L-417-3,3'2,4'0,4,0,4,1.2192,20'6,20,6,20.5,6.2484,0.195121951,556104.7025,556104.5343,405081.2965,405087.4646
130,556104.6034,405084.9322,0,4,Low,7,L-417,3,L-417-3,11'4,12'1,12,1,12.0833,3.683,20'6,20,6,20.5,6.2484,0.589430894,556104.7025,556104.5343,405081.2965,405087.4646
131,556104.5965,405085.1829,1,4,Low,7,L-417,3,L-417-3,12'2,12'11,12,11,12.9167,3.937,20'6,20,6,20.5,6.2484,0.630081301,556104.7025,556104.5343,405081.2965,405087.4646
132,556104.5685,405086.2109,1,4,Low,7,L-417,3,L-417-3,15'8,16'4,16,4,16.3333,4.9784,20'6,20,6,20.5,6.2484,0.796747967,556104.7025,556104.5343,405081.2965,405087.4646
133,556083.5024,405081.6438,0,4,Low,6,L-406,1,L-406-1,0'4,0'4,0,4,0.3333,0.1016,20'2,20,2,20.1667,6.1468,0.016528926,556083.5021,556083.5177,405081.5413,405087.7415
134,556084.0485,405082.6685,0,4,Low,6,L-406,2,L-406-2,3'8,3'10,3,10,3.8333,1.1684,20'3,20,3,20.25,6.1722,0.189300412,556084.0394,556084.0876,405081.4887,405087.7213
135,556084.0561,405083.6432,1,4,Low,6,L-406,2,L-406-2,6'9,7'0,7,0,7,2.1336,20'3,20,3,20.25,6.1722,0.345679012,556084.0394,556084.0876,405081.4887,405087.7213
136,556084.0809,405086.8492,1,4,Low,6,L-406,2,L-406-2,17'3,17'5,17,5,17.4167,5.3086,20'3,20,3,20.25,6.1722,0.860082305,556084.0394,556084.0876,405081.4887,405087.7213
137,556084.5344,405082.9831,1,4,Low,6,L-406,3,L-406-3,4'6,4'10,4,10,4.8333,1.4732,20'3,20,3,20.25,6.1722,0.238683128,556084.549,556084.4878,405081.5015,405087.709
138,556084.5256,405083.8772,1,4,Low,6,L-406,3,L-406-3,7'3,7'9,7,9,7.75,2.3622,20'3,20,3,20.25,6.1722,0.382716049,556084.549,556084.4878,405081.5015,405087.709
139,556084.5215,405084.2859,1,4,Low,6,L-406,3,L-406-3,8'10,9'1,9,1,9.0833,2.7686,20'3,20,3,20.25,6.1722,0.448559671,556084.549,556084.4878,405081.5015,405087.709
140,556084.5057,405085.8953,1,4,Low,6,L-406,3,L-406-3,14'2,14'4,14,4,14.3333,4.3688,20'3,20,3,20.25,6.1722,0.70781893,556084.549,556084.4878,405081.5015,405087.709
141,556059.7358,405084.8728,1,4,High,1,H-411,1,H-411-1,10'2,10'6,10,6,10.5,3.2004,21'0,21,0,21,6.4008,0.5,556059.7896,556059.682,405081.698,405088.0475
142,556059.7341,405084.9735,1,4,High,1,H-411,1,H-411-1,10'6,10'10,10,10,10.8333,3.302,21'0,21,0,21,6.4008,0.515873016,556059.7896,556059.682,405081.698,405088.0475
143,556059.7264,405085.4271,1,4,High,1,H-411,1,H-411-1,12'0,12'4,12,4,12.3333,3.7592,21'0,21,0,21,6.4008,0.587301587,556059.7896,556059.682,405081.698,405088.0475
144,556059.7068,405086.5861,1,4,High,1,H-411,1,H-411-1,15'10,16'2,16,2,16.1667,4.9276,21'0,21,0,21,6.4008,0.76984127,556059.7896,556059.682,405081.698,405088.0475
145,556059.6987,405087.0648,0,4,High,1,H-411,1,H-411-1,17'5,17'9,17,9,17.75,5.4102,21'0,21,0,21,6.4008,0.845238095,556059.7896,556059.682,405081.698,405088.0475
146,556059.6935,405087.3672,0,4,High,1,H-411,1,H-411-1,18'5,18'9,18,9,18.75,5.715,21'0,21,0,21,6.4008,0.892857143,556059.7896,556059.682,405081.698,405088.0475
147,556060.2066,405087.4331,0,4,High,1,H-411,2,H-411-2,18'8,19'0,19,0,19,5.7912,21'0,21,0,21,6.4008,0.904761905,556060.2858,556060.1983,405081.7074,405088.0358
148,556060.2091,405087.2573,0,4,High,1,H-411,2,H-411-2,18'0,18'5,18,5,18.4167,5.6134,21'0,21,0,21,6.4008,0.876984127,556060.2858,556060.1983,405081.7074,405088.0358
149,556060.2143,405086.8806,1,4,High,1,H-411,2,H-411-2,19'10,17'2,17,2,17.1667,5.2324,21'0,21,0,21,6.4008,0.817460317,556060.2858,556060.1983,405081.7074,405088.0358
150,556060.216,405086.7551,1,4,High,1,H-411,2,H-411-2,19'4,16'9,16,9,16.75,5.1054,21'0,21,0,21,6.4008,0.797619048,556060.2858,556060.1983,405081.7074,405088.0358
151,556060.2334,405085.4994,1,4,High,1,H-411,2,H-411-2,12'2,12'7,12,7,12.5833,3.8354,21'0,21,0,21,6.4008,0.599206349,556060.2858,556060.1983,405081.7074,405088.0358
152,556060.2344,405085.4241,1,4,High,1,H-411,2,H-411-2,11'10,12'4,12,4,12.3333,3.7592,21'0,21,0,21,6.4008,0.587301587,556060.2858,556060.1983,405081.7074,405088.0358
153,556060.2361,405085.2985,1,4,High,1,H-411,2,H-411-2,11'5,11'11,11,11,11.9167,3.6322,21'0,21,0,21,6.4008,0.567460317,556060.2858,556060.1983,405081.7074,405088.0358
154,556060.2705,405082.8124,1,4,High,1,H-411,2,H-411-2,3'3,3'8,3,8,3.6667,1.1176,21'0,21,0,21,6.4008,0.174603175,556060.2858,556060.1983,405081.7074,405088.0358
155,556060.2709,405082.7872,0,4,High,1,H-411,2,H-411-2,3'3,3'7,3,7,3.5833,1.0922,21'0,21,0,21,6.4008,0.170634921,556060.2858,556060.1983,405081.7074,405088.0358
156,556060.2823,405081.9585,1,4,High,1,H-411,2,H-411-2,0'5,0'10,0,10,0.8333,0.254,21'0,21,0,21,6.4008,0.03968254,556060.2858,556060.1983,405081.7074,405088.0358
157,556060.7874,405082.389,1,4,High,1,H-411,3,H-411-3,2'0,2'4,2,4,2.3333,0.7112,21'4,21,4,21.3333,6.5024,0.109375,556060.7932,556060.7406,405081.6935,405088.0521
158,556060.7866,405082.4883,1,4,High,1,H-411,3,H-411-3,2'2,2'8,2,8,2.6667,0.8128,21'4,21,4,21.3333,6.5024,0.125,556060.7932,556060.7406,405081.6935,405088.0521
159,556060.7809,405083.1838,0,4,High,1,H-411,3,H-411-3,4'3,5'0,5,0,5,1.524,21'4,21,4,21.3333,6.5024,0.234375,556060.7932,556060.7406,405081.6935,405088.0521
160,556048.7366,405083.8233,1,4,High,5,H-405,1,H-405-1,6'0,6'7,6,7,6.5833,2.0066,21'3,21,3,21.25,6.477,0.309803922,556048.733,556048.7447,405081.814,405088.2997
161,556049.8149,405082.3413,1,4,High,5,H-405,3,H-405-3,1'3,1'9,1,9,1.75,0.5334,21'3,21,3,21.25,6.477,0.082352941,556049.8181,556049.7787,405081.8089,405088.2743
162,556049.8124,405082.747,1,4,High,5,H-405,3,H-405-3,2'7,3'1,3,1,3.0833,0.9398,21'3,21,3,21.25,6.477,0.145098039,556049.8181,556049.7787,405081.8089,405088.2743
163,556049.7959,405085.4599,1,4,High,5,H-405,3,H-405-3,11'3,12'0,12,0,12,3.6576,21'3,21,3,21.25,6.477,0.564705882,556049.8181,556049.7787,405081.8089,405088.2743
164,556049.7955,405085.5107,1,4,High,5,H-405,3,H-405-3,11'4,12'2,12,2,12.1667,3.7084,21'3,21,3,21.25,6.477,0.57254902,556049.8181,556049.7787,405081.8089,405088.2743
165,556050.5687,405091.8026,1,3,High,6,H-306,1,H-306-1,0'3,0'7,0,7,0.5833,0.1778,20'7,20,7,20.5833,6.2738,0.028340081,556050.5693,556050.5479,405091.6253,405097.8797
166,556050.5676,405092.1317,1,3,High,6,H-306,1,H-306-1,1'4,1'8,1,8,1.6667,0.508,20'7,20,7,20.5833,6.2738,0.08097166,556050.5693,556050.5479,405091.6253,405097.8797
167,556050.5653,405092.7901,0,3,High,6,H-306,1,H-306-1,3'7,3'10,3,10,3.8333,1.1684,20'7,20,7,20.5833,6.2738,0.186234818,556050.5693,556050.5479,405091.6253,405097.8797
168,556050.5651,405092.8407,1,3,High,6,H-306,1,H-306-1,3'9,4'0,4,0,4,1.2192,20'7,20,7,20.5833,6.2738,0.194331984,556050.5693,556050.5479,405091.6253,405097.8797
169,556050.5619,405093.7776,0,3,High,6,H-306,1,H-306-1,8'10,7'1,7,1,7.0833,2.159,20'7,20,7,20.5833,6.2738,0.344129555,556050.5693,556050.5479,405091.6253,405097.8797
170,556050.5536,405096.2085,1,3,High,6,H-306,1,H-306-1,14'9,15'1,15,1,15.0833,4.5974,20'7,20,7,20.5833,6.2738,0.732793522,556050.5693,556050.5479,405091.6253,405097.8797
171,556050.5511,405096.9428,0,3,High,6,H-306,1,H-306-1,17'3,17'6,17,6,17.5,5.334,20'7,20,7,20.5833,6.2738,0.850202429,556050.5693,556050.5479,405091.6253,405097.8797
172,556051.1234,405092.9831,0,3,High,6,H-306,2,H-306-2,4'3,4'6,4,6,4.5,1.3716,20'7,20,7,20.5833,6.2738,0.218623482,556051.1335,556051.0873,405091.615,405097.8726
173,556051.1197,405093.4897,1,3,High,6,H-306,2,H-306-2,5'11,6'2,6,2,6.1667,1.8796,20'7,20,7,20.5833,6.2738,0.299595142,556051.1335,556051.0873,405091.615,405097.8726
174,556051.1185,405093.6418,1,3,High,6,H-306,2,H-306-2,6'6,6'8,6,8,6.6667,2.032,20'7,20,7,20.5833,6.2738,0.32388664,556051.1335,556051.0873,405091.615,405097.8726
175,556051.1114,405094.6045,1,3,High,6,H-306,2,H-306-2,9'7,9'10,9,10,9.8333,2.9972,20'7,20,7,20.5833,6.2738,0.477732794,556051.1335,556051.0873,405091.615,405097.8726
176,556051.1088,405094.9591,1,3,High,6,H-306,2,H-306-2,10'9,11'0,11,0,11,3.3528,20'7,20,7,20.5833,6.2738,0.534412955,556051.1335,556051.0873,405091.615,405097.8726
177,556051.1084,405095.0098,0,3,High,6,H-306,2,H-306-2,10'11,11'2,11,2,11.1667,3.4036,20'7,20,7,20.5833,6.2738,0.542510121,556051.1335,556051.0873,405091.615,405097.8726
178,556051.1081,405095.0605,0,3,High,6,H-306,2,H-306-2,11'0,11'4,11,4,11.3333,3.4544,20'7,20,7,20.5833,6.2738,0.550607287,556051.1335,556051.0873,405091.615,405097.8726
179,556051.1077,405095.1111,1,3,High,6,H-306,2,H-306-2,11'2,11'6,11,6,11.5,3.5052,20'7,20,7,20.5833,6.2738,0.558704453,556051.1335,556051.0873,405091.615,405097.8726
180,556051.106,405095.3392,1,3,High,6,H-306,2,H-306-2,12'0,12'3,12,3,12.25,3.7338,20'7,20,7,20.5833,6.2738,0.5951417,556051.1335,556051.0873,405091.615,405097.8726
181,556051.6314,405096.3246,1,3,High,6,H-306,3,H-306-3,15'3,15'6,15,6,15.5,4.7244,20'7,20,7,20.5833,6.2738,0.753036437,556051.6608,556051.6218,405091.6257,405097.8656
182,556051.6357,405095.6425,0,3,High,6,H-306,3,H-306-3,13'0,13'3,13,3,13.25,4.0386,20'7,20,7,20.5833,6.2738,0.643724696,556051.6608,556051.6218,405091.6257,405097.8656
183,556051.646,405094.0004,1,3,High,6,H-306,3,H-306-3,7'7,7'10,7,10,7.8333,2.3876,20'7,20,7,20.5833,6.2738,0.380566802,556051.6608,556051.6218,405091.6257,405097.8656
184,556051.6551,405092.5352,0,3,High,6,H-306,3,H-306-3,2'10,3'0,3,0,3,0.9144,20'7,20,7,20.5833,6.2738,0.145748988,556051.6608,556051.6218,405091.6257,405097.8656
185,556061.5316,405092.7125,1,3,High,2,H-312,1,H-312-1,4'1,4'5,4,5,4.4167,1.3462,21'0,21,0,21,6.4008,0.21031746,556061.5315,556061.532,405091.3809,405097.7121
186,556061.5316,405093.0893,1,3,High,2,H-312,1,H-312-1,5'4,5'8,5,8,5.6667,1.7272,21'0,21,0,21,6.4008,0.26984127,556061.5315,556061.532,405091.3809,405097.7121
187,556061.5318,405095.6017,0,3,High,2,H-312,1,H-312-1,13'9,14'0,14,0,14,4.2672,21'0,21,0,21,6.4008,0.666666667,556061.5315,556061.532,405091.3809,405097.7121
188,556061.5319,405095.9786,0,3,High,2,H-312,1,H-312-1,15'0,15'3,15,3,15.25,4.6482,21'0,21,0,21,6.4008,0.726190476,556061.5315,556061.532,405091.3809,405097.7121
189,556061.5319,405096.7323,1,3,High,2,H-312,1,H-312-1,17'6,17'9,17,9,17.75,5.4102,21'0,21,0,21,6.4008,0.845238095,556061.5315,556061.532,405091.3809,405097.7121
190,556061.9976,405094.7237,1,3,High,2,H-312,2,H-312-2,10'10,11'1,11,1,11.0833,3.3782,21'0,21,0,21,6.4008,0.527777778,556061.9804,556062.0129,405091.3745,405097.7203
191,556061.9929,405093.8171,1,3,High,2,H-312,2,H-312-2,7'10,8'1,8,1,8.0833,2.4638,21'0,21,0,21,6.4008,0.384920635,556061.9804,556062.0129,405091.3745,405097.7203
192,556061.9848,405092.2307,0,3,High,2,H-312,2,H-312-2,2'6,2'10,2,10,2.8333,0.8636,21'0,21,0,21,6.4008,0.134920635,556061.9804,556062.0129,405091.3745,405097.7203
193,556062.5362,405093.1952,0,3,High,2,H-312,3,H-312-3,5'10,6'0,6,0,6,1.8288,21'0,21,0,21,6.4008,0.285714286,556062.5388,556062.5298,405091.3876,405097.7142
194,556062.532,405096.1325,1,3,High,2,H-312,3,H-312-3,15'6,15'9,15,9,15.75,4.8006,21'0,21,0,21,6.4008,0.75,556062.5388,556062.5298,405091.3876,405097.7142
195,556081.6431,405094.6065,1,3,Low,5,L-305,1,L-305-1,10'3,10'11,10,11,10.9167,3.3274,20'6,20,6,20.5,6.2484,0.532520325,556081.6651,556081.6238,405091.299,405097.51
196,556081.6255,405097.2575,1,3,Low,5,L-305,1,L-305-1,18'10,19'8,19,8,19.6667,5.9944,20'6,20,6,20.5,6.2484,0.959349593,556081.6651,556081.6238,405091.299,405097.51
197,556082.172,405092.4682,0,3,Low,5,L-305,2,L-305-2,2'8,3'10,3,10,3.8333,1.1684,20'6,20,6,20.5,6.2484,0.18699187,556082.186,556082.111,405091.3041,405097.5294
198,556082.1333,405095.6821,1,3,Low,5,L-305,2,L-305-2,13'6,14'5,14,5,14.4167,4.3942,20'6,20,6,20.5,6.2484,0.703252033,556082.186,556082.111,405091.3041,405097.5294
199,556082.1278,405096.1376,1,3,Low,5,L-305,2,L-305-2,15'0,15'11,15,11,15.9167,4.8514,20'6,20,6,20.5,6.2484,0.776422764,556082.186,556082.111,405091.3041,405097.5294
200,556082.6823,405093.1013,1,3,Low,5,L-305,3,L-305-3,5'1,6'0,6,0,6,1.8288,20'6,20,6,20.5,6.2484,0.292682927,556082.727,556082.5744,405091.2771,405097.5097
201,556082.6631,405093.8867,0,3,Low,5,L-305,3,L-305-3,7'9,8'7,8,7,8.5833,2.6162,20'6,20,6,20.5,6.2484,0.418699187,556082.727,556082.5744,405091.2771,405097.5097
202,556082.6284,405095.3055,1,3,Low,5,L-305,3,L-305-3,12'6,13'3,13,3,13.25,4.0386,20'6,20,6,20.5,6.2484,0.646341463,556082.727,556082.5744,405091.2771,405097.5097
203,556082.598,405096.5469,1,3,Low,5,L-305,3,L-305-3,16'6,17'4,17,4,17.3333,5.2832,20'6,20,6,20.5,6.2484,0.845528455,556082.727,556082.5744,405091.2771,405097.5097
204,556100.0646,405094.1009,0,3,Low,5,L-315,1,L-315-1,9'8,10'2,10,2,10.1667,3.0988,20'9,20,9,20.75,6.3246,0.489959839,556100.1064,556100.0211,405091.0513,405097.2755
205,556100.4938,405096.6716,1,3,Low,5,L-315,2,L-315-2,18'3,18'9,18,9,18.75,5.715,20'9,20,9,20.75,6.3246,0.903614458,556100.5897,556100.4836,405091.0395,405097.2724
206,556101.0067,405094.163,1,3,Low,5,L-315,3,L-315-3,9'10,10'4,10,4,10.3333,3.1496,20'8,20,8,20.6667,6.2992,0.5,556101.065,556100.9485,405091.0555,405097.2705
207,556100.9645,405096.4184,1,3,Low,5,L-315,3,L-315-3,17'5,17'10,17,10,17.8333,5.4356,20'8,20,8,20.6667,6.2992,0.862903226,556101.065,556100.9485,405091.0555,405097.2705
208,556099.957,405101.7218,0,2,Low,5,L-215,1,L-215-1,3'0,3'6,3,6,3.5,1.0668,20'8,20,8,20.6667,6.2992,0.169354839,556099.9608,556099.9382,405100.6772,405106.8451
209,556099.9497,405103.7114,1,2,Low,5,L-215,1,L-215-1,9'7,10'2,10,2,10.1667,3.0988,20'8,20,8,20.6667,6.2992,0.491935484,556099.9608,556099.9382,405100.6772,405106.8451
210,556099.9495,405103.7612,0,2,Low,5,L-215,1,L-215-1,9'9,10'4,10,4,10.3333,3.1496,20'8,20,8,20.6667,6.2992,0.5,556099.9608,556099.9382,405100.6772,405106.8451
211,556099.9483,405104.0845,1,2,Low,5,L-215,1,L-215-1,10'10,11'5,11,5,11.4167,3.4798,20'8,20,8,20.6667,6.2992,0.552419355,556099.9608,556099.9382,405100.6772,405106.8451
212,556099.9449,405105.0295,0,2,Low,5,L-215,1,L-215-1,14'1,14'7,14,7,14.5833,4.445,20'8,20,8,20.6667,6.2992,0.705645161,556099.9608,556099.9382,405100.6772,405106.8451
213,556099.9412,405106.0244,1,2,Low,5,L-215,1,L-215-1,17'5,17'11,17,11,17.9167,5.461,20'8,20,8,20.6667,6.2992,0.866935484,556099.9608,556099.9382,405100.6772,405106.8451
214,556099.94,405106.3477,1,2,Low,5,L-215,1,L-215-1,18'6,19'0,19,0,19,5.7912,20'8,20,8,20.6667,6.2992,0.919354839,556099.9608,556099.9382,405100.6772,405106.8451
215,556099.9397,405106.4223,0,2,Low,5,L-215,1,L-215-1,18'10,19'3,19,3,19.25,5.8674,20'8,20,8,20.6667,6.2992,0.931451613,556099.9608,556099.9382,405100.6772,405106.8451
216,556100.4661,405103.3146,0,2,Low,5,L-215,2,L-215-2,8'5,8'9,8,9,8.75,2.667,20'7,20,7,20.5833,6.2738,0.425101215,556100.4856,556100.4398,405100.688,405106.8668
217,556100.4578,405104.4403,1,2,Low,5,L-215,2,L-215-2,12'2,12'6,12,6,12.5,3.81,20'7,20,7,20.5833,6.2738,0.607287449,556100.4856,556100.4398,405100.688,405106.8668
218,556100.9466,405100.8126,0,2,Low,5,L-215,3,L-215-3,0'0,0'5,0,5,0.4167,0.127,20'5,20,5,20.4167,6.223,0.020408163,556100.9473,556100.9153,405100.6871,405106.836
219,556100.9382,405102.4439,1,2,Low,5,L-215,3,L-215-3,5'6,5'10,5,10,5.8333,1.778,20'5,20,5,20.4167,6.223,0.285714286,556100.9473,556100.9153,405100.6871,405106.836
220,556100.9281,405104.3764,1,2,Low,5,L-215,3,L-215-3,12'0,12'3,12,3,12.25,3.7338,20'5,20,5,20.4167,6.223,0.6,556100.9473,556100.9153,405100.6871,405106.836
221,556100.9157,405106.7607,1,2,Low,5,L-215,3,L-215-3,19'10,20'2,20,2,20.1667,6.1468,20'5,20,5,20.4167,6.223,0.987755102,556100.9473,556100.9153,405100.6871,405106.836
222,556076.2382,405105.7841,1,2,Low,2,L-202,1,L-202-1,14'10,15'5,15,5,15.4167,4.699,20'2,20,2,20.1667,6.1468,0.76446281,556076.2692,556076.2287,405101.1473,405107.2127
223,556076.2367,405106.0096,1,2,Low,2,L-202,1,L-202-1,15'7,16'2,16,2,16.1667,4.9276,20'2,20,2,20.1667,6.1468,0.801652893,556076.2692,556076.2287,405101.1473,405107.2127
224,556076.2361,405106.1099,1,2,Low,2,L-202,1,L-202-1,15'11,16'6,16,6,16.5,5.0292,20'2,20,2,20.1667,6.1468,0.818181818,556076.2692,556076.2287,405101.1473,405107.2127
225,556076.7723,405101.7526,1,2,Low,2,L-202,2,L-202-2,1'6,2'1,2,1,2.0833,0.635,20'3,20,3,20.25,6.1722,0.102880658,556076.7813,556076.6936,405101.1267,405107.2109
226,556076.7719,405101.7777,1,2,Low,2,L-202,2,L-202-2,1'7,2'2,2,2,2.1667,0.6604,20'3,20,3,20.25,6.1722,0.106995885,556076.7813,556076.6936,405101.1267,405107.2109
227,556077.3189,405102.0057,1,2,Low,2,L-202,3,L-202-3,2'5,3'0,3,0,3,0.9144,20'4,20,4,20.3333,6.1976,0.147540984,556077.3304,556077.2522,405101.1064,405107.2017
228,556077.3144,405102.3554,1,2,Low,2,L-202,3,L-202-3,3'4,4'2,4,2,4.1667,1.27,20'4,20,4,20.3333,6.1976,0.204918033,556077.3304,556077.2522,405101.1064,405107.2017
229,556077.3083,405102.8301,1,2,Low,2,L-202,3,L-202-3,5'0,5'9,5,9,5.75,1.7526,20'4,20,4,20.3333,6.1976,0.282786885,556077.3304,556077.2522,405101.1064,405107.2017
230,556077.3003,405103.4546,0,2,Low,2,L-202,3,L-202-3,7'0,7'10,7,10,7.8333,2.3876,20'4,20,4,20.3333,6.1976,0.385245902,556077.3304,556077.2522,405101.1064,405107.2017
231,556077.2894,405104.3039,0,2,Low,2,L-202,3,L-202-3,9'10,10'8,10,8,10.6667,3.2512,20'4,20,4,20.3333,6.1976,0.524590164,556077.3304,556077.2522,405101.1064,405107.2017
232,556077.2839,405104.7286,1,2,Low,2,L-202,3,L-202-3,11'3,12'1,12,1,12.0833,3.683,20'4,20,4,20.3333,6.1976,0.594262295,556077.3304,556077.2522,405101.1064,405107.2017
233,556077.2826,405104.8285,0,2,Low,2,L-202,3,L-202-3,11'8,12'5,12,5,12.4167,3.7846,20'4,20,4,20.3333,6.1976,0.610655738,556077.3304,556077.2522,405101.1064,405107.2017
234,556077.2695,405105.8527,1,2,Low,2,L-202,3,L-202-3,15'1,15'10,15,10,15.8333,4.826,20'4,20,4,20.3333,6.1976,0.778688525,556077.3304,556077.2522,405101.1064,405107.2017
235,556070.5318,405104.7592,0,2,High,7,H-217,1,H-217-1,11'4,11'8,11,8,11.6667,3.556,20'2,20,2,20.1667,6.1468,0.578512397,556070.5407,556070.5254,405101.2836,405107.2914
236,556070.5316,405104.8585,0,2,High,7,H-217,1,H-217-1,11'8,12'0,12,0,12,3.6576,20'2,20,2,20.1667,6.1468,0.595041322,556070.5407,556070.5254,405101.2836,405107.2914
237,556070.5306,405105.2557,0,2,High,7,H-217,1,H-217-1,13'0,13'4,13,4,13.3333,4.064,20'2,20,2,20.1667,6.1468,0.661157025,556070.5407,556070.5254,405101.2836,405107.2914
238,556071.0887,405104.1053,1,2,High,7,H-217,2,H-217-2,9'3,9'6,9,6,9.5,2.8956,20'2,20,2,20.1667,6.1468,0.47107438,556071.0993,556071.0769,405101.2788,405107.2789
239,556071.0865,405104.7003,0,2,High,7,H-217,2,H-217-2,11'3,11'6,11,6,11.5,3.5052,20'2,20,2,20.1667,6.1468,0.570247934,556071.0993,556071.0769,405101.2788,405107.2789
240,556071.6013,405101.7962,0,2,High,7,H-217,3,H-217-3,1'3,1'9,1,9,1.75,0.5334,20'3,20,3,20.25,6.1722,0.086419753,556071.605,556071.5618,405101.2783,405107.2716
241,556071.5894,405103.4487,1,2,High,7,H-217,3,H-217-3,6'10,7'4,7,4,7.3333,2.2352,20'3,20,3,20.25,6.1722,0.362139918,556071.605,556071.5618,405101.2783,405107.2716
242,556071.5879,405103.646,0,2,High,7,H-217,3,H-217-3,7'6,8'0,8,0,8,2.4384,20'3,20,3,20.25,6.1722,0.395061728,556071.605,556071.5618,405101.2783,405107.2716
243,556071.5808,405104.6326,1,2,High,7,H-217,3,H-217-3,10'9,11'4,11,4,11.3333,3.4544,20'3,20,3,20.25,6.1722,0.559670782,556071.605,556071.5618,405101.2783,405107.2716
244,556052.4431,405101.4276,0,2,High,7,H-207,1,H-207-1,0'1,0'5,0,5,0.4167,0.127,20'11,20,11,20.9167,6.3754,0.019920319,556052.4424,556052.4767,405101.3022,405107.5969
245,556052.4558,405103.7599,1,2,High,7,H-207,1,H-207-1,7'11,8'2,8,2,8.1667,2.4892,20'11,20,11,20.9167,6.3754,0.390438247,556052.4424,556052.4767,405101.3022,405107.5969
246,556052.4562,405103.8351,1,2,High,7,H-207,1,H-207-1,8'2,8'5,8,5,8.4167,2.5654,20'11,20,11,20.9167,6.3754,0.402390438,556052.4424,556052.4767,405101.3022,405107.5969
247,556052.4565,405103.8853,0,2,High,7,H-207,1,H-207-1,8'4,8'7,8,7,8.5833,2.6162,20'11,20,11,20.9167,6.3754,0.410358566,556052.4424,556052.4767,405101.3022,405107.5969
248,556052.4572,405104.0107,0,2,High,7,H-207,1,H-207-1,8'8,9'0,9,0,9,2.7432,20'11,20,11,20.9167,6.3754,0.430278884,556052.4424,556052.4767,405101.3022,405107.5969
249,556052.4576,405104.0859,0,2,High,7,H-207,1,H-207-1,8'11,9'3,9,3,9.25,2.8194,20'11,20,11,20.9167,6.3754,0.442231076,556052.4424,556052.4767,405101.3022,405107.5969
250,556052.458,405104.1611,0,2,High,7,H-207,1,H-207-1,9'2,9'6,9,6,9.5,2.8956,20'11,20,11,20.9167,6.3754,0.454183267,556052.4424,556052.4767,405101.3022,405107.5969
251,556052.4583,405104.2113,0,2,High,7,H-207,1,H-207-1,9'5,9'8,9,8,9.6667,2.9464,20'11,20,11,20.9167,6.3754,0.462151394,556052.4424,556052.4767,405101.3022,405107.5969
252,556052.4662,405105.6659,0,2,High,7,H-207,1,H-207-1,14'3,14'6,14,6,14.5,4.4196,20'11,20,11,20.9167,6.3754,0.693227092,556052.4424,556052.4767,405101.3022,405107.5969
253,556052.467,405105.8163,0,2,High,7,H-207,1,H-207-1,14'10,15'0,15,0,15,4.572,20'11,20,11,20.9167,6.3754,0.717131474,556052.4424,556052.4767,405101.3022,405107.5969
254,556052.4708,405106.5185,0,2,High,7,H-207,1,H-207-1,17'1,17'4,17,4,17.3333,5.2832,20'11,20,11,20.9167,6.3754,0.828685259,556052.4424,556052.4767,405101.3022,405107.5969
255,556052.4727,405106.8696,1,2,High,7,H-207,1,H-207-1,18'3,18'6,18,6,18.5,5.6388,20'11,20,11,20.9167,6.3754,0.884462151,556052.4424,556052.4767,405101.3022,405107.5969
256,556052.9507,405105.6217,0,2,High,7,H-207,2,H-207-2,14'1,14'4,14,4,14.3333,4.3688,20'11,20,11,20.9167,6.3754,0.685258964,556052.9705,556052.9416,405101.3085,405107.6028
257,556052.9451,405106.8505,1,2,High,7,H-207,2,H-207-2,18'2,18'5,18,5,18.4167,5.6134,20'11,20,11,20.9167,6.3754,0.880478088,556052.9705,556052.9416,405101.3085,405107.6028
258,556052.9445,405106.9759,0,2,High,7,H-207,2,H-207-2,18'8,18'10,18,10,18.8333,5.7404,20'11,20,11,20.9167,6.3754,0.900398406,556052.9705,556052.9416,405101.3085,405107.6028
259,556052.9437,405107.1514,1,2,High,7,H-207,2,H-207-2,19'3,19'5,19,5,19.4167,5.9182,20'11,20,11,20.9167,6.3754,0.928286853,556052.9705,556052.9416,405101.3085,405107.6028
260,556052.9426,405107.3771,0,2,High,7,H-207,2,H-207-2,19'10,20'2,20,2,20.1667,6.1468,20'11,20,11,20.9167,6.3754,0.964143426,556052.9705,556052.9416,405101.3085,405107.6028
261,556053.4735,405101.6868,1,2,High,7,H-207,3,H-207-3,0'10,1'3,1,3,1.25,0.381,20'11,20,11,20.9167,6.3754,0.059760956,556053.4745,556053.4584,405101.3101,405107.6134
262,556053.473,405101.9128,1,2,High,7,H-207,3,H-207-3,1'9,2'0,2,0,2,0.6096,20'11,20,11,20.9167,6.3754,0.09561753,556053.4745,556053.4584,405101.3101,405107.6134
263,556053.473,405101.8877,0,2,High,7,H-207,3,H-207-3,1'9,1'11,1,11,1.9167,0.5842,20'11,20,11,20.9167,6.3754,0.091633466,556053.4745,556053.4584,405101.3101,405107.6134
264,556053.4702,405102.9927,1,2,High,7,H-207,3,H-207-3,5'4,5'7,5,7,5.5833,1.7018,20'11,20,11,20.9167,6.3754,0.266932271,556053.4745,556053.4584,405101.3101,405107.6134
265,556053.4666,405104.399,0,2,High,7,H-207,3,H-207-3,10'0,10'3,10,3,10.25,3.1242,20'11,20,11,20.9167,6.3754,0.490039841,556053.4745,556053.4584,405101.3101,405107.6134
266,556053.4621,405106.182,0,2,High,7,H-207,3,H-207-3,15'8,16'2,16,2,16.1667,4.9276,20'11,20,11,20.9167,6.3754,0.772908367,556053.4745,556053.4584,405101.3101,405107.6134
267,556053.4619,405106.2573,0,2,High,7,H-207,3,H-207-3,16'1,16'5,16,5,16.4167,5.0038,20'11,20,11,20.9167,6.3754,0.784860558,556053.4745,556053.4584,405101.3101,405107.6134
268,556053.4587,405107.4878,1,2,High,7,H-207,3,H-207-3,20'3,20'6,20,6,20.5,6.2484,20'11,20,11,20.9167,6.3754,0.980079681,556053.4745,556053.4584,405101.3101,405107.6134
269,556053.4586,405107.5381,0,2,High,7,H-207,3,H-207-3,20'4,20'8,20,8,20.6667,6.2992,20'11,20,11,20.9167,6.3754,0.988047809,556053.4745,556053.4584,405101.3101,405107.6134
270,556043.186,405111.8647,0,1,High,2,H-102,1,H-102-1,1'6,1'11,1,11,1.9167,0.5842,21'6,21,6,21.5,6.5532,0.089147287,556043.1761,556043.2876,405111.2948,405117.6877
271,556043.1869,405111.9143,0,1,High,2,H-102,1,H-102-1,1'9,2'1,2,1,2.0833,0.635,21'6,21,6,21.5,6.5532,0.096899225,556043.1761,556043.2876,405111.2948,405117.6877
272,556043.2331,405114.5656,1,1,High,2,H-102,1,H-102-1,10'7,11'0,11,0,11,3.3528,21'6,21,6,21.5,6.5532,0.511627907,556043.1761,556043.2876,405111.2948,405117.6877
273,556043.2396,405114.9373,0,1,High,2,H-102,1,H-102-1,11'9,12'3,12,3,12.25,3.7338,21'6,21,6,21.5,6.5532,0.569767442,556043.1761,556043.2876,405111.2948,405117.6877
274,556043.2427,405115.1107,0,1,High,2,H-102,1,H-102-1,12'5,12'10,12,10,12.8333,3.9116,21'6,21,6,21.5,6.5532,0.596899225,556043.1761,556043.2876,405111.2948,405117.6877
275,556043.2699,405116.6718,1,1,High,2,H-102,1,H-102-1,17'9,18'1,18,1,18.0833,5.5118,21'6,21,6,21.5,6.5532,0.841085271,556043.1761,556043.2876,405111.2948,405117.6877
276,556043.2746,405116.9443,1,1,High,2,H-102,1,H-102-1,18'8,19'0,19,0,19,5.7912,21'6,21,6,21.5,6.5532,0.88372093,556043.1761,556043.2876,405111.2948,405117.6877
277,556043.7007,405111.5934,1,1,High,2,H-102,2,H-102-2,0'9,1'0,1,0,1,0.3048,21'6,21,6,21.5,6.5532,0.046511628,556043.6986,556043.7446,405111.2976,405117.658
278,556043.7064,405112.3823,0,1,High,2,H-102,2,H-102-2,3'4,3'8,3,8,3.6667,1.1176,21'6,21,6,21.5,6.5532,0.170542636,556043.6986,556043.7446,405111.2976,405117.658
279,556043.713,405113.2945,0,1,High,2,H-102,2,H-102-2,6'4,6'9,6,9,6.75,2.0574,21'6,21,6,21.5,6.5532,0.313953488,556043.6986,556043.7446,405111.2976,405117.658
280,556043.7166,405113.7875,0,1,High,2,H-102,2,H-102-2,8'0,8'5,8,5,8.4167,2.5654,21'6,21,6,21.5,6.5532,0.391472868,556043.6986,556043.7446,405111.2976,405117.658
281,556043.7212,405114.4285,1,1,High,2,H-102,2,H-102-2,10'2,10'7,10,7,10.5833,3.2258,21'6,21,6,21.5,6.5532,0.492248062,556043.6986,556043.7446,405111.2976,405117.658
282,556043.7239,405114.7983,1,1,High,2,H-102,2,H-102-2,11'5,11'10,11,10,11.8333,3.6068,21'6,21,6,21.5,6.5532,0.550387597,556043.6986,556043.7446,405111.2976,405117.658
283,556043.7375,405116.6719,1,1,High,2,H-102,2,H-102-2,17'10,18'2,18,2,18.1667,5.5372,21'6,21,6,21.5,6.5532,0.84496124,556043.6986,556043.7446,405111.2976,405117.658
284,556044.2199,405112.5943,1,1,High,2,H-102,3,H-102-3,4'1,4'6,4,6,4.5,1.3716,21'8,21,8,21.6667,6.604,0.207692308,556044.2237,556044.2053,405111.2595,405117.6861
285,556044.2186,405113.0392,0,1,High,2,H-102,3,H-102-3,5'9,6'0,6,0,6,1.8288,21'8,21,8,21.6667,6.604,0.276923077,556044.2237,556044.2053,405111.2595,405117.6861
286,556044.2185,405113.0886,0,1,High,2,H-102,3,H-102-3,5'9,6'2,6,2,6.1667,1.8796,21'8,21,8,21.6667,6.604,0.284615385,556044.2237,556044.2053,405111.2595,405117.6861
287,556044.2176,405113.3852,1,1,High,2,H-102,3,H-102-3,6'8,7'2,7,2,7.1667,2.1844,21'8,21,8,21.6667,6.604,0.330769231,556044.2237,556044.2053,405111.2595,405117.6861
288,556044.2162,405113.8796,1,1,High,2,H-102,3,H-102-3,8'2,8'10,8,10,8.8333,2.6924,21'8,21,8,21.6667,6.604,0.407692308,556044.2237,556044.2053,405111.2595,405117.6861
289,556044.2122,405115.2885,0,1,High,2,H-102,3,H-102-3,13'1,13'7,13,7,13.5833,4.1402,21'8,21,8,21.6667,6.604,0.626923077,556044.2237,556044.2053,405111.2595,405117.6861
290,556044.2076,405116.8951,0,1,High,2,H-102,3,H-102-3,18'9,19'0,19,0,19,5.7912,21'8,21,8,21.6667,6.604,0.876923077,556044.2237,556044.2053,405111.2595,405117.6861
291,556067.0307,405111.6148,1,1,High,5,H-115,1,H-115-1,1'10,2'1,2,1,2.0833,0.635,20'11,20,11,20.9167,6.3754,0.099601594,556067.0252,556067.08,405110.9966,405117.2037
292,556067.0411,405112.8019,0,1,High,5,H-115,1,H-115-1,5'9,6'1,6,1,6.0833,1.8542,20'11,20,11,20.9167,6.3754,0.290836653,556067.0252,556067.08,405110.9966,405117.2037
293,556067.0562,405114.5082,1,1,High,5,H-115,1,H-115-1,11'8,11'10,11,10,11.8333,3.6068,20'11,20,11,20.9167,6.3754,0.565737052,556067.0252,556067.08,405110.9966,405117.2037
294,556067.0632,405115.2995,0,1,High,5,H-115,1,H-115-1,14'4,14'6,14,6,14.5,4.4196,20'11,20,11,20.9167,6.3754,0.693227092,556067.0252,556067.08,405110.9966,405117.2037
295,556067.0636,405115.349,1,1,High,5,H-115,1,H-115-1,14'6,14'8,14,8,14.6667,4.4704,20'11,20,11,20.9167,6.3754,0.701195219,556067.0252,556067.08,405110.9966,405117.2037
296,556067.0645,405115.4479,0,1,High,5,H-115,1,H-115-1,14'10,15'0,15,0,15,4.572,20'11,20,11,20.9167,6.3754,0.717131474,556067.0252,556067.08,405110.9966,405117.2037
297,556067.5808,405113.1071,0,1,High,5,H-115,2,H-115-2,6'11,7'1,7,1,7.0833,2.159,20'11,20,11,20.9167,6.3754,0.338645418,556067.5861,556067.5705,405111.0064,405117.2097
298,556068.0557,405111.1529,1,1,High,5,H-115,3,H-115-3,0'6,0'6,0,6,0.5,0.1524,20'11,20,11,20.9167,6.3754,0.023904382,556068.0566,556068.0194,405111.0045,405117.2122
299,556068.0501,405112.0927,1,1,High,5,H-115,3,H-115-3,3'8,3'8,3,8,3.6667,1.1176,20'11,20,11,20.9167,6.3754,0.175298805,556068.0566,556068.0194,405111.0045,405117.2122
300,556068.0422,405113.4035,0,1,High,5,H-115,3,H-115-3,7'11,8'1,8,1,8.0833,2.4638,20'11,20,11,20.9167,6.3754,0.386454183,556068.0566,556068.0194,405111.0045,405117.2122
301,556068.0421,405113.4282,1,1,High,5,H-115,3,H-115-3,8'0,8'2,8,2,8.1667,2.4892,20'11,20,11,20.9167,6.3754,0.390438247,556068.0566,556068.0194,405111.0045,405117.2122
302,556068.0388,405113.9723,1,1,High,5,H-115,3,H-115-3,9'10,10'0,10,0,10,3.048,20'11,20,11,20.9167,6.3754,0.478087649,556068.0566,556068.0194,405111.0045,405117.2122
303,556068.0384,405114.0465,1,1,High,5,H-115,3,H-115-3,10'0,10'3,10,3,10.25,3.1242,20'11,20,11,20.9167,6.3754,0.490039841,556068.0566,556068.0194,405111.0045,405117.2122
304,556068.0364,405114.368,1,1,High,5,H-115,3,H-115-3,11'2,11'4,11,4,11.3333,3.4544,20'11,20,11,20.9167,6.3754,0.541832669,556068.0566,556068.0194,405111.0045,405117.2122
305,556068.0356,405114.5164,1,1,High,5,H-115,3,H-115-3,11'7,11'10,11,10,11.8333,3.6068,20'11,20,11,20.9167,6.3754,0.565737052,556068.0566,556068.0194,405111.0045,405117.2122
306,556068.0348,405114.6401,1,1,High,5,H-115,3,H-115-3,12'0,12'3,12,3,12.25,3.7338,20'11,20,11,20.9167,6.3754,0.585657371,556068.0566,556068.0194,405111.0045,405117.2122
307,556068.0307,405115.3326,1,1,High,5,H-115,3,H-115-3,14'4,14'7,14,7,14.5833,4.445,20'11,20,11,20.9167,6.3754,0.697211155,556068.0566,556068.0194,405111.0045,405117.2122
308,556068.0299,405115.4562,1,1,High,5,H-115,3,H-115-3,14'9,15'0,15,0,15,4.572,20'11,20,11,20.9167,6.3754,0.717131474,556068.0566,556068.0194,405111.0045,405117.2122
309,556068.0218,405116.8165,0,1,High,5,H-115,3,H-115-3,19'5,19'7,19,7,19.5833,5.969,20'11,20,11,20.9167,6.3754,0.93625498,556068.0566,556068.0194,405111.0045,405117.2122
310,556087.166,405111.4122,1,1,Low,8,L-108,1,L-108-1,1'3,1'11,1,11,1.9167,0.5842,21'0,21,0,21,6.4008,0.091269841,556087.1632,556087.1937,405110.8403,405117.1062
311,556087.1677,405111.7603,1,1,Low,8,L-108,1,L-108-1,2'6,3'1,3,1,3.0833,0.9398,21'0,21,0,21,6.4008,0.146825397,556087.1632,556087.1937,405110.8403,405117.1062
312,556087.169,405112.0338,1,1,Low,8,L-108,1,L-108-1,3'6,4'0,4,0,4,1.2192,21'0,21,0,21,6.4008,0.19047619,556087.1632,556087.1937,405110.8403,405117.1062
313,556087.1697,405112.183,1,1,Low,8,L-108,1,L-108-1,3'11,4'6,4,6,4.5,1.3716,21'0,21,0,21,6.4008,0.214285714,556087.1632,556087.1937,405110.8403,405117.1062
314,556087.173,405112.8543,1,1,Low,8,L-108,1,L-108-1,6'2,6'9,6,9,6.75,2.0574,21'0,21,0,21,6.4008,0.321428571,556087.1632,556087.1937,405110.8403,405117.1062
315,556087.1742,405113.103,0,1,Low,8,L-108,1,L-108-1,7'2,7'7,7,7,7.5833,2.3114,21'0,21,0,21,6.4008,0.361111111,556087.1632,556087.1937,405110.8403,405117.1062
316,556087.1753,405113.3268,0,1,Low,8,L-108,1,L-108-1,7'9,8'4,8,4,8.3333,2.54,21'0,21,0,21,6.4008,0.396825397,556087.1632,556087.1937,405110.8403,405117.1062
317,556087.1817,405114.6446,0,1,Low,8,L-108,1,L-108-1,12'2,12'9,12,9,12.75,3.8862,21'0,21,0,21,6.4008,0.607142857,556087.1632,556087.1937,405110.8403,405117.1062
318,556087.1912,405116.584,1,1,Low,8,L-108,1,L-108-1,17'8,19'3,19,3,19.25,5.8674,21'0,21,0,21,6.4008,0.916666667,556087.1632,556087.1937,405110.8403,405117.1062
319,556087.7264,405111.0099,1,1,Low,8,L-108,2,L-108-2,0'0,0'8,0,8,0.6667,0.2032,21'0,21,0,21,6.4008,0.031746032,556087.7291,556087.6434,405110.8102,405117.102
320,556087.7135,405111.9587,0,1,Low,8,L-108,2,L-108-2,3'3,3'10,3,10,3.8333,1.1684,21'0,21,0,21,6.4008,0.182539683,556087.7291,556087.6434,405110.8102,405117.102
321,556087.7046,405112.6079,0,1,Low,8,L-108,2,L-108-2,5'6,6'0,6,0,6,1.8288,21'0,21,0,21,6.4008,0.285714286,556087.7291,556087.6434,405110.8102,405117.102
322,556087.6931,405113.4568,0,1,Low,8,L-108,2,L-108-2,8'3,8'10,8,10,8.8333,2.6924,21'0,21,0,21,6.4008,0.420634921,556087.7291,556087.6434,405110.8102,405117.102
323,556087.6849,405114.056,0,1,Low,8,L-108,2,L-108-2,10'3,10'10,10,10,10.8333,3.302,21'0,21,0,21,6.4008,0.515873016,556087.7291,556087.6434,405110.8102,405117.102
324,556087.6801,405114.4055,0,1,Low,8,L-108,2,L-108-2,11'5,12'0,12,0,12,3.6576,21'0,21,0,21,6.4008,0.571428571,556087.7291,556087.6434,405110.8102,405117.102
325,556087.6777,405114.5803,0,1,Low,8,L-108,2,L-108-2,12'1,12'7,12,7,12.5833,3.8354,21'0,21,0,21,6.4008,0.599206349,556087.7291,556087.6434,405110.8102,405117.102
326,556087.6771,405114.6302,0,1,Low,8,L-108,2,L-108-2,12'2,12'9,12,9,12.75,3.8862,21'0,21,0,21,6.4008,0.607142857,556087.7291,556087.6434,405110.8102,405117.102
327,556087.6638,405115.604,1,1,Low,8,L-108,2,L-108-2,15'5,16'0,16,0,16,4.8768,21'0,21,0,21,6.4008,0.761904762,556087.7291,556087.6434,405110.8102,405117.102
328,556087.656,405116.1782,0,1,Low,8,L-108,2,L-108-2,17'4,17'11,17,11,17.9167,5.461,21'0,21,0,21,6.4008,0.853174603,556087.7291,556087.6434,405110.8102,405117.102
329,556088.2173,405112.2009,1,1,Low,8,L-108,3,L-108-3,3'11,4'8,4,8,4.6667,1.4224,21'0,21,0,21,6.4008,0.222222222,556088.2372,556088.1476,405110.8052,405117.0859
330,556088.1963,405113.6714,1,1,Low,8,L-108,3,L-108-3,8'9,9'7,9,7,9.5833,2.921,21'0,21,0,21,6.4008,0.456349206,556088.2372,556088.1476,405110.8052,405117.0859
331,556088.1924,405113.9455,1,1,Low,8,L-108,3,L-108-3,9'9,10'6,10,6,10.5,3.2004,21'0,21,0,21,6.4008,0.5,556088.2372,556088.1476,405110.8052,405117.0859
332,556088.1853,405114.444,1,1,Low,8,L-108,3,L-108-3,11'4,12'2,12,2,12.1667,3.7084,21'0,21,0,21,6.4008,0.579365079,556088.2372,556088.1476,405110.8052,405117.0859
333,556088.1839,405114.5437,1,1,Low,8,L-108,3,L-108-3,11'10,12'6,12,6,12.5,3.81,21'0,21,0,21,6.4008,0.595238095,556088.2372,556088.1476,405110.8052,405117.0859
334,556088.1817,405114.6933,1,1,Low,8,L-108,3,L-108-3,12'2,13'0,13,0,13,3.9624,21'0,21,0,21,6.4008,0.619047619,556088.2372,556088.1476,405110.8052,405117.0859
335,556088.1807,405114.768,1,1,Low,8,L-108,3,L-108-3,12'5,13'3,13,3,13.25,4.0386,21'0,21,0,21,6.4008,0.630952381,556088.2372,556088.1476,405110.8052,405117.0859
336,556088.1721,405115.3662,0,1,Low,8,L-108,3,L-108-3,14'6,15'3,15,3,15.25,4.6482,21'0,21,0,21,6.4008,0.726190476,556088.2372,556088.1476,405110.8052,405117.0859
337,556088.1512,405116.8367,1,1,Low,8,L-108,3,L-108-3,19'7,20'2,20,2,20.1667,6.1468,21'0,21,0,21,6.4008,0.96031746,556088.2372,556088.1476,405110.8052,405117.0859
338,556088.1497,405116.9364,1,1,Low,8,L-108,3,L-108-3,20'0,20'6,20,6,20.5,6.2484,21'0,21,0,21,6.4008,0.976190476,556088.2372,556088.1476,405110.8052,405117.0859
339,556092.4214,405111.5209,1,1,Low,1,L-111,1,L-111-1,1'8,2'7,2,7,2.5833,0.7874,20'5,20,5,20.4167,6.223,0.126530612,556092.4153,556092.4639,405110.7403,405116.9096
340,556092.4312,405112.7548,1,1,Low,1,L-111,1,L-111-1,5'9,6'8,6,8,6.6667,2.032,20'5,20,5,20.4167,6.223,0.326530612,556092.4153,556092.4639,405110.7403,405116.9096
341,556092.4413,405114.039,0,1,Low,1,L-111,1,L-111-1,10'0,10'11,10,11,10.9167,3.3274,20'5,20,5,20.4167,6.223,0.534693878,556092.4153,556092.4639,405110.7403,405116.9096
342,556092.453,405115.5247,1,1,Low,1,L-111,1,L-111-1,15'0,15'10,15,10,15.8333,4.826,20'5,20,5,20.4167,6.223,0.775510204,556092.4153,556092.4639,405110.7403,405116.9096
343,556092.9492,405111.3548,0,1,Low,1,L-111,2,L-111-2,1'1,2'0,2,0,2,0.6096,20'5,20,5,20.4167,6.223,0.097959184,556092.9466,556092.9735,405110.7509,405116.9157
344,556092.9521,405112.009,1,1,Low,1,L-111,2,L-111-2,3'2,4'2,4,2,4.1667,1.27,20'5,20,5,20.4167,6.223,0.204081633,556092.9466,556092.9735,405110.7509,405116.9157
345,556092.9531,405112.2355,1,1,Low,1,L-111,2,L-111-2,4'0,4'11,4,11,4.9167,1.4986,20'5,20,5,20.4167,6.223,0.240816327,556092.9466,556092.9735,405110.7509,405116.9157
346,556092.9544,405112.5374,1,1,Low,1,L-111,2,L-111-2,5'0,5'11,5,11,5.9167,1.8034,20'5,20,5,20.4167,6.223,0.289795918,556092.9466,556092.9735,405110.7509,405116.9157
347,556092.9671,405115.4563,0,1,Low,1,L-111,2,L-111-2,14'8,15'7,15,7,15.5833,4.7498,20'5,20,5,20.4167,6.223,0.763265306,556092.9466,556092.9735,405110.7509,405116.9157
348,556092.97,405116.1105,0,1,Low,1,L-111,2,L-111-2,16'11,17'9,17,9,17.75,5.4102,20'5,20,5,20.4167,6.223,0.869387755,556092.9466,556092.9735,405110.7509,405116.9157
349,556092.9692,405115.9344,1,1,Low,1,L-111,2,L-111-2,17'3,17'2,17,2,17.1667,5.2324,20'5,20,5,20.4167,6.223,0.840816327,556092.9466,556092.9735,405110.7509,405116.9157
350,556093.4502,405112.0654,1,1,Low,1,L-111,3,L-111-3,3'4,4'5,4,5,4.4167,1.3462,20'5,20,5,20.4167,6.223,0.216326531,556093.4532,556093.4394,405110.7338,405116.8893
351,556093.4458,405114.0251,1,1,Low,1,L-111,3,L-111-3,10'0,10'11,10,11,10.9167,3.3274,20'5,20,5,20.4167,6.223,0.534693878,556093.4532,556093.4394,405110.7338,405116.8893
352,556093.4442,405114.7286,1,1,Low,1,L-111,3,L-111-3,12'2,13'3,13,3,13.25,4.0386,20'5,20,5,20.4167,6.223,0.648979592,556093.4532,556093.4394,405110.7338,405116.8893
353,556093.444,405114.8542,1,1,Low,1,L-111,3,L-111-3,12'9,13'8,13,8,13.6667,4.1656,20'5,20,5,20.4167,6.223,0.669387755,556093.4532,556093.4394,405110.7338,405116.8893
354,556093.4433,405115.1557,1,1,Low,1,L-111,3,L-111-3,13'8,14'8,14,8,14.6667,4.4704,20'5,20,5,20.4167,6.223,0.718367347,556093.4532,556093.4394,405110.7338,405116.8893
355,556093.4406,405116.3617,1,1,Low,1,L-111,3,L-111-3,17'9,18'8,18,8,18.6667,5.6896,20'5,20,5,20.4167,6.223,0.914285714,556093.4532,556093.4394,405110.7338,405116.8893
356,556093.4397,405116.7637,1,1,Low,1,L-111,3,L-111-3,19'1,20'0,20,0,20,6.096,20'5,20,5,20.4167,6.223,0.979591837,556093.4532,556093.4394,405110.7338,405116.8893
357,556043.4404,405073.0221,1,5,High,2,H-502,1,H-502-1,,4'1,4,1,4.0833,1.2446,22'3,22,3,22.25,6.7818,0.183520599,556043.4452,556043.4191,405071.7707,405078.5894
358,556043.4353,405074.3501,1,5,High,2,H-502,1,H-502-1,,8'5,8,5,8.4167,2.5654,22'3,22,3,22.25,6.7818,0.378277154,556043.4452,556043.4191,405071.7707,405078.5894
359,556043.4343,405074.6054,0,5,High,2,H-502,1,H-502-1,,9'3,9,3,9.25,2.8194,22'3,22,3,22.25,6.7818,0.415730337,556043.4452,556043.4191,405071.7707,405078.5894
360,556043.4237,405077.3891,1,5,High,2,H-502,1,H-502-1,,18'4,18,4,18.3333,5.588,22'3,22,3,22.25,6.7818,0.823970037,556043.4452,556043.4191,405071.7707,405078.5894
361,556043.4194,405078.5128,1,5,High,2,H-502,1,H-502-1,,22'0,22,0,22,6.7056,22'3,22,3,22.25,6.7818,0.988764045,556043.4452,556043.4191,405071.7707,405078.5894
362,556043.9737,405074.0657,0,5,High,2,H-502,2,H-502-2,,7'6,7,6,7.5,2.286,22'4,22,4,22.3333,6.8072,0.335820896,556044.015,556043.8919,405071.7716,405078.603
363,556043.9727,405074.1167,0,5,High,2,H-502,2,H-502-2,,7'8,7,8,7.6667,2.3368,22'4,22,4,22.3333,6.8072,0.343283582,556044.015,556043.8919,405071.7716,405078.603
364,556044.5958,405071.8771,0,5,High,2,H-502,3,H-502-3,,0'4,0,4,0.3333,0.1016,22'3,22,3,22.25,6.7818,0.014981273,556044.5983,556044.4297,405071.7749,405078.5939
365,556044.5945,405071.9281,0,5,High,2,H-502,3,H-502-3,,0'6,0,6,0.5,0.1524,22'3,22,3,22.25,6.7818,0.02247191,556044.5983,556044.4297,405071.7749,405078.5939
366,556044.4954,405075.9378,0,5,High,2,H-502,3,H-502-3,,13'7,13,7,13.5833,4.1402,22'3,22,3,22.25,6.7818,0.610486891,556044.5983,556044.4297,405071.7749,405078.5939
367,556056.1639,405075.2017,1,5,High,9,H-509,1,H-509-1,,11'6,11,6,11.5,3.5052,22'0,22,0,22,6.7056,0.522727273,556056.1571,556056.1702,405071.7081,405078.3915
368,556056.1654,405075.9612,1,5,High,9,H-509,1,H-509-1,,14'0,14,0,14,4.2672,22'0,22,0,22,6.7056,0.636363636,556056.1571,556056.1702,405071.7081,405078.3915
369,556056.1667,405076.5941,0,5,High,9,H-509,1,H-509-1,,16'1,16,1,16.0833,4.9022,22'0,22,0,22,6.7056,0.731060606,556056.1571,556056.1702,405071.7081,405078.3915
370,556056.1676,405077.0751,1,5,High,9,H-509,1,H-509-1,,17'8,17,8,17.6667,5.3848,22'0,22,0,22,6.7056,0.803030303,556056.1571,556056.1702,405071.7081,405078.3915
371,556056.1686,405077.5561,0,5,High,9,H-509,1,H-509-1,,19'3,19,3,19.25,5.8674,22'0,22,0,22,6.7056,0.875,556056.1571,556056.1702,405071.7081,405078.3915
372,556056.1686,405077.5814,0,5,High,9,H-509,1,H-509-1,,19'4,19,4,19.3333,5.8928,22'0,22,0,22,6.7056,0.878787879,556056.1571,556056.1702,405071.7081,405078.3915
373,556056.1688,405077.6573,1,5,High,9,H-509,1,H-509-1,,19'7,19,7,19.5833,5.969,22'0,22,0,22,6.7056,0.890151515,556056.1571,556056.1702,405071.7081,405078.3915
374,556056.7634,405072.9405,1,5,High,9,H-509,2,H-509-2,,4'1,4,1,4.0833,1.2446,21'10,21,10,21.8333,6.6548,0.187022901,556056.7686,556056.7407,405071.6871,405078.3891
375,556056.7468,405076.931,1,5,High,9,H-509,2,H-509-2,,17'1,17,1,17.0833,5.207,21'10,21,10,21.8333,6.6548,0.782442748,556056.7686,556056.7407,405071.6871,405078.3891
376,556057.2775,405072.7214,1,5,High,9,H-509,3,H-509-3,,3'5,3,5,3.4167,1.0414,22'0,22,0,22,6.7056,0.15530303,556057.2855,556057.2343,405071.6777,405078.3984
377,556057.2711,405073.5615,1,5,High,9,H-509,3,H-509-3,,6'2,6,2,6.1667,1.8796,22'0,22,0,22,6.7056,0.28030303,556057.2855,556057.2343,405071.6777,405078.3984
378,556057.2502,405076.3109,1,5,High,9,H-509,3,H-509-3,,15'2,15,2,15.1667,4.6228,22'0,22,0,22,6.7056,0.689393939,556057.2855,556057.2343,405071.6777,405078.3984
379,556057.2452,405076.9728,0,5,High,9,H-509,3,H-509-3,,17'4,17,4,17.3333,5.2832,22'0,22,0,22,6.7056,0.787878788,556057.2855,556057.2343,405071.6777,405078.3984
380,556057.2355,405078.2457,1,5,High,9,H-509,3,H-509-3,,21'6,21,6,21.5,6.5532,22'0,22,0,22,6.7056,0.977272727,556057.2855,556057.2343,405071.6777,405078.3984
381,556078.3326,405073.6959,1,5,Low,3,L-503,1,L-503-1,,6'10,6,10,6.8333,2.0828,20'9,20,9,20.75,6.3246,0.329317269,556078.3516,556078.2938,405071.5675,405078.0306
382,556078.3015,405077.174,0,5,Low,3,L-503,1,L-503-1,,18'0,18,0,18,5.4864,20'9,20,9,20.75,6.3246,0.86746988,556078.3516,556078.2938,405071.5675,405078.0306
383,556078.2982,405077.5374,0,5,Low,3,L-503,1,L-503-1,,19'2,19,2,19.1667,5.842,20'9,20,9,20.75,6.3246,0.923694779,556078.3516,556078.2938,405071.5675,405078.0306
384,556078.2952,405077.8749,0,5,Low,3,L-503,1,L-503-1,,20'3,20,3,20.25,6.1722,20'9,20,9,20.75,6.3246,0.975903614,556078.3516,556078.2938,405071.5675,405078.0306
385,556078.8209,405073.031,1,5,Low,3,L-503,2,L-503-2,,4'10,4,10,4.8333,1.4732,21'4,21,4,21.3333,6.5024,0.2265625,556078.8245,556078.8084,405071.5669,405078.029
386,556078.8147,405075.5047,0,5,Low,3,L-503,2,L-503-2,,13'0,13,0,13,3.9624,21'4,21,4,21.3333,6.5024,0.609375,556078.8245,556078.8084,405071.5669,405078.029
387,556078.8145,405075.5805,0,5,Low,3,L-503,2,L-503-2,,13'3,13,3,13.25,4.0386,21'4,21,4,21.3333,6.5024,0.62109375,556078.8245,556078.8084,405071.5669,405078.029
388,556079.3097,405074.068,0,5,Low,3,L-503,3,L-503-3,,8'3,8,3,8.25,2.5146,21'3,21,3,21.25,6.477,0.388235294,556079.3111,556079.3076,405071.5561,405078.0262
389,556079.3094,405074.6516,1,5,Low,3,L-503,3,L-503-3,,10'2,10,2,10.1667,3.0988,21'3,21,3,21.25,6.477,0.478431373,556079.3111,556079.3076,405071.5561,405078.0262
390,556079.3078,405077.6456,1,5,Low,3,L-503,3,L-503-3,,20'0,20,0,20,6.096,21'3,21,3,21.25,6.477,0.941176471,556079.3111,556079.3076,405071.5561,405078.0262
391,556079.3077,405077.7978,1,5,Low,3,L-503,3,L-503-3,,20'6,20,6,20.5,6.2484,21'3,21,3,21.25,6.477,0.964705882,556079.3111,556079.3076,405071.5561,405078.0262
392,556092.6759,405074.015,1,5,Low,1,L-511,1,L-511-1,,7'9,7,9,7.75,2.3622,20'4,20,4,20.3333,6.1976,0.381147541,556092.6766,556092.6748,405071.665,405077.8307
393,556092.6754,405075.607,1,5,Low,1,L-511,1,L-511-1,,13'0,13,0,13,3.9624,20'4,20,4,20.3333,6.1976,0.639344262,556092.6766,556092.6748,405071.665,405077.8307
394,556092.6754,405075.7081,1,5,Low,1,L-511,1,L-511-1,,13'4,13,4,13.3333,4.064,20'4,20,4,20.3333,6.1976,0.655737705,556092.6766,556092.6748,405071.665,405077.8307
395,556092.6754,405075.9355,1,5,Low,1,L-511,1,L-511-1,,14'1,14,1,14.0833,4.2926,20'4,20,4,20.3333,6.1976,0.692622951,556092.6766,556092.6748,405071.665,405077.8307
396,556092.6753,405076.0871,0,5,Low,1,L-511,1,L-511-1,,14'7,14,7,14.5833,4.445,20'4,20,4,20.3333,6.1976,0.717213115,556092.6766,556092.6748,405071.665,405077.8307
397,556093.2338,405073.9456,0,5,Low,1,L-511,2,L-511-2,,7'7,7,7,7.5833,2.3114,20'7,20,7,20.5833,6.2738,0.368421053,556093.2336,556093.2341,405071.6658,405077.8537
398,556093.234,405076.1251,1,5,Low,1,L-511,2,L-511-2,,14'10,14,10,14.8333,4.5212,20'7,20,7,20.5833,6.2738,0.720647773,556093.2336,556093.2341,405071.6658,405077.8537
399,556093.234,405076.6011,0,5,Low,1,L-511,2,L-511-2,,16'5,16,5,16.4167,5.0038,20'7,20,7,20.5833,6.2738,0.79757085,556093.2336,556093.2341,405071.6658,405077.8537
400,556093.2341,405077.6282,1,5,Low,1,L-511,2,L-511-2,,19'10,19,10,19.8333,6.0452,20'7,20,7,20.5833,6.2738,0.963562753,556093.2336,556093.2341,405071.6658,405077.8537
401,556093.2336,405072.1167,1,5,Low,1,L-511,2,L-511-2,,1'6,1,6,1.5,0.4572,20'7,20,7,20.5833,6.2738,0.072874494,556093.2336,556093.2341,405071.6658,405077.8537
402,556103.6148,405081.5232,0,4,Low,7,L-417,1,L-417-1,,0'8,0,8,0.6667,0.2032,20'4,20,4,20.3333,6.1976,0.032786885,556103.6149,556103.6124,405081.3216,405087.4718
403,556104.1363,405082.074,1,4,Low,7,L-417,2,L-417-2,,2'6,2,6,2.5,0.762,20'5,20,5,20.4167,6.223,0.12244898,556104.1415,556104.0989,405081.3212,405087.4689
404,556104.1279,405083.2784,1,4,Low,7,L-417,2,L-417-2,,6'6,6,6,6.5,1.9812,20'5,20,5,20.4167,6.223,0.318367347,556104.1415,556104.0989,405081.3212,405087.4689
405,556104.1262,405083.5294,0,4,Low,7,L-417,2,L-417-2,,7'4,7,4,7.3333,2.2352,20'5,20,5,20.4167,6.223,0.359183673,556104.1415,556104.0989,405081.3212,405087.4689
406,556104.1135,405085.3611,1,4,Low,7,L-417,2,L-417-2,,13'5,13,5,13.4167,4.0894,20'5,20,5,20.4167,6.223,0.657142857,556104.1415,556104.0989,405081.3212,405087.4689
407,556104.6389,405083.6283,1,4,Low,7,L-417,3,L-417-3,,7'9,7,9,7.75,2.3622,20'6,20,6,20.5,6.2484,0.37804878,556104.7025,556104.5343,405081.2965,405087.4646
408,556104.6375,405083.6785,0,4,Low,7,L-417,3,L-417-3,,7'11,7,11,7.9167,2.413,20'6,20,6,20.5,6.2484,0.386178862,556104.7025,556104.5343,405081.2965,405087.4646
409,556104.6191,405084.3555,1,4,Low,7,L-417,3,L-417-3,,10'2,10,2,10.1667,3.0988,20'6,20,6,20.5,6.2484,0.495934959,556104.7025,556104.5343,405081.2965,405087.4646
410,556104.6075,405084.7817,1,4,Low,7,L-417,3,L-417-3,,11'7,11,7,11.5833,3.5306,20'6,20,6,20.5,6.2484,0.56504065,556104.7025,556104.5343,405081.2965,405087.4646
411,556104.5849,405085.6092,0,4,Low,7,L-417,3,L-417-3,,14'4,14,4,14.3333,4.3688,20'6,20,6,20.5,6.2484,0.699186992,556104.7025,556104.5343,405081.2965,405087.4646
412,556104.5726,405086.0605,0,4,Low,7,L-417,3,L-417-3,,15'10,15,10,15.8333,4.826,20'6,20,6,20.5,6.2484,0.772357724,556104.7025,556104.5343,405081.2965,405087.4646
413,556104.5644,405086.3614,0,4,Low,7,L-417,3,L-417-3,,16'10,16,10,16.8333,5.1308,20'6,20,6,20.5,6.2484,0.821138211,556104.7025,556104.5343,405081.2965,405087.4646
414,556083.5056,405082.9248,1,4,Low,6,L-406,1,L-406-1,,4'6,4,6,4.5,1.3716,20'2,20,2,20.1667,6.1468,0.223140496,556083.5021,556083.5177,405081.5413,405087.7415
415,556083.5139,405086.2299,1,4,Low,6,L-406,1,L-406-1,,15'3,15,3,15.25,4.6482,20'2,20,2,20.1667,6.1468,0.756198347,556083.5021,556083.5177,405081.5413,405087.7415
416,556083.5149,405086.6142,1,4,Low,6,L-406,1,L-406-1,,16'6,16,6,16.5,5.0292,20'2,20,2,20.1667,6.1468,0.818181818,556083.5021,556083.5177,405081.5413,405087.7415
417,556084.5178,405084.6691,0,4,Low,6,L-406,3,L-406-3,,10'4,10,4,10.3333,3.1496,20'3,20,3,20.25,6.1722,0.510288066,556084.549,556084.4878,405081.5015,405087.709
418,556059.7665,405083.0586,1,4,High,1,H-411,1,H-411-1,,4'6,4,6,4.5,1.3716,21'0,21,0,21,6.4008,0.214285714,556059.7896,556059.682,405081.698,405088.0475
419,556059.7589,405083.5121,1,4,High,1,H-411,1,H-411-1,,6'0,6,0,6,1.8288,21'0,21,0,21,6.4008,0.285714286,556059.7896,556059.682,405081.698,405088.0475
420,556059.7367,405084.8224,1,4,High,1,H-411,1,H-411-1,,10'4,10,4,10.3333,3.1496,21'0,21,0,21,6.4008,0.492063492,556059.7896,556059.682,405081.698,405088.0475
421,556059.6905,405087.5436,0,4,High,1,H-411,1,H-411-1,,19'4,19,4,19.3333,5.8928,21'0,21,0,21,6.4008,0.920634921,556059.7896,556059.682,405081.698,405088.0475
422,556059.6846,405087.8963,1,4,High,1,H-411,1,H-411-1,,20'6,20,6,20.5,6.2484,21'0,21,0,21,6.4008,0.976190476,556059.7896,556059.682,405081.698,405088.0475
423,556059.6829,405087.9971,0,4,High,1,H-411,1,H-411-1,,20'10,20,10,20.8333,6.35,21'0,21,0,21,6.4008,0.992063492,556059.7896,556059.682,405081.698,405088.0475
424,556060.2667,405083.0886,1,4,High,1,H-411,2,H-411-2,,4'7,4,7,4.5833,1.397,21'0,21,0,21,6.4008,0.218253968,556060.2858,556060.1983,405081.7074,405088.0358
425,556060.266,405083.1388,1,4,High,1,H-411,2,H-411-2,,4'9,4,9,4.75,1.4478,21'0,21,0,21,6.4008,0.226190476,556060.2858,556060.1983,405081.7074,405088.0358
426,556060.2452,405084.6456,1,4,High,1,H-411,2,H-411-2,,9'9,9,9,9.75,2.9718,21'0,21,0,21,6.4008,0.464285714,556060.2858,556060.1983,405081.7074,405088.0358
427,556060.2407,405084.9721,1,4,High,1,H-411,2,H-411-2,,10'10,10,10,10.8333,3.302,21'0,21,0,21,6.4008,0.515873016,556060.2858,556060.1983,405081.7074,405088.0358
428,556060.2389,405085.0976,1,4,High,1,H-411,2,H-411-2,,11'3,11,3,11.25,3.429,21'0,21,0,21,6.4008,0.535714286,556060.2858,556060.1983,405081.7074,405088.0358
429,556060.2372,405085.2232,1,4,High,1,H-411,2,H-411-2,,11'8,11,8,11.6667,3.556,21'0,21,0,21,6.4008,0.555555556,556060.2858,556060.1983,405081.7074,405088.0358
430,556060.7872,405082.4138,0,4,High,1,H-411,3,H-411-3,,2'5,2,5,2.4167,0.7366,21'4,21,4,21.3333,6.5024,0.11328125,556060.7932,556060.7406,405081.6935,405088.0521
431,556060.7846,405082.7367,1,4,High,1,H-411,3,H-411-3,,3'6,3,6,3.5,1.0668,21'4,21,4,21.3333,6.5024,0.1640625,556060.7932,556060.7406,405081.6935,405088.0521
432,556060.7823,405083.0099,1,4,High,1,H-411,3,H-411-3,,4'5,4,5,4.4167,1.3462,21'4,21,4,21.3333,6.5024,0.20703125,556060.7932,556060.7406,405081.6935,405088.0521
433,556060.7803,405083.2583,1,4,High,1,H-411,3,H-411-3,,5'3,5,3,5.25,1.6002,21'4,21,4,21.3333,6.5024,0.24609375,556060.7932,556060.7406,405081.6935,405088.0521
434,556060.7675,405084.7983,1,4,High,1,H-411,3,H-411-3,,10'5,10,5,10.4167,3.175,21'4,21,4,21.3333,6.5024,0.48828125,556060.7932,556060.7406,405081.6935,405088.0521
435,556060.7544,405086.3879,1,4,High,1,H-411,3,H-411-3,,15'9,15,9,15.75,4.8006,21'4,21,4,21.3333,6.5024,0.73828125,556060.7932,556060.7406,405081.6935,405088.0521
436,556048.7374,405084.2557,0,4,High,5,H-405,1,H-405-1,,8'0,8,0,8,2.4384,21'3,21,3,21.25,6.477,0.376470588,556048.733,556048.7447,405081.814,405088.2997
437,556048.74,405085.68,0,4,High,5,H-405,1,H-405-1,,12'8,12,8,12.6667,3.8608,21'3,21,3,21.25,6.477,0.596078431,556048.733,556048.7447,405081.814,405088.2997
438,556048.7402,405085.8326,0,4,High,5,H-405,1,H-405-1,,13'2,13,2,13.1667,4.0132,21'3,21,3,21.25,6.477,0.619607843,556048.733,556048.7447,405081.814,405088.2997
439,556049.2797,405082.1376,0,4,High,5,H-405,2,H-405-2,,1'1,1,1,1.0833,0.3302,21'2,21,2,21.1667,6.4516,0.051181102,556049.2796,556049.2825,405081.806,405088.2849
440,556049.2803,405083.413,1,4,High,5,H-405,2,H-405-2,,5'3,5,3,5.25,1.6002,21'2,21,2,21.1667,6.4516,0.248031496,556049.2796,556049.2825,405081.806,405088.2849
441,556049.2808,405084.4333,0,4,High,5,H-405,2,H-405-2,,8'7,8,7,8.5833,2.6162,21'2,21,2,21.1667,6.4516,0.405511811,556049.2796,556049.2825,405081.806,405088.2849
442,556049.2811,405085.224,1,4,High,5,H-405,2,H-405-2,,11'2,11,2,11.1667,3.4036,21'2,21,2,21.1667,6.4516,0.527559055,556049.2796,556049.2825,405081.806,405088.2849
443,556049.2812,405085.275,1,4,High,5,H-405,2,H-405-2,,11'4,11,4,11.3333,3.4544,21'2,21,2,21.1667,6.4516,0.535433071,556049.2796,556049.2825,405081.806,405088.2849
444,556049.8028,405084.319,1,4,High,5,H-405,3,H-405-3,,8'3,8,3,8.25,2.5146,21'3,21,3,21.25,6.477,0.388235294,556049.8181,556049.7787,405081.8089,405088.2743
445,556049.8023,405084.3951,0,4,High,5,H-405,3,H-405-3,,8'6,8,6,8.5,2.5908,21'3,21,3,21.25,6.477,0.4,556049.8181,556049.7787,405081.8089,405088.2743
446,556049.7942,405085.7388,1,4,High,5,H-405,3,H-405-3,,12'11,12,11,12.9167,3.937,21'3,21,3,21.25,6.477,0.607843137,556049.8181,556049.7787,405081.8089,405088.2743
447,556049.7844,405087.3362,1,4,High,5,H-405,3,H-405-3,,18'2,18,2,18.1667,5.5372,21'3,21,3,21.25,6.477,0.854901961,556049.8181,556049.7787,405081.8089,405088.2743
448,556050.5667,405092.3849,1,3,High,6,H-306,1,H-306-1,,2'6,2,6,2.5,0.762,20'7,20,7,20.5833,6.2738,0.12145749,556050.5693,556050.5479,405091.6253,405097.8797
449,556050.5663,405092.5116,0,3,High,6,H-306,1,H-306-1,,2'11,2,11,2.9167,0.889,20'7,20,7,20.5833,6.2738,0.141700405,556050.5693,556050.5479,405091.6253,405097.8797
450,556050.5633,405093.3725,0,3,High,6,H-306,1,H-306-1,,5'9,5,9,5.75,1.7526,20'7,20,7,20.5833,6.2738,0.279352227,556050.5693,556050.5479,405091.6253,405097.8797
451,556050.5631,405093.4231,1,3,High,6,H-306,1,H-306-1,,5'11,5,11,5.9167,1.8034,20'7,20,7,20.5833,6.2738,0.287449393,556050.5693,556050.5479,405091.6253,405097.8797
452,556050.559,405094.6386,1,3,High,6,H-306,1,H-306-1,,9'11,9,11,9.9167,3.0226,20'7,20,7,20.5833,6.2738,0.481781377,556050.5693,556050.5479,405091.6253,405097.8797
453,556050.5577,405095.0184,1,3,High,6,H-306,1,H-306-1,,11'2,11,2,11.1667,3.4036,20'7,20,7,20.5833,6.2738,0.542510121,556050.5693,556050.5479,405091.6253,405097.8797
454,556050.5564,405095.3982,0,3,High,6,H-306,1,H-306-1,,12'5,12,5,12.4167,3.7846,20'7,20,7,20.5833,6.2738,0.603238866,556050.5693,556050.5479,405091.6253,405097.8797
455,556050.5561,405095.4742,0,3,High,6,H-306,1,H-306-1,,12'8,12,8,12.6667,3.8608,20'7,20,7,20.5833,6.2738,0.615384615,556050.5693,556050.5479,405091.6253,405097.8797
456,556051.1328,405091.7163,1,3,High,6,H-306,2,H-306-2,,0'4,0,4,0.3333,0.1016,20'7,20,7,20.5833,6.2738,0.016194332,556051.1335,556051.0873,405091.615,405097.8726
457,556051.1266,405092.5524,1,3,High,6,H-306,2,H-306-2,,3'1,3,1,3.0833,0.9398,20'7,20,7,20.5833,6.2738,0.149797571,556051.1335,556051.0873,405091.615,405097.8726
458,556051.1118,405094.5538,0,3,High,6,H-306,2,H-306-2,,9'8,9,8,9.6667,2.9464,20'7,20,7,20.5833,6.2738,0.469635628,556051.1335,556051.0873,405091.615,405097.8726
459,556051.1008,405096.0485,0,3,High,6,H-306,2,H-306-2,,14'7,14,7,14.5833,4.445,20'7,20,7,20.5833,6.2738,0.708502024,556051.1335,556051.0873,405091.615,405097.8726
460,556051.0978,405096.4539,0,3,High,6,H-306,2,H-306-2,,15'11,15,11,15.9167,4.8514,20'7,20,7,20.5833,6.2738,0.773279352,556051.1335,556051.0873,405091.615,405097.8726
461,556051.0942,405096.9352,1,3,High,6,H-306,2,H-306-2,,17'6,17,6,17.5,5.334,20'7,20,7,20.5833,6.2738,0.850202429,556051.1335,556051.0873,405091.615,405097.8726
462,556051.658,405092.0804,1,3,High,6,H-306,3,H-306-3,,1'6,1,6,1.5,0.4572,20'7,20,7,20.5833,6.2738,0.072874494,556051.6608,556051.6218,405091.6257,405097.8656
463,556051.657,405092.232,0,3,High,6,H-306,3,H-306-3,,2'0,2,0,2,0.6096,20'7,20,7,20.5833,6.2738,0.097165992,556051.6608,556051.6218,405091.6257,405097.8656
464,556051.6559,405092.4088,0,3,High,6,H-306,3,H-306-3,,2'7,2,7,2.5833,0.7874,20'7,20,7,20.5833,6.2738,0.125506073,556051.6608,556051.6218,405091.6257,405097.8656
465,556051.6543,405092.6615,0,3,High,6,H-306,3,H-306-3,,3'5,3,5,3.4167,1.0414,20'7,20,7,20.5833,6.2738,0.165991903,556051.6608,556051.6218,405091.6257,405097.8656
466,556051.6363,405095.5414,0,3,High,6,H-306,3,H-306-3,,12'11,12,11,12.9167,3.937,20'7,20,7,20.5833,6.2738,0.627530364,556051.6608,556051.6218,405091.6257,405097.8656
467,556051.6335,405095.9962,1,3,High,6,H-306,3,H-306-3,,14'5,14,5,14.4167,4.3942,20'7,20,7,20.5833,6.2738,0.700404858,556051.6608,556051.6218,405091.6257,405097.8656
468,556051.6254,405097.2846,0,3,High,6,H-306,3,H-306-3,,18'8,18,8,18.6667,5.6896,20'7,20,7,20.5833,6.2738,0.906882591,556051.6608,556051.6218,405091.6257,405097.8656
469,556051.6227,405097.714,1,3,High,6,H-306,3,H-306-3,,20'1,20,1,20.0833,6.1214,20'7,20,7,20.5833,6.2738,0.975708502,556051.6608,556051.6218,405091.6257,405097.8656
470,556061.5316,405092.8883,1,3,High,2,H-312,1,H-312-1,,5'0,5,0,5,1.524,21'0,21,0,21,6.4008,0.238095238,556061.5315,556061.532,405091.3809,405097.7121
471,556061.5317,405093.5918,1,3,High,2,H-312,1,H-312-1,,7'4,7,4,7.3333,2.2352,21'0,21,0,21,6.4008,0.349206349,556061.5315,556061.532,405091.3809,405097.7121
472,556061.5319,405096.8579,0,3,High,2,H-312,1,H-312-1,,18'2,18,2,18.1667,5.5372,21'0,21,0,21,6.4008,0.865079365,556061.5315,556061.532,405091.3809,405097.7121
473,556061.9981,405094.8244,1,3,High,2,H-312,2,H-312-2,,11'5,11,5,11.4167,3.4798,21'0,21,0,21,6.4008,0.543650794,556061.9804,556062.0129,405091.3745,405097.7203
474,556062.0119,405097.5188,0,3,High,2,H-312,2,H-312-2,,20'4,20,4,20.3333,6.1976,21'0,21,0,21,6.4008,0.968253968,556061.9804,556062.0129,405091.3745,405097.7203
475,556062.5384,405091.6387,1,3,High,2,H-312,3,H-312-3,,0'10,0,10,0.8333,0.254,21'0,21,0,21,6.4008,0.03968254,556062.5388,556062.5298,405091.3876,405097.7142
476,556062.5351,405093.9986,0,3,High,2,H-312,3,H-312-3,,8'8,8,8,8.6667,2.6416,21'0,21,0,21,6.4008,0.412698413,556062.5388,556062.5298,405091.3876,405097.7142
477,556062.5323,405095.9317,1,3,High,2,H-312,3,H-312-3,,15'1,15,1,15.0833,4.5974,21'0,21,0,21,6.4008,0.718253968,556062.5388,556062.5298,405091.3876,405097.7142
478,556062.5306,405097.1368,1,3,High,2,H-312,3,H-312-3,,19'1,19,1,19.0833,5.8166,21'0,21,0,21,6.4008,0.908730159,556062.5388,556062.5298,405091.3876,405097.7142
479,556081.6399,405095.0862,0,3,Low,5,L-305,1,L-305-1,,12'6,12,6,12.5,3.81,20'6,20,6,20.5,6.2484,0.609756098,556081.6651,556081.6238,405091.299,405097.51
480,556082.1576,405093.6576,1,3,Low,5,L-305,2,L-305-2,,7'9,7,9,7.75,2.3622,20'6,20,6,20.5,6.2484,0.37804878,556082.186,556082.111,405091.3041,405097.5294
481,556082.1552,405093.86,0,3,Low,5,L-305,2,L-305-2,,8'5,8,5,8.4167,2.5654,20'6,20,6,20.5,6.2484,0.410569106,556082.186,556082.111,405091.3041,405097.5294
482,556082.1488,405094.3914,0,3,Low,5,L-305,2,L-305-2,,10'2,10,2,10.1667,3.0988,20'6,20,6,20.5,6.2484,0.495934959,556082.186,556082.111,405091.3041,405097.5294
483,556082.1308,405095.8845,1,3,Low,5,L-305,2,L-305-2,,15'1,15,1,15.0833,4.5974,20'6,20,6,20.5,6.2484,0.735772358,556082.186,556082.111,405091.3041,405097.5294
484,556082.1229,405096.5425,0,3,Low,5,L-305,2,L-305-2,,17'3,17,3,17.25,5.2578,20'6,20,6,20.5,6.2484,0.841463415,556082.186,556082.111,405091.3041,405097.5294
485,556082.1189,405096.8714,1,3,Low,5,L-305,2,L-305-2,,18'4,18,4,18.3333,5.588,20'6,20,6,20.5,6.2484,0.894308943,556082.186,556082.111,405091.3041,405097.5294
486,556082.1144,405097.251,1,3,Low,5,L-305,2,L-305-2,,19'7,19,7,19.5833,5.969,20'6,20,6,20.5,6.2484,0.955284553,556082.186,556082.111,405091.3041,405097.5294
487,556082.673,405093.4813,0,3,Low,5,L-305,3,L-305-3,,7'3,7,3,7.25,2.2098,20'6,20,6,20.5,6.2484,0.353658537,556082.727,556082.5744,405091.2771,405097.5097
488,556082.611,405096.0149,1,3,Low,5,L-305,3,L-305-3,,15'7,15,7,15.5833,4.7498,20'6,20,6,20.5,6.2484,0.760162602,556082.727,556082.5744,405091.2771,405097.5097
489,556100.0626,405094.2509,1,3,Low,5,L-315,1,L-315-1,,10'8,10,8,10.6667,3.2512,20'9,20,9,20.75,6.3246,0.514056225,556100.1064,556100.0211,405091.0513,405097.2755
490,556100.0396,405095.9257,1,3,Low,5,L-315,1,L-315-1,,16'3,16,3,16.25,4.953,20'9,20,9,20.75,6.3246,0.78313253,556100.1064,556100.0211,405091.0513,405097.2755
491,556100.536,405094.1935,0,3,Low,5,L-315,2,L-315-2,,10'6,10,6,10.5,3.2004,20'9,20,9,20.75,6.3246,0.506024096,556100.5897,556100.4836,405091.0395,405097.2724
492,556101.0556,405091.5567,0,3,Low,5,L-315,3,L-315-3,,1'8,1,8,1.6667,0.508,20'8,20,8,20.6667,6.2992,0.080645161,556101.065,556100.9485,405091.0555,405097.2705
493,556101.0542,405091.6319,1,3,Low,5,L-315,3,L-315-3,,1'11,1,11,1.9167,0.5842,20'8,20,8,20.6667,6.2992,0.092741935,556101.065,556100.9485,405091.0555,405097.2705
494,556100.9579,405096.7693,1,3,Low,5,L-315,3,L-315-3,,19'0,19,0,19,5.7912,20'8,20,8,20.6667,6.2992,0.919354839,556101.065,556100.9485,405091.0555,405097.2705
495,556099.96,405100.901,1,2,Low,5,L-215,1,L-215-1,,0'9,0,9,0.75,0.2286,20'8,20,8,20.6667,6.2992,0.036290323,556099.9608,556099.9382,405100.6772,405106.8451
496,556099.9573,405101.6223,1,2,Low,5,L-215,1,L-215-1,,3'2,3,2,3.1667,0.9652,20'8,20,8,20.6667,6.2992,0.153225806,556099.9608,556099.9382,405100.6772,405106.8451
497,556099.9481,405104.1342,1,2,Low,5,L-215,1,L-215-1,,11'7,11,7,11.5833,3.5306,20'8,20,8,20.6667,6.2992,0.560483871,556099.9608,556099.9382,405100.6772,405106.8451
498,556100.4621,405103.865,1,2,Low,5,L-215,2,L-215-2,,10'7,10,7,10.5833,3.2258,20'7,20,7,20.5833,6.2738,0.51417004,556100.4856,556100.4398,405100.688,405106.8668
499,556100.4591,405104.2652,1,2,Low,5,L-215,2,L-215-2,,11'11,11,11,11.9167,3.6322,20'7,20,7,20.5833,6.2738,0.578947368,556100.4856,556100.4398,405100.688,405106.8668
500,556100.4556,405104.7405,1,2,Low,5,L-215,2,L-215-2,,13'6,13,6,13.5,4.1148,20'7,20,7,20.5833,6.2738,0.655870445,556100.4856,556100.4398,405100.688,405106.8668
501,556100.4537,405104.9906,1,2,Low,5,L-215,2,L-215-2,,14'4,14,4,14.3333,4.3688,20'7,20,7,20.5833,6.2738,0.696356275,556100.4856,556100.4398,405100.688,405106.8668
502,556100.4468,405105.9162,0,2,Low,5,L-215,2,L-215-2,,17'5,17,5,17.4167,5.3086,20'7,20,7,20.5833,6.2738,0.846153846,556100.4856,556100.4398,405100.688,405106.8668
503,556100.4439,405106.3165,0,2,Low,5,L-215,2,L-215-2,,18'9,18,9,18.75,5.715,20'7,20,7,20.5833,6.2738,0.910931174,556100.4856,556100.4398,405100.688,405106.8668
504,556100.4422,405106.5416,0,2,Low,5,L-215,2,L-215-2,,19'6,19,6,19.5,5.9436,20'7,20,7,20.5833,6.2738,0.947368421,556100.4856,556100.4398,405100.688,405106.8668
505,556100.9337,405103.2972,0,2,Low,5,L-215,3,L-215-3,,8'8,8,8,8.6667,2.6416,20'5,20,5,20.4167,6.223,0.424489796,556100.9473,556100.9153,405100.6871,405106.836
506,556100.9311,405103.7992,1,2,Low,5,L-215,3,L-215-3,,10'4,10,4,10.3333,3.1496,20'5,20,5,20.4167,6.223,0.506122449,556100.9473,556100.9153,405100.6871,405106.836
507,556100.9295,405104.1004,0,2,Low,5,L-215,3,L-215-3,,11'4,11,4,11.3333,3.4544,20'5,20,5,20.4167,6.223,0.555102041,556100.9473,556100.9153,405100.6871,405106.836
508,556100.9255,405104.8784,1,2,Low,5,L-215,3,L-215-3,,13'11,13,11,13.9167,4.2418,20'5,20,5,20.4167,6.223,0.681632653,556100.9473,556100.9153,405100.6871,405106.836
509,556100.9182,405106.2839,0,2,Low,5,L-215,3,L-215-3,,18'7,18,7,18.5833,5.6642,20'5,20,5,20.4167,6.223,0.910204082,556100.9473,556100.9153,405100.6871,405106.836
511,556076.2677,405101.3729,1,2,Low,2,L-202,1,L-202-1,,0'9,0,9,0.75,0.2286,20'2,20,2,20.1667,6.1468,0.037190083,556076.2692,556076.2287,405101.1473,405107.2127
512,556076.2583,405102.7764,0,2,Low,2,L-202,1,L-202-1,,5'5,5,5,5.4167,1.651,20'2,20,2,20.1667,6.1468,0.268595041,556076.2692,556076.2287,405101.1473,405107.2127
513,556076.2501,405104.0046,0,2,Low,2,L-202,1,L-202-1,,9'6,9,6,9.5,2.8956,20'2,20,2,20.1667,6.1468,0.47107438,556076.2692,556076.2287,405101.1473,405107.2127
514,556076.2434,405105.0071,0,2,Low,2,L-202,1,L-202-1,,12'10,12,10,12.8333,3.9116,20'2,20,2,20.1667,6.1468,0.636363636,556076.2692,556076.2287,405101.1473,405107.2127
515,556077.3076,405102.88,0,2,Low,2,L-202,3,L-202-3,,5'11,5,11,5.9167,1.8034,20'4,20,4,20.3333,6.1976,0.290983607,556077.3304,556077.2522,405101.1064,405107.2017
516,556077.2807,405104.9784,1,2,Low,2,L-202,3,L-202-3,,12'11,12,11,12.9167,3.937,20'4,20,4,20.3333,6.1976,0.635245902,556077.3304,556077.2522,405101.1064,405107.2017
517,556077.266,405106.1275,0,2,Low,2,L-202,3,L-202-3,,16'9,16,9,16.75,5.1054,20'4,20,4,20.3333,6.1976,0.823770492,556077.3304,556077.2522,405101.1064,405107.2017
518,556070.5382,405102.2766,0,2,High,7,H-217,1,H-217-1,,3'4,3,4,3.3333,1.016,20'2,20,2,20.1667,6.1468,0.165289256,556070.5407,556070.5254,405101.2836,405107.2914
519,556070.5379,405102.3759,1,2,High,7,H-217,1,H-217-1,,3'8,3,8,3.6667,1.1176,20'2,20,2,20.1667,6.1468,0.181818182,556070.5407,556070.5254,405101.2836,405107.2914
520,556070.5377,405102.4504,1,2,High,7,H-217,1,H-217-1,,3'11,3,11,3.9167,1.1938,20'2,20,2,20.1667,6.1468,0.194214876,556070.5407,556070.5254,405101.2836,405107.2914
521,556070.537,405102.7235,0,2,High,7,H-217,1,H-217-1,,4'10,4,10,4.8333,1.4732,20'2,20,2,20.1667,6.1468,0.239669421,556070.5407,556070.5254,405101.2836,405107.2914
522,556070.5363,405103.0214,0,2,High,7,H-217,1,H-217-1,,5'10,5,10,5.8333,1.778,20'2,20,2,20.1667,6.1468,0.289256198,556070.5407,556070.5254,405101.2836,405107.2914
523,556070.5355,405103.3193,1,2,High,7,H-217,1,H-217-1,,6'10,6,10,6.8333,2.0828,20'2,20,2,20.1667,6.1468,0.338842975,556070.5407,556070.5254,405101.2836,405107.2914
524,556070.534,405103.9151,1,2,High,7,H-217,1,H-217-1,,8'10,8,10,8.8333,2.6924,20'2,20,2,20.1667,6.1468,0.438016529,556070.5407,556070.5254,405101.2836,405107.2914
525,556070.5339,405103.9648,0,2,High,7,H-217,1,H-217-1,,9'0,9,0,9,2.7432,20'2,20,2,20.1667,6.1468,0.446280992,556070.5407,556070.5254,405101.2836,405107.2914
526,556070.5269,405106.6956,1,2,High,7,H-217,1,H-217-1,,18'2,18,2,18.1667,5.5372,20'2,20,2,20.1667,6.1468,0.900826446,556070.5407,556070.5254,405101.2836,405107.2914
527,556071.0904,405103.659,0,2,High,7,H-217,2,H-217-2,,8'0,8,0,8,2.4384,20'2,20,2,20.1667,6.1468,0.396694215,556071.0993,556071.0769,405101.2788,405107.2789
528,556071.0885,405104.1797,0,2,High,7,H-217,2,H-217-2,,9'9,9,9,9.75,2.9718,20'2,20,2,20.1667,6.1468,0.483471074,556071.0993,556071.0769,405101.2788,405107.2789
529,556071.6025,405101.6236,0,2,High,7,H-217,3,H-217-3,,1'2,1,2,1.1667,0.3556,20'3,20,3,20.25,6.1722,0.057613169,556071.605,556071.5618,405101.2783,405107.2716
530,556071.6006,405101.8949,1,2,High,7,H-217,3,H-217-3,,2'1,2,1,2.0833,0.635,20'3,20,3,20.25,6.1722,0.102880658,556071.605,556071.5618,405101.2783,405107.2716
531,556071.5911,405103.2021,0,2,High,7,H-217,3,H-217-3,,6'6,6,6,6.5,1.9812,20'3,20,3,20.25,6.1722,0.320987654,556071.605,556071.5618,405101.2783,405107.2716
532,556071.5885,405103.572,1,2,High,7,H-217,3,H-217-3,,7'9,7,9,7.75,2.3622,20'3,20,3,20.25,6.1722,0.382716049,556071.605,556071.5618,405101.2783,405107.2716
533,556071.5828,405104.3613,0,2,High,7,H-217,3,H-217-3,,10'5,10,5,10.4167,3.175,20'3,20,3,20.25,6.1722,0.514403292,556071.605,556071.5618,405101.2783,405107.2716
534,556052.4432,405101.4527,1,2,High,7,H-207,1,H-207-1,,0'6,0,6,0.5,0.1524,20'11,20,11,20.9167,6.3754,0.023904382,556052.4424,556052.4767,405101.3022,405107.5969
535,556052.444,405101.6031,1,2,High,7,H-207,1,H-207-1,,1'0,1,0,1,0.3048,20'11,20,11,20.9167,6.3754,0.047808765,556052.4424,556052.4767,405101.3022,405107.5969
536,556052.4468,405102.1047,1,2,High,7,H-207,1,H-207-1,,2'8,2,8,2.6667,0.8128,20'11,20,11,20.9167,6.3754,0.12749004,556052.4424,556052.4767,405101.3022,405107.5969
537,556052.4532,405103.2834,0,2,High,7,H-207,1,H-207-1,,6'7,6,7,6.5833,2.0066,20'11,20,11,20.9167,6.3754,0.314741036,556052.4424,556052.4767,405101.3022,405107.5969
538,556052.4587,405104.2865,0,2,High,7,H-207,1,H-207-1,,9'11,9,11,9.9167,3.0226,20'11,20,11,20.9167,6.3754,0.474103586,556052.4424,556052.4767,405101.3022,405107.5969
539,556052.4634,405105.1643,1,2,High,7,H-207,1,H-207-1,,12'10,12,10,12.8333,3.9116,20'11,20,11,20.9167,6.3754,0.613545817,556052.4424,556052.4767,405101.3022,405107.5969
540,556052.9668,405102.111,1,2,High,7,H-207,2,H-207-2,,2'8,2,8,2.6667,0.8128,20'11,20,11,20.9167,6.3754,0.12749004,556052.9705,556052.9416,405101.3085,405107.6028
541,556052.9676,405101.9354,1,2,High,7,H-207,2,H-207-2,,2'1,2,1,2.0833,0.635,20'11,20,11,20.9167,6.3754,0.099601594,556052.9705,556052.9416,405101.3085,405107.6028
542,556052.9641,405102.7128,1,2,High,7,H-207,2,H-207-2,,4'8,4,8,4.6667,1.4224,20'11,20,11,20.9167,6.3754,0.22310757,556052.9705,556052.9416,405101.3085,405107.6028
543,556053.4726,405102.0384,1,2,High,7,H-207,3,H-207-3,,2'5,2,5,2.4167,0.7366,20'11,20,11,20.9167,6.3754,0.115537849,556053.4745,556053.4584,405101.3101,405107.6134
544,556053.4719,405102.3397,1,2,High,7,H-207,3,H-207-3,,3'5,3,5,3.4167,1.0414,20'11,20,11,20.9167,6.3754,0.163346614,556053.4745,556053.4584,405101.3101,405107.6134
545,556053.4712,405102.616,1,2,High,7,H-207,3,H-207-3,,4'4,4,4,4.3333,1.3208,20'11,20,11,20.9167,6.3754,0.207171315,556053.4745,556053.4584,405101.3101,405107.6134
546,556053.4656,405104.7757,1,2,High,7,H-207,3,H-207-3,,11'6,11,6,11.5,3.5052,20'11,20,11,20.9167,6.3754,0.549800797,556053.4745,556053.4584,405101.3101,405107.6134
547,556053.4597,405107.086,0,2,High,7,H-207,3,H-207-3,,19'2,19,2,19.1667,5.842,20'11,20,11,20.9167,6.3754,0.916334661,556053.4745,556053.4584,405101.3101,405107.6134
548,556043.183,405111.6913,1,1,High,2,H-102,1,H-102-1,,1'4,1,4,1.3333,0.4064,21'6,21,6,21.5,6.5532,0.062015504,556043.1761,556043.2876,405111.2948,405117.6877
549,556043.7118,405113.1219,0,1,High,2,H-102,2,H-102-2,,6'2,6,2,6.1667,1.8796,21'6,21,6,21.5,6.5532,0.286821705,556043.6986,556043.7446,405111.2976,405117.658
550,556043.7138,405113.3931,0,1,High,2,H-102,2,H-102-2,,7'1,7,1,7.0833,2.159,21'6,21,6,21.5,6.5532,0.329457364,556043.6986,556043.7446,405111.2976,405117.658
551,556043.7198,405114.2313,1,1,High,2,H-102,2,H-102-2,,9'11,9,11,9.9167,3.0226,21'6,21,6,21.5,6.5532,0.46124031,556043.6986,556043.7446,405111.2976,405117.658
552,556043.725,405114.9462,1,1,High,2,H-102,2,H-102-2,,12'4,12,4,12.3333,3.7592,21'6,21,6,21.5,6.5532,0.573643411,556043.6986,556043.7446,405111.2976,405117.658
553,556043.7252,405114.9709,0,1,High,2,H-102,2,H-102-2,,12'5,12,5,12.4167,3.7846,21'6,21,6,21.5,6.5532,0.57751938,556043.6986,556043.7446,405111.2976,405117.658
554,556044.2076,405116.8951,0,1,High,2,H-102,3,H-102-3,,19'0,19,0,19,5.7912,21'8,21,8,21.6667,6.604,0.876923077,556044.2237,556044.2053,405111.2595,405117.6861
555,556044.2147,405114.3986,0,1,High,2,H-102,3,H-102-3,,10'7,10,7,10.5833,3.2258,21'8,21,8,21.6667,6.604,0.488461538,556044.2237,556044.2053,405111.2595,405117.6861
556,556044.2127,405115.1155,0,1,High,2,H-102,3,H-102-3,,13'0,13,0,13,3.9624,21'8,21,8,21.6667,6.604,0.6,556044.2237,556044.2053,405111.2595,405117.6861
557,556067.0638,405115.3737,1,1,High,5,H-115,1,H-115-1,,14'9,14,9,14.75,4.4958,20'11,20,11,20.9167,6.3754,0.705179283,556067.0252,556067.08,405110.9966,405117.2037
558,556067.5852,405111.3524,1,1,High,5,H-115,2,H-115-2,,1'2,1,2,1.1667,0.3556,20'11,20,11,20.9167,6.3754,0.055776892,556067.5861,556067.5705,405111.0064,405117.2097
559,556067.577,405114.6394,1,1,High,5,H-115,2,H-115-2,,12'3,12,3,12.25,3.7338,20'11,20,11,20.9167,6.3754,0.585657371,556067.5861,556067.5705,405111.0064,405117.2097
560,556067.5762,405114.936,1,1,High,5,H-115,2,H-115-2,,13'3,13,3,13.25,4.0386,20'11,20,11,20.9167,6.3754,0.633466135,556067.5861,556067.5705,405111.0064,405117.2097
561,556067.5708,405117.0861,1,1,High,5,H-115,2,H-115-2,,20'6,20,6,20.5,6.2484,20'11,20,11,20.9167,6.3754,0.980079681,556067.5861,556067.5705,405111.0064,405117.2097
562,556068.0548,405111.3013,1,1,High,5,H-115,3,H-115-3,,1'0,1,0,1,0.3048,20'11,20,11,20.9167,6.3754,0.047808765,556068.0566,556068.0194,405111.0045,405117.2122
563,556068.053,405111.5981,0,1,High,5,H-115,3,H-115-3,,2'0,2,0,2,0.6096,20'11,20,11,20.9167,6.3754,0.09561753,556068.0566,556068.0194,405111.0045,405117.2122
564,556068.0296,405115.5057,0,1,High,5,H-115,3,H-115-3,,15'2,15,2,15.1667,4.6228,20'11,20,11,20.9167,6.3754,0.725099602,556068.0566,556068.0194,405111.0045,405117.2122
565,556087.1642,405111.0392,0,1,Low,8,L-108,1,L-108-1,,0'8,0,8,0.6667,0.2032,21'0,21,0,21,6.4008,0.031746032,556087.1632,556087.1937,405110.8403,405117.1062
566,556087.1647,405111.1387,1,1,Low,8,L-108,1,L-108-1,,1'0,1,0,1,0.3048,21'0,21,0,21,6.4008,0.047619048,556087.1632,556087.1937,405110.8403,405117.1062
567,556087.1706,405112.357,0,1,Low,8,L-108,1,L-108-1,,5'1,5,1,5.0833,1.5494,21'0,21,0,21,6.4008,0.242063492,556087.1632,556087.1937,405110.8403,405117.1062
568,556087.1719,405112.6306,1,1,Low,8,L-108,1,L-108-1,,6'0,6,0,6,1.8288,21'0,21,0,21,6.4008,0.285714286,556087.1632,556087.1937,405110.8403,405117.1062
569,556087.1775,405113.7743,1,1,Low,8,L-108,1,L-108-1,,9'10,9,10,9.8333,2.9972,21'0,21,0,21,6.4008,0.468253968,556087.1632,556087.1937,405110.8403,405117.1062
570,556087.1827,405114.8435,1,1,Low,8,L-108,1,L-108-1,,13'5,13,5,13.4167,4.0894,21'0,21,0,21,6.4008,0.638888889,556087.1632,556087.1937,405110.8403,405117.1062
571,556087.1895,405116.2359,0,1,Low,8,L-108,1,L-108-1,,18'1,18,1,18.0833,5.5118,21'0,21,0,21,6.4008,0.861111111,556087.1632,556087.1937,405110.8403,405117.1062
572,556087.193,405116.957,1,1,Low,8,L-108,1,L-108-1,,20'6,20,6,20.5,6.2484,21'0,21,0,21,6.4008,0.976190476,556087.1632,556087.1937,405110.8403,405117.1062
573,556087.707,405112.4331,1,1,Low,8,L-108,2,L-108-2,,5'5,5,5,5.4167,1.651,21'0,21,0,21,6.4008,0.257936508,556087.7291,556087.6434,405110.8102,405117.102
574,556088.2319,405111.1791,0,1,Low,8,L-108,3,L-108-3,,1'3,1,3,1.25,0.381,21'0,21,0,21,6.4008,0.05952381,556088.2372,556088.1476,405110.8052,405117.0859
575,556092.4197,405111.2943,1,1,Low,1,L-111,1,L-111-1,,1'10,1,10,1.8333,0.5588,20'5,20,5,20.4167,6.223,0.089795918,556092.4153,556092.4639,405110.7403,405116.9096
576,556092.422,405111.5964,1,1,Low,1,L-111,1,L-111-1,,2'10,2,10,2.8333,0.8636,20'5,20,5,20.4167,6.223,0.13877551,556092.4153,556092.4639,405110.7403,405116.9096
577,556092.4286,405112.4274,0,1,Low,1,L-111,1,L-111-1,,5'7,5,7,5.5833,1.7018,20'5,20,5,20.4167,6.223,0.273469388,556092.4153,556092.4639,405110.7403,405116.9096
578,556092.4514,405115.3232,0,1,Low,1,L-111,1,L-111-1,,15'2,15,2,15.1667,4.6228,20'5,20,5,20.4167,6.223,0.742857143,556092.4153,556092.4639,405110.7403,405116.9096
579,556092.455,405115.7765,0,1,Low,1,L-111,1,L-111-1,,16'8,16,8,16.6667,5.08,20'5,20,5,20.4167,6.223,0.816326531,556092.4153,556092.4639,405110.7403,405116.9096
580,556092.4625,405116.7333,0,1,Low,1,L-111,1,L-111-1,,19'10,19,10,19.8333,6.0452,20'5,20,5,20.4167,6.223,0.971428571,556092.4153,556092.4639,405110.7403,405116.9096
581,556092.954,405112.4368,0,1,Low,1,L-111,2,L-111-2,,5'7,5,7,5.5833,1.7018,20'5,20,5,20.4167,6.223,0.273469388,556092.9466,556092.9735,405110.7509,405116.9157
582,556092.9614,405114.1478,0,1,Low,1,L-111,2,L-111-2,,11'3,11,3,11.25,3.429,20'5,20,5,20.4167,6.223,0.551020408,556092.9466,556092.9735,405110.7509,405116.9157
