Carrot,UniqueID,Density,Course,Edge,Plot,PlotID,Row,RowID,WTM_X,WTM_Y,Survived,GeneiousID,Date,AY,Subgroup
1,2018_C_0001,High,1,Edge,102,H-102,1,H-102-1,556043.1908,405112.1373,YES,1_2018_C,2018-07-11,0,
2,2018_C_0002,High,5,Edge,502,H-502,2,H-502-2,556043.8992,405078.1952,YES,2_2018_C,2018-07-11,1,
3,2018_C_0003,Low,3,Interior,305,L-305,3,L-305-3,556082.624,405095.4828,NO,3_2018_C,2018-07-11,0,
4,2018_C_0004,Low,5,Edge,503,L-503,1,L-503-1,556078.347,405072.0866,YES,4_2018_C,2018-07-11,0,
5,2018_C_0005,High,1,Edge,115,H-115,3,H-115-3,556068.0207,405116.9896,NO,5_2018_C,2018-07-25,0,
6,2018_C_0006,High,1,Edge,115,H-115,2,H-115-2,556067.5732,405116.147,NO,6_2018_C,2018-07-25,1,
7,2018_C_0007,High,1,Edge,115,H-115,2,H-115-2,556067.573,405116.1964,NO,7_2018_C,2018-07-25,1,
8,2018_C_0008,High,3,Interior,312,H-312,3,H-312-3,556062.5378,405092.0906,YES,8_2018_C,2018-07-25,0,
9,2018_C_0009,Low,4,Interior,406,L-406,2,L-406-2,556084.0426,405081.8991,YES,9_2018_C,2018-07-25,1,
10,2018_C_0010,Low,4,Interior,417,L-417,1,L-417-1,556103.6142,405083.1616,YES,10_2018_C,2018-07-25,0,
11,2018_C_0011,High,1,Edge,102,H-102,1,H-102-1,556043.228,405114.2682,NO,11_2018_C,2018-08-08,1,
12,2018_C_0012,High,1,Edge,102,H-102,1,H-102-1,556043.2738,405116.8948,YES,12_2018_C,2018-08-08,1,
13,2018_C_0013,High,1,Edge,115,H-115,1,H-115-1,556067.0315,405111.7138,NO,13_2018_C,2018-08-08,1,
14,2018_C_0014,Low,1,Edge,108,L-108,1,L-108-1,556087.1907,405116.4846,NO,14_2018_C,2018-08-08,1,
15,2018_C_0015,Low,1,Edge,108,L-108,1,L-108-1,556087.1918,405116.7084,NO,15_2018_C,2018-08-08,1,
16,2018_C_0016,Low,1,Edge,111,L-111,3,L-111-3,556093.4413,405116.0602,NO,16_2018_C,2018-08-08,1,
17,2018_C_0017,Low,2,Interior,215,L-215,1,L-215-1,556099.9568,405101.7715,YES,17_2018_C,2018-08-08,1,
18,2018_C_0018,Low,2,Interior,215,L-215,1,L-215-1,556099.9462,405104.6565,NO,18_2018_C,2018-08-08,0,
19,2018_C_0019,Low,2,Interior,215,L-215,1,L-215-1,556099.9387,405106.6959,YES,19_2018_C,2018-08-08,0,
20,2018_C_0020,High,3,Interior,306,H-306,3,H-306-3,556051.6595,405091.8278,NO,20_2018_C,2018-08-08,1,
21,2018_C_0021,Low,3,Interior,305,L-305,2,L-305-2,556082.1814,405091.6837,NO,21_2018_C,2018-08-08,1,
22,2018_C_0022,Low,4,Interior,417,L-417,2,L-417-2,556104.1168,405084.8844,NO,22_2018_C,2018-08-08,1,
23,2018_C_0023,Low,5,Edge,503,L-503,1,L-503-1,556078.3509,405071.6454,NO,23_2018_C,2018-08-08,1,
24,2018_C_0024,Low,5,Edge,503,L-503,1,L-503-1,556078.334,405073.5402,YES,24_2018_C,2018-08-08,1,
25,2018_C_0025,High,5,Edge,502,H-502,3,H-502-3,556044.4366,405078.313,YES,25_2018_C,2018-08-21,1,1A
26,2018_C_0026,Low,5,Edge,511,L-511,3,L-511-3,556093.7277,405072.7851,NO,26_2018_C,2018-08-21,1,1B
27,2018_C_0027,Low,4,Interior,417,L-417,2,L-417-2,556104.1259,405083.5795,YES,27_2018_C,2018-08-21,1,1A
28,2018_C_0028,Low,4,Interior,406,L-406,3,L-406-3,556084.5311,405083.3152,NO,28_2018_C,2018-08-21,1,1B
29,2018_C_0029,Low,4,Interior,406,L-406,3,L-406-3,556084.5304,405083.3918,NO,29_2018_C,2018-08-21,1,1B
30,2018_C_0030,Low,4,Interior,406,L-406,3,L-406-3,556084.5193,405084.5158,NO,30_2018_C,2018-08-21,1,1B
31,2018_C_0031,Low,4,Interior,406,L-406,1,L-406-1,556083.5048,405082.6174,NO,31_2018_C,2018-08-21,1,1B
32,2018_C_0032,Low,4,Interior,406,L-406,3,L-406-3,556084.5158,405084.8735,NO,32_2018_C,2018-08-21,1,1B
33,2018_C_0033,Low,4,Interior,406,L-406,3,L-406-3,556084.5185,405084.5925,NO,33_2018_C,2018-08-21,0,
34,2018_C_0034,High,4,Interior,411,H-411,3,H-411-3,556060.7788,405083.4322,YES,34_2018_C,2018-08-21,1,1B
35,2018_C_0035,High,4,Interior,411,H-411,2,H-411-2,556060.2535,405084.0429,NO,35_2018_C,2018-08-21,1,1B
36,2018_C_0036,Low,3,Interior,305,L-305,2,L-305-2,556082.1482,405094.4421,YES,36_2018_C,2018-08-21,1,1B
37,2018_C_0037,High,2,Interior,207,H-207,2,H-207-2,556052.9687,405101.7097,YES,37_2018_C,2018-08-21,1,1B
38,2018_C_0038,High,1,Edge,115,H-115,3,H-115-3,556068.0351,405114.5906,NO,38_2018_C,2018-08-21,1,1B
39,2018_C_0039,Low,1,Edge,111,L-111,3,L-111-3,556093.447,405113.4975,NO,39_2018_C,2018-08-21,1,1A
40,2018_C_0040,Low,1,Edge,111,L-111,3,L-111-3,556093.4427,405115.4321,YES,40_2018_C,2018-08-21,1,1A
41,2018_C_0041,Low,5,Edge,503,L-503,1,L-503-1,556078.2959,405077.797,NO,41_2018_C,2018-09-06,1,1A
42,2018_C_0042,Low,5,Edge,511,L-511,3,L-511-3,556093.7256,405071.8984,YES,42_2018_C,2018-09-06,0,
43,2018_C_0043,Low,5,Edge,511,L-511,3,L-511-3,556093.7283,405073.0385,YES,43_2018_C,2018-09-06,0,
44,2018_C_0044,Low,3,Interior,315,L-315,2,L-315-2,556100.5445,405093.6929,YES,44_2018_C,2018-09-06,0,
45,2018_C_0045,High,2,Interior,217,H-217,1,H-217-1,556070.5294,405105.7026,NO,45_2018_C,2018-09-06,0,
46,2018_C_0046,Low,1,Edge,111,L-111,2,L-111-2,556092.9668,405115.3808,NO,46_2018_C,2018-09-06,1,
47,2018_C_0047,High,5,Edge,502,H-502,1,H-502-1,556043.4248,405077.1082,YES,47_2018_C,2018-09-18,1,1A
48,2018_C_0048,High,5,Edge,502,H-502,3,H-502-3,556044.4417,405078.1087,YES,48_2018_C,2018-09-18,1,1A
49,2018_C_0049,High,5,Edge,509,H-509,3,H-509-3,556057.2694,405073.7906,YES,49_2018_C,2018-09-18,0,
50,2018_C_0050,High,5,Edge,509,H-509,3,H-509-3,556057.2624,405074.7071,YES,50_2018_C,2018-09-18,0,
51,2018_C_0051,High,5,Edge,509,H-509,3,H-509-3,556057.2605,405074.9617,YES,51_2018_C,2018-09-18,1,1A
52,2018_C_0052,Low,5,Edge,503,L-503,1,L-503-1,556078.2973,405077.6413,YES,52_2018_C,2018-09-18,1,1A
53,2018_C_0053,Low,5,Edge,503,L-503,1,L-503-1,556078.3504,405071.6973,YES,53_2018_C,2018-09-18,1,
54,2018_C_0054,Low,5,Edge,503,L-503,3,L-503-3,556079.309,405075.362,NO,54_2018_C,2018-09-18,1,1A
55,2018_C_0055,Low,4,Interior,417,L-417,1,L-417-1,556103.6128,405086.5392,YES,55_2018_C,2018-09-18,1,1A
56,2018_C_0056,Low,4,Interior,417,L-417,1,L-417-1,556103.6127,405086.6148,YES,56_2018_C,2018-09-18,1,1A
57,2018_C_0057,Low,4,Interior,417,L-417,2,L-417-2,556104.1026,405086.942,NO,57_2018_C,2018-09-18,1,1A
58,2018_C_0058,Low,4,Interior,406,L-406,1,L-406-1,556083.5026,405081.7206,YES,58_2018_C,2018-09-18,1,1A
59,2018_C_0059,High,4,Interior,411,H-411,1,H-411-1,556059.7439,405084.394,YES,59_2018_C,2018-09-18,0,
60,2018_C_0060,High,5,Edge,502,H-502,3,H-502-3,556044.5339,405074.3801,NO,60_2018_C,2018-09-18,1,
61,2018_C_0061,High,3,Interior,312,H-312,1,H-312-1,556061.5319,405096.1795,YES,61_2018_C,2018-09-18,1,
62,2018_C_0062,High,3,Interior,312,H-312,2,H-312-2,556062.0044,405096.0583,YES,62_2018_C,2018-09-18,1,
63,2018_C_0063,Low,3,Interior,315,L-315,1,L-315-1,556100.0619,405094.3009,NO,63_2018_C,2018-09-18,1,1A
64,2018_C_0064,Low,2,Interior,215,L-215,2,L-215-2,556100.4667,405103.2398,NO,64_2018_C,2018-09-18,1,1A
65,2018_C_0065,Low,3,Interior,315,L-315,3,L-315-3,556100.979,405095.6416,YES,65_2018_C,2018-09-18,1,1A
66,2018_C_0066,Low,2,Interior,215,L-215,1,L-215-1,556099.9603,405100.8264,YES,66_2018_C,2018-09-18,1,1A
67,2018_C_0067,Low,2,Interior,215,L-215,3,L-215-3,556100.9442,405101.2894,YES,67_2018_C,2018-09-18,1,1A
68,2018_C_0068,High,2,Interior,207,H-207,3,H-207-3,556053.472,405102.2895,YES,68_2018_C,2018-09-18,1,1A
69,2018_C_0069,High,2,Interior,207,H-207,3,H-207-3,556053.468,405103.8465,YES,69_2018_C,2018-09-18,1,1A
70,2018_C_0070,High,2,Interior,207,H-207,1,H-207-1,556052.4675,405105.9166,YES,70_2018_C,2018-09-18,0,
71,2018_C_0071,High,2,Interior,207,H-207,1,H-207-1,556052.4752,405107.321,YES,71_2018_C,2018-09-18,0,
72,2018_C_0072,High,2,Interior,207,H-207,1,H-207-1,556052.4696,405106.2928,YES,72_2018_C,2018-09-18,1,1A
73,2018_C_0073,High,1,Edge,115,H-115,3,H-115-3,556068.0345,405114.6895,YES,73_2018_C,2018-09-18,1,
74,2018_C_0074,High,1,Edge,115,H-115,3,H-115-3,556068.0336,405114.8379,YES,74_2018_C,2018-09-18,1,
75,2018_C_0075,Low,1,Edge,108,L-108,2,L-108-2,556087.6992,405113.0073,YES,75_2018_C,2018-09-18,0,
76,2018_C_0076,Low,1,Edge,108,L-108,2,L-108-2,556087.6781,405114.5553,YES,76_2018_C,2018-09-18,0,
77,2018_C_0077,Low,1,Edge,108,L-108,1,L-108-1,556087.1932,405117.0067,YES,77_2018_C,2018-09-18,0,
78,2018_C_0078,Low,1,Edge,111,L-111,2,L-111-2,556092.9575,405113.242,YES,78_2018_C,2018-09-18,1,1B
79,2018_C_0079,High,5,Edge,502,H-502,1,H-502-1,556043.4353,405074.3501,YES,79_2018_C,2018-10-02,0,
80,2018_C_0080,High,5,Edge,502,H-502,1,H-502-1,556043.4336,405074.8097,YES,80_2018_C,2018-10-02,1,1B
81,2018_C_0081,High,5,Edge,502,H-502,1,H-502-1,556043.4286,405076.1122,YES,81_2018_C,2018-10-02,1,
82,2018_C_0082,High,5,Edge,502,H-502,1,H-502-1,556043.4213,405078.0276,YES,82_2018_C,2018-10-02,1,1A
83,2018_C_0083,High,5,Edge,502,H-502,2,H-502-2,556044.0072,405072.2049,YES,83_2018_C,2018-10-02,1,1A
84,2018_C_0084,High,5,Edge,502,H-502,2,H-502-2,556043.9994,405072.6383,YES,84_2018_C,2018-10-02,0,
85,2018_C_0085,High,5,Edge,502,H-502,2,H-502-2,556043.9842,405073.4795,YES,85_2018_C,2018-10-02,1,
86,2018_C_0086,High,5,Edge,502,H-502,2,H-502-2,556043.9732,405074.0912,YES,86_2018_C,2018-10-02,0,
87,2018_C_0087,High,5,Edge,502,H-502,2,H-502-2,556043.9718,405074.1677,YES,87_2018_C,2018-10-02,1,1A
88,2018_C_0088,High,5,Edge,502,H-502,2,H-502-2,556043.9709,405074.2187,YES,88_2018_C,2018-10-02,1,1A
89,2018_C_0089,High,5,Edge,502,H-502,3,H-502-3,556044.5535,405073.5882,YES,89_2018_C,2018-10-02,1,1B
90,2018_C_0090,High,5,Edge,502,H-502,3,H-502-3,556044.5295,405074.5587,YES,90_2018_C,2018-10-02,0,
91,2018_C_0091,High,5,Edge,509,H-509,1,H-509-1,556056.1689,405077.708,YES,91_2018_C,2018-10-02,1,1A
92,2018_C_0092,High,5,Edge,509,H-509,1,H-509-1,556056.1689,405077.7333,YES,92_2018_C,2018-10-02,1,1B
93,2018_C_0093,High,5,Edge,509,H-509,1,H-509-1,556056.1699,405078.2396,YES,93_2018_C,2018-10-02,1,1A
94,2018_C_0094,High,5,Edge,509,H-509,2,H-509-2,556056.7447,405077.4171,YES,94_2018_C,2018-10-02,0,
95,2018_C_0095,High,5,Edge,509,H-509,2,H-509-2,556056.7451,405077.3403,YES,95_2018_C,2018-10-02,1,1A
96,2018_C_0096,High,5,Edge,509,H-509,2,H-509-2,556056.7455,405077.238,YES,96_2018_C,2018-10-02,0,
97,2018_C_0097,High,5,Edge,509,H-509,2,H-509-2,556056.7491,405076.3683,YES,97_2018_C,2018-10-02,0,
98,2018_C_0098,High,5,Edge,509,H-509,2,H-509-2,556056.7525,405075.5497,YES,98_2018_C,2018-10-02,1,1A
99,2018_C_0099,High,5,Edge,509,H-509,2,H-509-2,556056.7567,405074.5521,YES,99_2018_C,2018-10-02,1,1A
100,2018_C_0100,High,5,Edge,509,H-509,2,H-509-2,556056.7609,405073.5289,YES,100_2018_C,2018-10-02,0,
101,2018_C_0101,High,5,Edge,509,H-509,3,H-509-3,556057.2845,405071.805,YES,101_2018_C,2018-10-02,0,
102,2018_C_0102,High,5,Edge,509,H-509,3,H-509-3,556057.2632,405074.6053,YES,102_2018_C,2018-10-02,0,
103,2018_C_0103,High,5,Edge,509,H-509,3,H-509-3,556057.2502,405076.3109,YES,103_2018_C,2018-10-02,1,1B
104,2018_C_0104,Low,5,Edge,503,L-503,1,L-503-1,556078.3497,405071.7751,YES,104_2018_C,2018-10-02,0,
105,2018_C_0105,Low,5,Edge,503,L-503,1,L-503-1,556078.3256,405074.4746,YES,105_2018_C,2018-10-02,0,
106,2018_C_0106,Low,5,Edge,503,L-503,1,L-503-1,556078.3042,405076.8626,YES,106_2018_C,2018-10-02,0,
107,2018_C_0107,Low,5,Edge,503,L-503,1,L-503-1,556078.2964,405077.7451,YES,107_2018_C,2018-10-02,1,
108,2018_C_0108,Low,5,Edge,503,L-503,2,L-503-2,556078.8204,405073.2077,YES,108_2018_C,2018-10-02,1,1B
109,2018_C_0109,Low,5,Edge,503,L-503,3,L-503-3,556079.3096,405074.2964,YES,109_2018_C,2018-10-02,1,1B
110,2018_C_0110,Low,5,Edge,503,L-503,3,L-503-3,556079.3096,405074.3725,YES,110_2018_C,2018-10-02,0,
111,2018_C_0111,Low,5,Edge,503,L-503,3,L-503-3,556079.311,405071.7845,YES,111_2018_C,2018-10-02,0,
112,2018_C_0112,Low,5,Edge,503,L-503,3,L-503-3,556079.3094,405074.7531,YES,112_2018_C,2018-10-02,0,
113,2018_C_0113,Low,5,Edge,503,L-503,3,L-503-3,556079.3092,405075.0576,YES,113_2018_C,2018-10-02,1,1A
114,2018_C_0114,Low,5,Edge,503,L-503,3,L-503-3,556079.3081,405077.0874,YES,114_2018_C,2018-10-02,1,
115,2018_C_0115,Low,5,Edge,503,L-503,1,L-503-1,556078.324,405074.6567,NO,115_2018_C,2018-10-02,1,1A
116,2018_C_0116,Low,5,Edge,511,L-511,1,L-511-1,556092.6755,405075.5817,YES,116_2018_C,2018-10-02,0,
117,2018_C_0117,Low,5,Edge,511,L-511,2,L-511-2,556093.2337,405073.5197,YES,117_2018_C,2018-10-02,1,1B
118,2018_C_0118,Low,5,Edge,511,L-511,2,L-511-2,556093.2339,405075.3986,NO,118_2018_C,2018-10-02,0,
119,2018_C_0119,Low,5,Edge,511,L-511,2,L-511-2,556093.234,405077.1522,YES,119_2018_C,2018-10-02,1,1A
120,2018_C_0120,Low,5,Edge,511,L-511,3,L-511-3,556093.7291,405073.3932,YES,120_2018_C,2018-10-02,0,
121,2018_C_0121,Low,5,Edge,511,L-511,3,L-511-3,556093.7305,405073.9759,YES,121_2018_C,2018-10-02,0,
122,2018_C_0122,Low,5,Edge,511,L-511,3,L-511-3,556093.7363,405076.4333,YES,122_2018_C,2018-10-02,1,1B
123,2018_C_0123,Low,4,Interior,417,L-417,1,L-417-1,556103.6144,405082.5567,YES,123_2018_C,2018-10-02,1,1A
124,2018_C_0124,Low,4,Interior,417,L-417,1,L-417-1,556103.6137,405084.2959,YES,124_2018_C,2018-10-02,0,
125,2018_C_0125,Low,4,Interior,417,L-417,1,L-417-1,556103.6134,405084.9512,YES,125_2018_C,2018-10-02,0,
126,2018_C_0126,Low,4,Interior,417,L-417,1,L-417-1,556103.613,405086.0603,YES,126_2018_C,2018-10-02,1,1A
127,2018_C_0127,Low,4,Interior,417,L-417,2,L-417-2,556104.1396,405081.5972,YES,127_2018_C,2018-10-02,1,1B
128,2018_C_0128,Low,4,Interior,417,L-417,3,L-417-3,556104.6922,405081.6726,YES,128_2018_C,2018-10-02,1,1B
129,2018_C_0129,Low,4,Interior,417,L-417,3,L-417-3,556104.6697,405082.5,YES,129_2018_C,2018-10-02,0,
130,2018_C_0130,Low,4,Interior,417,L-417,3,L-417-3,556104.6034,405084.9322,YES,130_2018_C,2018-10-02,0,
131,2018_C_0131,Low,4,Interior,417,L-417,3,L-417-3,556104.5965,405085.1829,YES,131_2018_C,2018-10-02,1,1B
132,2018_C_0132,Low,4,Interior,417,L-417,3,L-417-3,556104.5685,405086.2109,YES,132_2018_C,2018-10-02,1,1B
133,2018_C_0133,Low,4,Interior,406,L-406,1,L-406-1,556083.5024,405081.6438,YES,133_2018_C,2018-10-02,0,
134,2018_C_0134,Low,4,Interior,406,L-406,2,L-406-2,556084.0485,405082.6685,YES,134_2018_C,2018-10-02,0,
135,2018_C_0135,Low,4,Interior,406,L-406,2,L-406-2,556084.0561,405083.6432,YES,135_2018_C,2018-10-02,1,1A
136,2018_C_0136,Low,4,Interior,406,L-406,2,L-406-2,556084.0809,405086.8492,YES,136_2018_C,2018-10-02,1,1A
137,2018_C_0137,Low,4,Interior,406,L-406,3,L-406-3,556084.5344,405082.9831,YES,137_2018_C,2018-10-02,1,1B
138,2018_C_0138,Low,4,Interior,406,L-406,3,L-406-3,556084.5256,405083.8772,YES,138_2018_C,2018-10-02,1,1A
139,2018_C_0139,Low,4,Interior,406,L-406,3,L-406-3,556084.5215,405084.2859,YES,139_2018_C,2018-10-02,1,1A
140,2018_C_0140,Low,4,Interior,406,L-406,3,L-406-3,556084.5057,405085.8953,YES,140_2018_C,2018-10-02,1,1A
141,2018_C_0141,High,4,Interior,411,H-411,1,H-411-1,556059.7358,405084.8728,YES,141_2018_C,2018-10-02,1,1A
142,2018_C_0142,High,4,Interior,411,H-411,1,H-411-1,556059.7341,405084.9735,YES,142_2018_C,2018-10-02,1,1B
143,2018_C_0143,High,4,Interior,411,H-411,1,H-411-1,556059.7264,405085.4271,YES,143_2018_C,2018-10-02,1,1A
144,2018_C_0144,High,4,Interior,411,H-411,1,H-411-1,556059.7068,405086.5861,YES,144_2018_C,2018-10-02,1,1A
145,2018_C_0145,High,4,Interior,411,H-411,1,H-411-1,556059.6987,405087.0648,YES,145_2018_C,2018-10-02,0,
146,2018_C_0146,High,4,Interior,411,H-411,1,H-411-1,556059.6935,405087.3672,YES,146_2018_C,2018-10-02,0,
147,2018_C_0147,High,4,Interior,411,H-411,2,H-411-2,556060.2066,405087.4331,YES,147_2018_C,2018-10-02,0,
148,2018_C_0148,High,4,Interior,411,H-411,2,H-411-2,556060.2091,405087.2573,YES,148_2018_C,2018-10-02,0,
149,2018_C_0149,High,4,Interior,411,H-411,2,H-411-2,556060.2143,405086.8806,YES,149_2018_C,2018-10-02,1,
150,2018_C_0150,High,4,Interior,411,H-411,2,H-411-2,556060.216,405086.7551,YES,150_2018_C,2018-10-02,1,1A
151,2018_C_0151,High,4,Interior,411,H-411,2,H-411-2,556060.2334,405085.4994,YES,151_2018_C,2018-10-02,1,1A
152,2018_C_0152,High,4,Interior,411,H-411,2,H-411-2,556060.2344,405085.4241,YES,152_2018_C,2018-10-02,1,1B
153,2018_C_0153,High,4,Interior,411,H-411,2,H-411-2,556060.2361,405085.2985,YES,153_2018_C,2018-10-02,1,1A
154,2018_C_0154,High,4,Interior,411,H-411,2,H-411-2,556060.2705,405082.8124,YES,154_2018_C,2018-10-02,1,1B
155,2018_C_0155,High,4,Interior,411,H-411,2,H-411-2,556060.2709,405082.7872,YES,155_2018_C,2018-10-02,0,
156,2018_C_0156,High,4,Interior,411,H-411,2,H-411-2,556060.2823,405081.9585,YES,156_2018_C,2018-10-02,1,1A
157,2018_C_0157,High,4,Interior,411,H-411,3,H-411-3,556060.7874,405082.389,YES,157_2018_C,2018-10-02,1,1A
158,2018_C_0158,High,4,Interior,411,H-411,3,H-411-3,556060.7866,405082.4883,YES,158_2018_C,2018-10-02,1,1A
159,2018_C_0159,High,4,Interior,411,H-411,3,H-411-3,556060.7809,405083.1838,YES,159_2018_C,2018-10-02,0,
160,2018_C_0160,High,4,Interior,405,H-405,1,H-405-1,556048.7366,405083.8233,YES,160_2018_C,2018-10-02,1,1A
161,2018_C_0161,High,4,Interior,405,H-405,3,H-405-3,556049.8149,405082.3413,YES,161_2018_C,2018-10-02,1,1A
162,2018_C_0162,High,4,Interior,405,H-405,3,H-405-3,556049.8124,405082.747,YES,162_2018_C,2018-10-02,1,1A
163,2018_C_0163,High,4,Interior,405,H-405,3,H-405-3,556049.7959,405085.4599,YES,163_2018_C,2018-10-02,1,
164,2018_C_0164,High,4,Interior,405,H-405,3,H-405-3,556049.7955,405085.5107,YES,164_2018_C,2018-10-02,1,1A
165,2018_C_0165,High,3,Interior,306,H-306,1,H-306-1,556050.5687,405091.8026,YES,165_2018_C,2018-10-02,1,1A
166,2018_C_0166,High,3,Interior,306,H-306,1,H-306-1,556050.5676,405092.1317,YES,166_2018_C,2018-10-02,1,1A
167,2018_C_0167,High,3,Interior,306,H-306,1,H-306-1,556050.5653,405092.7901,YES,167_2018_C,2018-10-02,0,
168,2018_C_0168,High,3,Interior,306,H-306,1,H-306-1,556050.5651,405092.8407,YES,168_2018_C,2018-10-02,1,1A
169,2018_C_0169,High,3,Interior,306,H-306,1,H-306-1,556050.5619,405093.7776,YES,169_2018_C,2018-10-02,0,
170,2018_C_0170,High,3,Interior,306,H-306,1,H-306-1,556050.5536,405096.2085,YES,170_2018_C,2018-10-02,1,1A
171,2018_C_0171,High,3,Interior,306,H-306,1,H-306-1,556050.5511,405096.9428,YES,171_2018_C,2018-10-02,0,
172,2018_C_0172,High,3,Interior,306,H-306,2,H-306-2,556051.1234,405092.9831,YES,172_2018_C,2018-10-02,0,
173,2018_C_0173,High,3,Interior,306,H-306,2,H-306-2,556051.1197,405093.4897,YES,173_2018_C,2018-10-02,1,1A
174,2018_C_0174,High,3,Interior,306,H-306,2,H-306-2,556051.1185,405093.6418,YES,174_2018_C,2018-10-02,1,1A1B
175,2018_C_0175,High,3,Interior,306,H-306,2,H-306-2,556051.1114,405094.6045,YES,175_2018_C,2018-10-02,1,1A
176,2018_C_0176,High,3,Interior,306,H-306,2,H-306-2,556051.1088,405094.9591,YES,176_2018_C,2018-10-02,1,1A
177,2018_C_0177,High,3,Interior,306,H-306,2,H-306-2,556051.1084,405095.0098,YES,177_2018_C,2018-10-02,0,
178,2018_C_0178,High,3,Interior,306,H-306,2,H-306-2,556051.1081,405095.0605,NO,178_2018_C,2018-10-02,0,
179,2018_C_0179,High,3,Interior,306,H-306,2,H-306-2,556051.1077,405095.1111,NO,179_2018_C,2018-10-02,1,1B
180,2018_C_0180,High,3,Interior,306,H-306,2,H-306-2,556051.106,405095.3392,YES,180_2018_C,2018-10-02,1,1A
181,2018_C_0181,High,3,Interior,306,H-306,3,H-306-3,556051.6314,405096.3246,YES,181_2018_C,2018-10-02,1,1A
182,2018_C_0182,High,3,Interior,306,H-306,3,H-306-3,556051.6357,405095.6425,YES,182_2018_C,2018-10-02,0,
183,2018_C_0183,High,3,Interior,306,H-306,3,H-306-3,556051.646,405094.0004,YES,183_2018_C,2018-10-02,1,1A
184,2018_C_0184,High,3,Interior,306,H-306,3,H-306-3,556051.6551,405092.5352,YES,184_2018_C,2018-10-02,0,
185,2018_C_0185,High,3,Interior,312,H-312,1,H-312-1,556061.5316,405092.7125,YES,185_2018_C,2018-10-02,1,
186,2018_C_0186,High,3,Interior,312,H-312,1,H-312-1,556061.5316,405093.0893,YES,186_2018_C,2018-10-02,1,
187,2018_C_0187,High,3,Interior,312,H-312,1,H-312-1,556061.5318,405095.6017,YES,187_2018_C,2018-10-02,0,
188,2018_C_0188,High,3,Interior,312,H-312,1,H-312-1,556061.5319,405095.9786,YES,188_2018_C,2018-10-02,0,
189,2018_C_0189,High,3,Interior,312,H-312,1,H-312-1,556061.5319,405096.7323,YES,189_2018_C,2018-10-02,1,1B
190,2018_C_0190,High,3,Interior,312,H-312,2,H-312-2,556061.9976,405094.7237,YES,190_2018_C,2018-10-02,1,1A
191,2018_C_0191,High,3,Interior,312,H-312,2,H-312-2,556061.9929,405093.8171,YES,191_2018_C,2018-10-02,1,
192,2018_C_0192,High,3,Interior,312,H-312,2,H-312-2,556061.9848,405092.2307,YES,192_2018_C,2018-10-02,0,
193,2018_C_0193,High,3,Interior,312,H-312,3,H-312-3,556062.5362,405093.1952,YES,193_2018_C,2018-10-02,0,
194,2018_C_0194,High,3,Interior,312,H-312,3,H-312-3,556062.532,405096.1325,YES,194_2018_C,2018-10-02,1,1A
195,2018_C_0195,Low,3,Interior,305,L-305,1,L-305-1,556081.6431,405094.6065,YES,195_2018_C,2018-10-04,1,1A
196,2018_C_0196,Low,3,Interior,305,L-305,1,L-305-1,556081.6255,405097.2575,YES,196_2018_C,2018-10-04,1,1A
197,2018_C_0197,Low,3,Interior,305,L-305,2,L-305-2,556082.172,405092.4682,YES,197_2018_C,2018-10-04,0,
198,2018_C_0198,Low,3,Interior,305,L-305,2,L-305-2,556082.1333,405095.6821,YES,198_2018_C,2018-10-04,1,1A
199,2018_C_0199,Low,3,Interior,305,L-305,2,L-305-2,556082.1278,405096.1376,YES,199_2018_C,2018-10-04,1,1B
200,2018_C_0200,Low,3,Interior,305,L-305,3,L-305-3,556082.6823,405093.1013,YES,200_2018_C,2018-10-04,1,1B
201,2018_C_0201,Low,3,Interior,305,L-305,3,L-305-3,556082.6631,405093.8867,YES,201_2018_C,2018-10-04,0,
202,2018_C_0202,Low,3,Interior,305,L-305,3,L-305-3,556082.6284,405095.3055,YES,202_2018_C,2018-10-04,1,1A
203,2018_C_0203,Low,3,Interior,305,L-305,3,L-305-3,556082.598,405096.5469,YES,203_2018_C,2018-10-04,1,1A
204,2018_C_0204,Low,3,Interior,315,L-315,1,L-315-1,556100.0646,405094.1009,YES,204_2018_C,2018-10-04,0,
205,2018_C_0205,Low,3,Interior,315,L-315,2,L-315-2,556100.4938,405096.6716,YES,205_2018_C,2018-10-04,1,1A
206,2018_C_0206,Low,3,Interior,315,L-315,3,L-315-3,556101.0067,405094.163,YES,206_2018_C,2018-10-04,1,1A
207,2018_C_0207,Low,3,Interior,315,L-315,3,L-315-3,556100.9645,405096.4184,YES,207_2018_C,2018-10-04,1,1A
208,2018_C_0208,Low,2,Interior,215,L-215,1,L-215-1,556099.957,405101.7218,YES,208_2018_C,2018-10-04,0,
209,2018_C_0209,Low,2,Interior,215,L-215,1,L-215-1,556099.9497,405103.7114,YES,209_2018_C,2018-10-04,1,1A
210,2018_C_0210,Low,2,Interior,215,L-215,1,L-215-1,556099.9495,405103.7612,YES,210_2018_C,2018-10-04,0,
211,2018_C_0211,Low,2,Interior,215,L-215,1,L-215-1,556099.9483,405104.0845,YES,211_2018_C,2018-10-04,1,1B
212,2018_C_0212,Low,2,Interior,215,L-215,1,L-215-1,556099.9449,405105.0295,YES,212_2018_C,2018-10-04,0,
213,2018_C_0213,Low,2,Interior,215,L-215,1,L-215-1,556099.9412,405106.0244,YES,213_2018_C,2018-10-04,1,
214,2018_C_0214,Low,2,Interior,215,L-215,1,L-215-1,556099.94,405106.3477,YES,214_2018_C,2018-10-04,1,1A
215,2018_C_0215,Low,2,Interior,215,L-215,1,L-215-1,556099.9397,405106.4223,YES,215_2018_C,2018-10-04,0,
216,2018_C_0216,Low,2,Interior,215,L-215,2,L-215-2,556100.4661,405103.3146,YES,216_2018_C,2018-10-04,0,
217,2018_C_0217,Low,2,Interior,215,L-215,2,L-215-2,556100.4578,405104.4403,NO,217_2018_C,2018-10-04,1,1A
218,2018_C_0218,Low,2,Interior,215,L-215,3,L-215-3,556100.9466,405100.8126,YES,218_2018_C,2018-10-04,0,
219,2018_C_0219,Low,2,Interior,215,L-215,3,L-215-3,556100.9382,405102.4439,YES,219_2018_C,2018-10-04,1,1A
220,2018_C_0220,Low,2,Interior,215,L-215,3,L-215-3,556100.9281,405104.3764,YES,220_2018_C,2018-10-04,1,1A
221,2018_C_0221,Low,2,Interior,215,L-215,3,L-215-3,556100.9157,405106.7607,YES,221_2018_C,2018-10-04,1,1A
222,2018_C_0222,Low,2,Interior,202,L-202,1,L-202-1,556076.2382,405105.7841,NO,222_2018_C,2018-10-04,1,1A
223,2018_C_0223,Low,2,Interior,202,L-202,1,L-202-1,556076.2367,405106.0096,YES,223_2018_C,2018-10-04,1,1A
224,2018_C_0224,Low,2,Interior,202,L-202,1,L-202-1,556076.2361,405106.1099,YES,224_2018_C,2018-10-04,1,1B
225,2018_C_0225,Low,2,Interior,202,L-202,2,L-202-2,556076.7723,405101.7526,YES,225_2018_C,2018-10-04,1,1A
226,2018_C_0226,Low,2,Interior,202,L-202,2,L-202-2,556076.7719,405101.7777,YES,226_2018_C,2018-10-04,1,1A
227,2018_C_0227,Low,2,Interior,202,L-202,3,L-202-3,556077.3189,405102.0057,YES,227_2018_C,2018-10-04,1,1B
228,2018_C_0228,Low,2,Interior,202,L-202,3,L-202-3,556077.3144,405102.3554,YES,228_2018_C,2018-10-04,1,1A
229,2018_C_0229,Low,2,Interior,202,L-202,3,L-202-3,556077.3083,405102.8301,YES,229_2018_C,2018-10-04,1,1A
230,2018_C_0230,Low,2,Interior,202,L-202,3,L-202-3,556077.3003,405103.4546,YES,230_2018_C,2018-10-04,0,
231,2018_C_0231,Low,2,Interior,202,L-202,3,L-202-3,556077.2894,405104.3039,YES,231_2018_C,2018-10-04,0,
232,2018_C_0232,Low,2,Interior,202,L-202,3,L-202-3,556077.2839,405104.7286,YES,232_2018_C,2018-10-04,1,1A
233,2018_C_0233,Low,2,Interior,202,L-202,3,L-202-3,556077.2826,405104.8285,YES,233_2018_C,2018-10-04,0,
234,2018_C_0234,Low,2,Interior,202,L-202,3,L-202-3,556077.2695,405105.8527,YES,234_2018_C,2018-10-04,1,
235,2018_C_0235,High,2,Interior,217,H-217,1,H-217-1,556070.5318,405104.7592,YES,235_2018_C,2018-10-04,0,
236,2018_C_0236,High,2,Interior,217,H-217,1,H-217-1,556070.5316,405104.8585,YES,236_2018_C,2018-10-04,0,
237,2018_C_0237,High,2,Interior,217,H-217,1,H-217-1,556070.5306,405105.2557,YES,237_2018_C,2018-10-04,0,
238,2018_C_0238,High,2,Interior,217,H-217,2,H-217-2,556071.0887,405104.1053,YES,238_2018_C,2018-10-04,1,1A
239,2018_C_0239,High,2,Interior,217,H-217,2,H-217-2,556071.0865,405104.7003,YES,239_2018_C,2018-10-04,0,
240,2018_C_0240,High,2,Interior,217,H-217,3,H-217-3,556071.6013,405101.7962,YES,240_2018_C,2018-10-04,0,
241,2018_C_0241,High,2,Interior,217,H-217,3,H-217-3,556071.5894,405103.4487,YES,241_2018_C,2018-10-04,1,1B
242,2018_C_0242,High,2,Interior,217,H-217,3,H-217-3,556071.5879,405103.646,YES,242_2018_C,2018-10-04,0,
243,2018_C_0243,High,2,Interior,217,H-217,3,H-217-3,556071.5808,405104.6326,NO,243_2018_C,2018-10-04,1,
244,2018_C_0244,High,2,Interior,207,H-207,1,H-207-1,556052.4431,405101.4276,YES,244_2018_C,2018-10-04,0,
245,2018_C_0245,High,2,Interior,207,H-207,1,H-207-1,556052.4558,405103.7599,YES,245_2018_C,2018-10-04,1,1A
246,2018_C_0246,High,2,Interior,207,H-207,1,H-207-1,556052.4562,405103.8351,YES,246_2018_C,2018-10-04,1,1A
247,2018_C_0247,High,2,Interior,207,H-207,1,H-207-1,556052.4565,405103.8853,YES,247_2018_C,2018-10-04,0,
248,2018_C_0248,High,2,Interior,207,H-207,1,H-207-1,556052.4572,405104.0107,YES,248_2018_C,2018-10-04,0,
249,2018_C_0249,High,2,Interior,207,H-207,1,H-207-1,556052.4576,405104.0859,YES,249_2018_C,2018-10-04,0,
250,2018_C_0250,High,2,Interior,207,H-207,1,H-207-1,556052.458,405104.1611,YES,250_2018_C,2018-10-04,0,
251,2018_C_0251,High,2,Interior,207,H-207,1,H-207-1,556052.4583,405104.2113,YES,251_2018_C,2018-10-04,0,
252,2018_C_0252,High,2,Interior,207,H-207,1,H-207-1,556052.4662,405105.6659,NO,252_2018_C,2018-10-04,0,
253,2018_C_0253,High,2,Interior,207,H-207,1,H-207-1,556052.467,405105.8163,YES,253_2018_C,2018-10-04,0,
254,2018_C_0254,High,2,Interior,207,H-207,1,H-207-1,556052.4708,405106.5185,YES,254_2018_C,2018-10-04,0,
255,2018_C_0255,High,2,Interior,207,H-207,1,H-207-1,556052.4727,405106.8696,YES,255_2018_C,2018-10-04,1,1B
256,2018_C_0256,High,2,Interior,207,H-207,2,H-207-2,556052.9507,405105.6217,YES,256_2018_C,2018-10-04,0,
257,2018_C_0257,High,2,Interior,207,H-207,2,H-207-2,556052.9451,405106.8505,YES,257_2018_C,2018-10-04,1,1A
258,2018_C_0258,High,2,Interior,207,H-207,2,H-207-2,556052.9445,405106.9759,YES,258_2018_C,2018-10-04,0,
259,2018_C_0259,High,2,Interior,207,H-207,2,H-207-2,556052.9437,405107.1514,YES,259_2018_C,2018-10-04,1,1A
260,2018_C_0260,High,2,Interior,207,H-207,2,H-207-2,556052.9426,405107.3771,YES,260_2018_C,2018-10-04,0,
261,2018_C_0261,High,2,Interior,207,H-207,3,H-207-3,556053.4735,405101.6868,YES,261_2018_C,2018-10-04,1,1A
262,2018_C_0262,High,2,Interior,207,H-207,3,H-207-3,556053.473,405101.9128,YES,262_2018_C,2018-10-04,1,1B
263,2018_C_0263,High,2,Interior,207,H-207,3,H-207-3,556053.473,405101.8877,YES,263_2018_C,2018-10-04,0,
264,2018_C_0264,High,2,Interior,207,H-207,3,H-207-3,556053.4702,405102.9927,YES,264_2018_C,2018-10-04,1,1A
265,2018_C_0265,High,2,Interior,207,H-207,3,H-207-3,556053.4666,405104.399,YES,265_2018_C,2018-10-04,0,
266,2018_C_0266,High,2,Interior,207,H-207,3,H-207-3,556053.4621,405106.182,YES,266_2018_C,2018-10-04,0,
267,2018_C_0267,High,2,Interior,207,H-207,3,H-207-3,556053.4619,405106.2573,YES,267_2018_C,2018-10-04,0,
268,2018_C_0268,High,2,Interior,207,H-207,3,H-207-3,556053.4587,405107.4878,YES,268_2018_C,2018-10-04,1,1A
269,2018_C_0269,High,2,Interior,207,H-207,3,H-207-3,556053.4586,405107.5381,YES,269_2018_C,2018-10-04,0,
270,2018_C_0270,High,1,Edge,102,H-102,1,H-102-1,556043.186,405111.8647,YES,270_2018_C,2018-10-04,0,
271,2018_C_0271,High,1,Edge,102,H-102,1,H-102-1,556043.1869,405111.9143,YES,271_2018_C,2018-10-04,0,
272,2018_C_0272,High,1,Edge,102,H-102,1,H-102-1,556043.2331,405114.5656,YES,272_2018_C,2018-10-04,1,1A
273,2018_C_0273,High,1,Edge,102,H-102,1,H-102-1,556043.2396,405114.9373,YES,273_2018_C,2018-10-04,0,
274,2018_C_0274,High,1,Edge,102,H-102,1,H-102-1,556043.2427,405115.1107,YES,274_2018_C,2018-10-04,0,
275,2018_C_0275,High,1,Edge,102,H-102,1,H-102-1,556043.2699,405116.6718,YES,275_2018_C,2018-10-04,1,1A
276,2018_C_0276,High,1,Edge,102,H-102,1,H-102-1,556043.2746,405116.9443,YES,276_2018_C,2018-10-04,1,1B
277,2018_C_0277,High,1,Edge,102,H-102,2,H-102-2,556043.7007,405111.5934,YES,277_2018_C,2018-10-04,1,1A
278,2018_C_0278,High,1,Edge,102,H-102,2,H-102-2,556043.7064,405112.3823,YES,278_2018_C,2018-10-04,0,
279,2018_C_0279,High,1,Edge,102,H-102,2,H-102-2,556043.713,405113.2945,YES,279_2018_C,2018-10-04,0,
280,2018_C_0280,High,1,Edge,102,H-102,2,H-102-2,556043.7166,405113.7875,YES,280_2018_C,2018-10-04,0,
281,2018_C_0281,High,1,Edge,102,H-102,2,H-102-2,556043.7212,405114.4285,YES,281_2018_C,2018-10-04,1,1A
282,2018_C_0282,High,1,Edge,102,H-102,2,H-102-2,556043.7239,405114.7983,YES,282_2018_C,2018-10-04,1,1B
283,2018_C_0283,High,1,Edge,102,H-102,2,H-102-2,556043.7375,405116.6719,YES,283_2018_C,2018-10-04,1,1A
284,2018_C_0284,High,1,Edge,102,H-102,3,H-102-3,556044.2199,405112.5943,YES,284_2018_C,2018-10-04,1,1A
285,2018_C_0285,High,1,Edge,102,H-102,3,H-102-3,556044.2186,405113.0392,YES,285_2018_C,2018-10-04,0,
286,2018_C_0286,High,1,Edge,102,H-102,3,H-102-3,556044.2185,405113.0886,YES,286_2018_C,2018-10-04,0,
287,2018_C_0287,High,1,Edge,102,H-102,3,H-102-3,556044.2176,405113.3852,YES,287_2018_C,2018-10-04,1,1A
288,2018_C_0288,High,1,Edge,102,H-102,3,H-102-3,556044.2162,405113.8796,YES,288_2018_C,2018-10-04,1,1A
289,2018_C_0289,High,1,Edge,102,H-102,3,H-102-3,556044.2122,405115.2885,YES,289_2018_C,2018-10-04,0,
290,2018_C_0290,High,1,Edge,102,H-102,3,H-102-3,556044.2076,405116.8951,YES,290_2018_C,2018-10-04,0,
291,2018_C_0291,High,1,Edge,115,H-115,1,H-115-1,556067.0307,405111.6148,YES,291_2018_C,2018-10-04,1,1B
292,2018_C_0292,High,1,Edge,115,H-115,1,H-115-1,556067.0411,405112.8019,YES,292_2018_C,2018-10-04,0,
293,2018_C_0293,High,1,Edge,115,H-115,1,H-115-1,556067.0562,405114.5082,NO,293_2018_C,2018-10-04,1,1A
294,2018_C_0294,High,1,Edge,115,H-115,1,H-115-1,556067.0632,405115.2995,YES,294_2018_C,2018-10-04,0,
295,2018_C_0295,High,1,Edge,115,H-115,1,H-115-1,556067.0636,405115.349,NO,295_2018_C,2018-10-04,1,1A
296,2018_C_0296,High,1,Edge,115,H-115,1,H-115-1,556067.0645,405115.4479,YES,296_2018_C,2018-10-04,0,
297,2018_C_0297,High,1,Edge,115,H-115,2,H-115-2,556067.5808,405113.1071,NO,297_2018_C,2018-10-04,0,
298,2018_C_0298,High,1,Edge,115,H-115,3,H-115-3,556068.0557,405111.1529,YES,298_2018_C,2018-10-04,1,1A
299,2018_C_0299,High,1,Edge,115,H-115,3,H-115-3,556068.0501,405112.0927,YES,299_2018_C,2018-10-04,1,1A
300,2018_C_0300,High,1,Edge,115,H-115,3,H-115-3,556068.0422,405113.4035,YES,300_2018_C,2018-10-04,0,
301,2018_C_0301,High,1,Edge,115,H-115,3,H-115-3,556068.0421,405113.4282,YES,301_2018_C,2018-10-04,1,1A
302,2018_C_0302,High,1,Edge,115,H-115,3,H-115-3,556068.0388,405113.9723,YES,302_2018_C,2018-10-04,1,
303,2018_C_0303,High,1,Edge,115,H-115,3,H-115-3,556068.0384,405114.0465,YES,303_2018_C,2018-10-04,1,1A
304,2018_C_0304,High,1,Edge,115,H-115,3,H-115-3,556068.0364,405114.368,YES,304_2018_C,2018-10-04,1,1B
305,2018_C_0305,High,1,Edge,115,H-115,3,H-115-3,556068.0356,405114.5164,YES,305_2018_C,2018-10-04,1,1A
306,2018_C_0306,High,1,Edge,115,H-115,3,H-115-3,556068.0348,405114.6401,YES,306_2018_C,2018-10-04,1,1A
307,2018_C_0307,High,1,Edge,115,H-115,3,H-115-3,556068.0307,405115.3326,YES,307_2018_C,2018-10-04,1,1A1B
308,2018_C_0308,High,1,Edge,115,H-115,3,H-115-3,556068.0299,405115.4562,YES,308_2018_C,2018-10-04,1,1A
309,2018_C_0309,High,1,Edge,115,H-115,3,H-115-3,556068.0218,405116.8165,NO,309_2018_C,2018-10-04,0,
310,2018_C_0310,Low,1,Edge,108,L-108,1,L-108-1,556087.166,405111.4122,YES,310_2018_C,2018-10-04,1,
311,2018_C_0311,Low,1,Edge,108,L-108,1,L-108-1,556087.1677,405111.7603,YES,311_2018_C,2018-10-04,1,1A
312,2018_C_0312,Low,1,Edge,108,L-108,1,L-108-1,556087.169,405112.0338,YES,312_2018_C,2018-10-04,1,1A
313,2018_C_0313,Low,1,Edge,108,L-108,1,L-108-1,556087.1697,405112.183,NO,313_2018_C,2018-10-04,1,1A
314,2018_C_0314,Low,1,Edge,108,L-108,1,L-108-1,556087.173,405112.8543,YES,314_2018_C,2018-10-04,1,1A
315,2018_C_0315,Low,1,Edge,108,L-108,1,L-108-1,556087.1742,405113.103,YES,315_2018_C,2018-10-04,0,
316,2018_C_0316,Low,1,Edge,108,L-108,1,L-108-1,556087.1753,405113.3268,YES,316_2018_C,2018-10-04,0,
317,2018_C_0317,Low,1,Edge,108,L-108,1,L-108-1,556087.1817,405114.6446,YES,317_2018_C,2018-10-04,0,
318,2018_C_0318,Low,1,Edge,108,L-108,1,L-108-1,556087.1912,405116.584,YES,318_2018_C,2018-10-04,1,1A
319,2018_C_0319,Low,1,Edge,108,L-108,2,L-108-2,556087.7264,405111.0099,YES,319_2018_C,2018-10-04,1,1A
320,2018_C_0320,Low,1,Edge,108,L-108,2,L-108-2,556087.7135,405111.9587,NO,320_2018_C,2018-10-04,0,
321,2018_C_0321,Low,1,Edge,108,L-108,2,L-108-2,556087.7046,405112.6079,YES,321_2018_C,2018-10-04,0,
322,2018_C_0322,Low,1,Edge,108,L-108,2,L-108-2,556087.6931,405113.4568,YES,322_2018_C,2018-10-04,0,
323,2018_C_0323,Low,1,Edge,108,L-108,2,L-108-2,556087.6849,405114.056,YES,323_2018_C,2018-10-04,0,
324,2018_C_0324,Low,1,Edge,108,L-108,2,L-108-2,556087.6801,405114.4055,YES,324_2018_C,2018-10-04,0,
325,2018_C_0325,Low,1,Edge,108,L-108,2,L-108-2,556087.6777,405114.5803,YES,325_2018_C,2018-10-04,0,
326,2018_C_0326,Low,1,Edge,108,L-108,2,L-108-2,556087.6771,405114.6302,YES,326_2018_C,2018-10-04,0,
327,2018_C_0327,Low,1,Edge,108,L-108,2,L-108-2,556087.6638,405115.604,YES,327_2018_C,2018-10-04,1,1B
328,2018_C_0328,Low,1,Edge,108,L-108,2,L-108-2,556087.656,405116.1782,YES,328_2018_C,2018-10-04,0,
329,2018_C_0329,Low,1,Edge,108,L-108,3,L-108-3,556088.2173,405112.2009,YES,329_2018_C,2018-10-04,1,1B
330,2018_C_0330,Low,1,Edge,108,L-108,3,L-108-3,556088.1963,405113.6714,YES,330_2018_C,2018-10-04,1,1A
331,2018_C_0331,Low,1,Edge,108,L-108,3,L-108-3,556088.1924,405113.9455,YES,331_2018_C,2018-10-04,1,1B
332,2018_C_0332,Low,1,Edge,108,L-108,3,L-108-3,556088.1853,405114.444,YES,332_2018_C,2018-10-04,1,1A
333,2018_C_0333,Low,1,Edge,108,L-108,3,L-108-3,556088.1839,405114.5437,YES,333_2018_C,2018-10-04,1,1A
334,2018_C_0334,Low,1,Edge,108,L-108,3,L-108-3,556088.1817,405114.6933,YES,334_2018_C,2018-10-04,1,1A
335,2018_C_0335,Low,1,Edge,108,L-108,3,L-108-3,556088.1807,405114.768,YES,335_2018_C,2018-10-04,1,1A
336,2018_C_0336,Low,1,Edge,108,L-108,3,L-108-3,556088.1721,405115.3662,YES,336_2018_C,2018-10-04,0,
337,2018_C_0337,Low,1,Edge,108,L-108,3,L-108-3,556088.1512,405116.8367,YES,337_2018_C,2018-10-04,1,1A
338,2018_C_0338,Low,1,Edge,108,L-108,3,L-108-3,556088.1497,405116.9364,YES,338_2018_C,2018-10-04,1,1A
339,2018_C_0339,Low,1,Edge,111,L-111,1,L-111-1,556092.4214,405111.5209,YES,339_2018_C,2018-10-04,1,1B
340,2018_C_0340,Low,1,Edge,111,L-111,1,L-111-1,556092.4312,405112.7548,YES,340_2018_C,2018-10-04,1,1A
341,2018_C_0341,Low,1,Edge,111,L-111,1,L-111-1,556092.4413,405114.039,YES,341_2018_C,2018-10-04,0,
342,2018_C_0342,Low,1,Edge,111,L-111,1,L-111-1,556092.453,405115.5247,YES,342_2018_C,2018-10-04,1,1B
343,2018_C_0343,Low,1,Edge,111,L-111,2,L-111-2,556092.9492,405111.3548,YES,343_2018_C,2018-10-04,0,
344,2018_C_0344,Low,1,Edge,111,L-111,2,L-111-2,556092.9521,405112.009,YES,344_2018_C,2018-10-04,1,1B
345,2018_C_0345,Low,1,Edge,111,L-111,2,L-111-2,556092.9531,405112.2355,YES,345_2018_C,2018-10-04,1,1B
346,2018_C_0346,Low,1,Edge,111,L-111,2,L-111-2,556092.9544,405112.5374,YES,346_2018_C,2018-10-04,1,1B
347,2018_C_0347,Low,1,Edge,111,L-111,2,L-111-2,556092.9671,405115.4563,YES,347_2018_C,2018-10-04,0,
348,2018_C_0348,Low,1,Edge,111,L-111,2,L-111-2,556092.97,405116.1105,YES,348_2018_C,2018-10-04,0,
349,2018_C_0349,Low,1,Edge,111,L-111,2,L-111-2,556092.9692,405115.9344,YES,349_2018_C,2018-10-04,1,1B
350,2018_C_0350,Low,1,Edge,111,L-111,3,L-111-3,556093.4502,405112.0654,YES,350_2018_C,2018-10-04,1,1A
351,2018_C_0351,Low,1,Edge,111,L-111,3,L-111-3,556093.4458,405114.0251,YES,351_2018_C,2018-10-04,1,
352,2018_C_0352,Low,1,Edge,111,L-111,3,L-111-3,556093.4442,405114.7286,YES,352_2018_C,2018-10-04,1,1A
353,2018_C_0353,Low,1,Edge,111,L-111,3,L-111-3,556093.444,405114.8542,YES,353_2018_C,2018-10-04,1,1B
354,2018_C_0354,Low,1,Edge,111,L-111,3,L-111-3,556093.4433,405115.1557,YES,354_2018_C,2018-10-04,1,1A
355,2018_C_0355,Low,1,Edge,111,L-111,3,L-111-3,556093.4406,405116.3617,YES,355_2018_C,2018-10-04,1,
356,2018_C_0356,Low,1,Edge,111,L-111,3,L-111-3,556093.4397,405116.7637,YES,356_2018_C,2018-10-04,1,1A
357,2018_C_0357,High,5,Edge,502,H-502,1,H-502-1,556043.4404,405073.0221,YES,357_2018_C,2018-10-16,1,1A
358,2018_C_0358,High,5,Edge,502,H-502,1,H-502-1,556043.4353,405074.3501,YES,358_2018_C,2018-10-16,1,1A
359,2018_C_0359,High,5,Edge,502,H-502,1,H-502-1,556043.4343,405074.6054,YES,359_2018_C,2018-10-16,0,
360,2018_C_0360,High,5,Edge,502,H-502,1,H-502-1,556043.4237,405077.3891,YES,360_2018_C,2018-10-16,1,1B
361,2018_C_0361,High,5,Edge,502,H-502,1,H-502-1,556043.4194,405078.5128,YES,361_2018_C,2018-10-16,1,1B
362,2018_C_0362,High,5,Edge,502,H-502,2,H-502-2,556043.9737,405074.0657,YES,362_2018_C,2018-10-16,0,
363,2018_C_0363,High,5,Edge,502,H-502,2,H-502-2,556043.9727,405074.1167,YES,363_2018_C,2018-10-16,0,
364,2018_C_0364,High,5,Edge,502,H-502,3,H-502-3,556044.5958,405071.8771,YES,364_2018_C,2018-10-16,0,
365,2018_C_0365,High,5,Edge,502,H-502,3,H-502-3,556044.5945,405071.9281,YES,365_2018_C,2018-10-16,0,
366,2018_C_0366,High,5,Edge,502,H-502,3,H-502-3,556044.4954,405075.9378,YES,366_2018_C,2018-10-16,0,
367,2018_C_0367,High,5,Edge,509,H-509,1,H-509-1,556056.1639,405075.2017,YES,367_2018_C,2018-10-16,1,1A
368,2018_C_0368,High,5,Edge,509,H-509,1,H-509-1,556056.1654,405075.9612,YES,368_2018_C,2018-10-16,1,1A
369,2018_C_0369,High,5,Edge,509,H-509,1,H-509-1,556056.1667,405076.5941,YES,369_2018_C,2018-10-16,0,
370,2018_C_0370,High,5,Edge,509,H-509,1,H-509-1,556056.1676,405077.0751,YES,370_2018_C,2018-10-16,1,1A
371,2018_C_0371,High,5,Edge,509,H-509,1,H-509-1,556056.1686,405077.5561,YES,371_2018_C,2018-10-16,0,
372,2018_C_0372,High,5,Edge,509,H-509,1,H-509-1,556056.1686,405077.5814,YES,372_2018_C,2018-10-16,0,
373,2018_C_0373,High,5,Edge,509,H-509,1,H-509-1,556056.1688,405077.6573,YES,373_2018_C,2018-10-16,1,1B
374,2018_C_0374,High,5,Edge,509,H-509,2,H-509-2,556056.7634,405072.9405,YES,374_2018_C,2018-10-16,1,1A
375,2018_C_0375,High,5,Edge,509,H-509,2,H-509-2,556056.7468,405076.931,YES,375_2018_C,2018-10-16,1,1A
376,2018_C_0376,High,5,Edge,509,H-509,3,H-509-3,556057.2775,405072.7214,YES,376_2018_C,2018-10-16,1,1A
377,2018_C_0377,High,5,Edge,509,H-509,3,H-509-3,556057.2711,405073.5615,YES,377_2018_C,2018-10-16,1,1B
378,2018_C_0378,High,5,Edge,509,H-509,3,H-509-3,556057.2502,405076.3109,YES,378_2018_C,2018-10-16,1,1A
379,2018_C_0379,High,5,Edge,509,H-509,3,H-509-3,556057.2452,405076.9728,YES,379_2018_C,2018-10-16,0,
380,2018_C_0380,High,5,Edge,509,H-509,3,H-509-3,556057.2355,405078.2457,YES,380_2018_C,2018-10-16,1,1B
381,2018_C_0381,Low,5,Edge,503,L-503,1,L-503-1,556078.3326,405073.6959,YES,381_2018_C,2018-10-16,1,
382,2018_C_0382,Low,5,Edge,503,L-503,1,L-503-1,556078.3015,405077.174,YES,382_2018_C,2018-10-16,0,
383,2018_C_0383,Low,5,Edge,503,L-503,1,L-503-1,556078.2982,405077.5374,YES,383_2018_C,2018-10-16,0,
384,2018_C_0384,Low,5,Edge,503,L-503,1,L-503-1,556078.2952,405077.8749,YES,384_2018_C,2018-10-16,0,
385,2018_C_0385,Low,5,Edge,503,L-503,2,L-503-2,556078.8209,405073.031,YES,385_2018_C,2018-10-16,1,1B
386,2018_C_0386,Low,5,Edge,503,L-503,2,L-503-2,556078.8147,405075.5047,YES,386_2018_C,2018-10-16,0,
387,2018_C_0387,Low,5,Edge,503,L-503,2,L-503-2,556078.8145,405075.5805,YES,387_2018_C,2018-10-16,0,
388,2018_C_0388,Low,5,Edge,503,L-503,3,L-503-3,556079.3097,405074.068,YES,388_2018_C,2018-10-16,0,
389,2018_C_0389,Low,5,Edge,503,L-503,3,L-503-3,556079.3094,405074.6516,YES,389_2018_C,2018-10-16,1,
390,2018_C_0390,Low,5,Edge,503,L-503,3,L-503-3,556079.3078,405077.6456,YES,390_2018_C,2018-10-16,1,1A
391,2018_C_0391,Low,5,Edge,503,L-503,3,L-503-3,556079.3077,405077.7978,YES,391_2018_C,2018-10-16,1,1A
392,2018_C_0392,Low,5,Edge,511,L-511,1,L-511-1,556092.6759,405074.015,YES,392_2018_C,2018-10-16,1,1A
393,2018_C_0393,Low,5,Edge,511,L-511,1,L-511-1,556092.6754,405075.607,YES,393_2018_C,2018-10-16,1,1B
394,2018_C_0394,Low,5,Edge,511,L-511,1,L-511-1,556092.6754,405075.7081,YES,394_2018_C,2018-10-16,1,1A
395,2018_C_0395,Low,5,Edge,511,L-511,1,L-511-1,556092.6754,405075.9355,YES,395_2018_C,2018-10-16,1,1B
396,2018_C_0396,Low,5,Edge,511,L-511,1,L-511-1,556092.6753,405076.0871,YES,396_2018_C,2018-10-16,0,
397,2018_C_0397,Low,5,Edge,511,L-511,2,L-511-2,556093.2338,405073.9456,YES,397_2018_C,2018-10-16,0,
398,2018_C_0398,Low,5,Edge,511,L-511,2,L-511-2,556093.234,405076.1251,YES,398_2018_C,2018-10-16,1,1A1B
399,2018_C_0399,Low,5,Edge,511,L-511,2,L-511-2,556093.234,405076.6011,YES,399_2018_C,2018-10-16,0,
400,2018_C_0400,Low,5,Edge,511,L-511,2,L-511-2,556093.2341,405077.6282,YES,400_2018_C,2018-10-16,1,1A
401,2018_C_0401,Low,5,Edge,511,L-511,2,L-511-2,556093.2336,405072.1167,YES,401_2018_C,2018-10-16,1,1A
402,2018_C_0402,Low,4,Interior,417,L-417,1,L-417-1,556103.6148,405081.5232,YES,402_2018_C,2018-10-16,0,
403,2018_C_0403,Low,4,Interior,417,L-417,2,L-417-2,556104.1363,405082.074,YES,403_2018_C,2018-10-16,1,1A1B
404,2018_C_0404,Low,4,Interior,417,L-417,2,L-417-2,556104.1279,405083.2784,YES,404_2018_C,2018-10-16,1,1A
405,2018_C_0405,Low,4,Interior,417,L-417,2,L-417-2,556104.1262,405083.5294,YES,405_2018_C,2018-10-16,0,
406,2018_C_0406,Low,4,Interior,417,L-417,2,L-417-2,556104.1135,405085.3611,YES,406_2018_C,2018-10-16,1,1A
407,2018_C_0407,Low,4,Interior,417,L-417,3,L-417-3,556104.6389,405083.6283,YES,407_2018_C,2018-10-16,1,1A
408,2018_C_0408,Low,4,Interior,417,L-417,3,L-417-3,556104.6375,405083.6785,YES,408_2018_C,2018-10-16,0,
409,2018_C_0409,Low,4,Interior,417,L-417,3,L-417-3,556104.6191,405084.3555,YES,409_2018_C,2018-10-16,1,1A
410,2018_C_0410,Low,4,Interior,417,L-417,3,L-417-3,556104.6075,405084.7817,YES,410_2018_C,2018-10-16,1,1B
411,2018_C_0411,Low,4,Interior,417,L-417,3,L-417-3,556104.5849,405085.6092,YES,411_2018_C,2018-10-16,0,
412,2018_C_0412,Low,4,Interior,417,L-417,3,L-417-3,556104.5726,405086.0605,YES,412_2018_C,2018-10-16,0,
413,2018_C_0413,Low,4,Interior,417,L-417,3,L-417-3,556104.5644,405086.3614,YES,413_2018_C,2018-10-16,0,
414,2018_C_0414,Low,4,Interior,406,L-406,1,L-406-1,556083.5056,405082.9248,YES,414_2018_C,2018-10-16,1,
415,2018_C_0415,Low,4,Interior,406,L-406,1,L-406-1,556083.5139,405086.2299,YES,415_2018_C,2018-10-16,1,1A1B
416,2018_C_0416,Low,4,Interior,406,L-406,1,L-406-1,556083.5149,405086.6142,YES,416_2018_C,2018-10-16,1,1A1B
417,2018_C_0417,Low,4,Interior,406,L-406,3,L-406-3,556084.5178,405084.6691,YES,417_2018_C,2018-10-16,0,
418,2018_C_0418,High,4,Interior,411,H-411,1,H-411-1,556059.7665,405083.0586,YES,418_2018_C,2018-10-16,1,1A
419,2018_C_0419,High,4,Interior,411,H-411,1,H-411-1,556059.7589,405083.5121,YES,419_2018_C,2018-10-16,1,1B
420,2018_C_0420,High,4,Interior,411,H-411,1,H-411-1,556059.7367,405084.8224,YES,420_2018_C,2018-10-16,1,1A
421,2018_C_0421,High,4,Interior,411,H-411,1,H-411-1,556059.6905,405087.5436,YES,421_2018_C,2018-10-16,0,
422,2018_C_0422,High,4,Interior,411,H-411,1,H-411-1,556059.6846,405087.8963,YES,422_2018_C,2018-10-16,1,1B
423,2018_C_0423,High,4,Interior,411,H-411,1,H-411-1,556059.6829,405087.9971,YES,423_2018_C,2018-10-16,0,
424,2018_C_0424,High,4,Interior,411,H-411,2,H-411-2,556060.2667,405083.0886,YES,424_2018_C,2018-10-16,1,1A
425,2018_C_0425,High,4,Interior,411,H-411,2,H-411-2,556060.266,405083.1388,YES,425_2018_C,2018-10-16,1,1A
426,2018_C_0426,High,4,Interior,411,H-411,2,H-411-2,556060.2452,405084.6456,YES,426_2018_C,2018-10-16,1,
427,2018_C_0427,High,4,Interior,411,H-411,2,H-411-2,556060.2407,405084.9721,YES,427_2018_C,2018-10-16,1,1A
428,2018_C_0428,High,4,Interior,411,H-411,2,H-411-2,556060.2389,405085.0976,YES,428_2018_C,2018-10-16,1,1B
429,2018_C_0429,High,4,Interior,411,H-411,2,H-411-2,556060.2372,405085.2232,YES,429_2018_C,2018-10-16,1,1A
430,2018_C_0430,High,4,Interior,411,H-411,3,H-411-3,556060.7872,405082.4138,YES,430_2018_C,2018-10-16,0,
431,2018_C_0431,High,4,Interior,411,H-411,3,H-411-3,556060.7846,405082.7367,YES,431_2018_C,2018-10-16,1,
432,2018_C_0432,High,4,Interior,411,H-411,3,H-411-3,556060.7823,405083.0099,YES,432_2018_C,2018-10-16,1,1A
433,2018_C_0433,High,4,Interior,411,H-411,3,H-411-3,556060.7803,405083.2583,YES,433_2018_C,2018-10-16,1,
434,2018_C_0434,High,4,Interior,411,H-411,3,H-411-3,556060.7675,405084.7983,YES,434_2018_C,2018-10-16,1,1B
435,2018_C_0435,High,4,Interior,411,H-411,3,H-411-3,556060.7544,405086.3879,YES,435_2018_C,2018-10-16,1,1A
436,2018_C_0436,High,4,Interior,405,H-405,1,H-405-1,556048.7374,405084.2557,YES,436_2018_C,2018-10-16,0,
437,2018_C_0437,High,4,Interior,405,H-405,1,H-405-1,556048.74,405085.68,YES,437_2018_C,2018-10-16,0,
438,2018_C_0438,High,4,Interior,405,H-405,1,H-405-1,556048.7402,405085.8326,YES,438_2018_C,2018-10-16,0,
439,2018_C_0439,High,4,Interior,405,H-405,2,H-405-2,556049.2797,405082.1376,YES,439_2018_C,2018-10-16,0,
440,2018_C_0440,High,4,Interior,405,H-405,2,H-405-2,556049.2803,405083.413,YES,440_2018_C,2018-10-16,1,1A
441,2018_C_0441,High,4,Interior,405,H-405,2,H-405-2,556049.2808,405084.4333,YES,441_2018_C,2018-10-16,0,
442,2018_C_0442,High,4,Interior,405,H-405,2,H-405-2,556049.2811,405085.224,YES,442_2018_C,2018-10-16,1,1A
443,2018_C_0443,High,4,Interior,405,H-405,2,H-405-2,556049.2812,405085.275,YES,443_2018_C,2018-10-16,1,1B
444,2018_C_0444,High,4,Interior,405,H-405,3,H-405-3,556049.8028,405084.319,YES,444_2018_C,2018-10-16,1,1A
445,2018_C_0445,High,4,Interior,405,H-405,3,H-405-3,556049.8023,405084.3951,YES,445_2018_C,2018-10-16,0,
446,2018_C_0446,High,4,Interior,405,H-405,3,H-405-3,556049.7942,405085.7388,YES,446_2018_C,2018-10-16,1,1A
447,2018_C_0447,High,4,Interior,405,H-405,3,H-405-3,556049.7844,405087.3362,YES,447_2018_C,2018-10-16,1,1A
448,2018_C_0448,High,3,Interior,306,H-306,1,H-306-1,556050.5667,405092.3849,YES,448_2018_C,2018-10-16,1,1A
449,2018_C_0449,High,3,Interior,306,H-306,1,H-306-1,556050.5663,405092.5116,YES,449_2018_C,2018-10-16,0,
450,2018_C_0450,High,3,Interior,306,H-306,1,H-306-1,556050.5633,405093.3725,YES,450_2018_C,2018-10-16,0,
451,2018_C_0451,High,3,Interior,306,H-306,1,H-306-1,556050.5631,405093.4231,YES,451_2018_C,2018-10-16,1,
452,2018_C_0452,High,3,Interior,306,H-306,1,H-306-1,556050.559,405094.6386,YES,452_2018_C,2018-10-16,1,1A
453,2018_C_0453,High,3,Interior,306,H-306,1,H-306-1,556050.5577,405095.0184,YES,453_2018_C,2018-10-16,1,
454,2018_C_0454,High,3,Interior,306,H-306,1,H-306-1,556050.5564,405095.3982,YES,454_2018_C,2018-10-16,0,
455,2018_C_0455,High,3,Interior,306,H-306,1,H-306-1,556050.5561,405095.4742,YES,455_2018_C,2018-10-16,0,
456,2018_C_0456,High,3,Interior,306,H-306,2,H-306-2,556051.1328,405091.7163,YES,456_2018_C,2018-10-16,1,1A
457,2018_C_0457,High,3,Interior,306,H-306,2,H-306-2,556051.1266,405092.5524,YES,457_2018_C,2018-10-16,1,1A
458,2018_C_0458,High,3,Interior,306,H-306,2,H-306-2,556051.1118,405094.5538,YES,458_2018_C,2018-10-16,0,
459,2018_C_0459,High,3,Interior,306,H-306,2,H-306-2,556051.1008,405096.0485,YES,459_2018_C,2018-10-16,0,
460,2018_C_0460,High,3,Interior,306,H-306,2,H-306-2,556051.0978,405096.4539,YES,460_2018_C,2018-10-16,0,
461,2018_C_0461,High,3,Interior,306,H-306,2,H-306-2,556051.0942,405096.9352,YES,461_2018_C,2018-10-16,1,
462,2018_C_0462,High,3,Interior,306,H-306,3,H-306-3,556051.658,405092.0804,YES,462_2018_C,2018-10-16,1,
463,2018_C_0463,High,3,Interior,306,H-306,3,H-306-3,556051.657,405092.232,YES,463_2018_C,2018-10-16,0,
464,2018_C_0464,High,3,Interior,306,H-306,3,H-306-3,556051.6559,405092.4088,YES,464_2018_C,2018-10-16,0,
465,2018_C_0465,High,3,Interior,306,H-306,3,H-306-3,556051.6543,405092.6615,YES,465_2018_C,2018-10-16,0,
466,2018_C_0466,High,3,Interior,306,H-306,3,H-306-3,556051.6363,405095.5414,YES,466_2018_C,2018-10-16,0,
467,2018_C_0467,High,3,Interior,306,H-306,3,H-306-3,556051.6335,405095.9962,YES,467_2018_C,2018-10-16,1,1A
468,2018_C_0468,High,3,Interior,306,H-306,3,H-306-3,556051.6254,405097.2846,YES,468_2018_C,2018-10-16,0,
469,2018_C_0469,High,3,Interior,306,H-306,3,H-306-3,556051.6227,405097.714,YES,469_2018_C,2018-10-16,1,1A
470,2018_C_0470,High,3,Interior,312,H-312,1,H-312-1,556061.5316,405092.8883,YES,470_2018_C,2018-10-16,1,1A
471,2018_C_0471,High,3,Interior,312,H-312,1,H-312-1,556061.5317,405093.5918,YES,471_2018_C,2018-10-16,1,1A
472,2018_C_0472,High,3,Interior,312,H-312,1,H-312-1,556061.5319,405096.8579,YES,472_2018_C,2018-10-16,0,
473,2018_C_0473,High,3,Interior,312,H-312,2,H-312-2,556061.9981,405094.8244,YES,473_2018_C,2018-10-16,1,1A
474,2018_C_0474,High,3,Interior,312,H-312,2,H-312-2,556062.0119,405097.5188,YES,474_2018_C,2018-10-16,0,
475,2018_C_0475,High,3,Interior,312,H-312,3,H-312-3,556062.5384,405091.6387,YES,475_2018_C,2018-10-16,1,1A
476,2018_C_0476,High,3,Interior,312,H-312,3,H-312-3,556062.5351,405093.9986,YES,476_2018_C,2018-10-16,0,
477,2018_C_0477,High,3,Interior,312,H-312,3,H-312-3,556062.5323,405095.9317,YES,477_2018_C,2018-10-16,1,1A
478,2018_C_0478,High,3,Interior,312,H-312,3,H-312-3,556062.5306,405097.1368,YES,478_2018_C,2018-10-16,1,1B
479,2018_C_0479,Low,3,Interior,305,L-305,1,L-305-1,556081.6399,405095.0862,YES,479_2018_C,2018-10-16,0,
480,2018_C_0480,Low,3,Interior,305,L-305,2,L-305-2,556082.1576,405093.6576,YES,480_2018_C,2018-10-16,1,1B
481,2018_C_0481,Low,3,Interior,305,L-305,2,L-305-2,556082.1552,405093.86,YES,481_2018_C,2018-10-16,0,
482,2018_C_0482,Low,3,Interior,305,L-305,2,L-305-2,556082.1488,405094.3914,YES,482_2018_C,2018-10-16,0,
483,2018_C_0483,Low,3,Interior,305,L-305,2,L-305-2,556082.1308,405095.8845,YES,483_2018_C,2018-10-16,1,1A
484,2018_C_0484,Low,3,Interior,305,L-305,2,L-305-2,556082.1229,405096.5425,YES,484_2018_C,2018-10-16,0,
485,2018_C_0485,Low,3,Interior,305,L-305,2,L-305-2,556082.1189,405096.8714,YES,485_2018_C,2018-10-16,1,1A
486,2018_C_0486,Low,3,Interior,305,L-305,2,L-305-2,556082.1144,405097.251,YES,486_2018_C,2018-10-16,1,1A
487,2018_C_0487,Low,3,Interior,305,L-305,3,L-305-3,556082.673,405093.4813,YES,487_2018_C,2018-10-16,0,
488,2018_C_0488,Low,3,Interior,305,L-305,3,L-305-3,556082.611,405096.0149,YES,488_2018_C,2018-10-16,1,1A
489,2018_C_0489,Low,3,Interior,315,L-315,1,L-315-1,556100.0626,405094.2509,YES,489_2018_C,2018-10-16,1,1B
490,2018_C_0490,Low,3,Interior,315,L-315,1,L-315-1,556100.0396,405095.9257,YES,490_2018_C,2018-10-16,1,1A
491,2018_C_0491,Low,3,Interior,315,L-315,2,L-315-2,556100.536,405094.1935,YES,491_2018_C,2018-10-16,0,
492,2018_C_0492,Low,3,Interior,315,L-315,3,L-315-3,556101.0556,405091.5567,YES,492_2018_C,2018-10-16,0,
493,2018_C_0493,Low,3,Interior,315,L-315,3,L-315-3,556101.0542,405091.6319,YES,493_2018_C,2018-10-16,1,1A
494,2018_C_0494,Low,3,Interior,315,L-315,3,L-315-3,556100.9579,405096.7693,YES,494_2018_C,2018-10-16,1,1B
495,2018_C_0495,Low,2,Interior,215,L-215,1,L-215-1,556099.96,405100.901,YES,495_2018_C,2018-10-16,1,1A
496,2018_C_0496,Low,2,Interior,215,L-215,1,L-215-1,556099.9573,405101.6223,YES,496_2018_C,2018-10-16,1,1A
497,2018_C_0497,Low,2,Interior,215,L-215,1,L-215-1,556099.9481,405104.1342,YES,497_2018_C,2018-10-16,1,1B
498,2018_C_0498,Low,2,Interior,215,L-215,2,L-215-2,556100.4621,405103.865,YES,498_2018_C,2018-10-16,1,1A
499,2018_C_0499,Low,2,Interior,215,L-215,2,L-215-2,556100.4591,405104.2652,YES,499_2018_C,2018-10-16,1,1A
500,2018_C_0500,Low,2,Interior,215,L-215,2,L-215-2,556100.4556,405104.7405,YES,500_2018_C,2018-10-16,1,1B
501,2018_C_0501,Low,2,Interior,215,L-215,2,L-215-2,556100.4537,405104.9906,YES,501_2018_C,2018-10-16,1,1B
502,2018_C_0502,Low,2,Interior,215,L-215,2,L-215-2,556100.4468,405105.9162,YES,502_2018_C,2018-10-16,0,
503,2018_C_0503,Low,2,Interior,215,L-215,2,L-215-2,556100.4439,405106.3165,YES,503_2018_C,2018-10-16,0,
504,2018_C_0504,Low,2,Interior,215,L-215,2,L-215-2,556100.4422,405106.5416,YES,504_2018_C,2018-10-16,0,
505,2018_C_0505,Low,2,Interior,215,L-215,3,L-215-3,556100.9337,405103.2972,YES,505_2018_C,2018-10-16,0,
506,2018_C_0506,Low,2,Interior,215,L-215,3,L-215-3,556100.9311,405103.7992,YES,506_2018_C,2018-10-16,1,
507,2018_C_0507,Low,2,Interior,215,L-215,3,L-215-3,556100.9295,405104.1004,YES,507_2018_C,2018-10-16,0,
508,2018_C_0508,Low,2,Interior,215,L-215,3,L-215-3,556100.9255,405104.8784,YES,508_2018_C,2018-10-16,1,1A
509,2018_C_0509,Low,2,Interior,215,L-215,3,L-215-3,556100.9182,405106.2839,YES,509_2018_C,2018-10-16,0,
511,2018_C_0511,Low,2,Interior,202,L-202,1,L-202-1,556076.2677,405101.3729,YES,511_2018_C,2018-10-16,1,1A
512,2018_C_0512,Low,2,Interior,202,L-202,1,L-202-1,556076.2583,405102.7764,YES,512_2018_C,2018-10-16,0,
513,2018_C_0513,Low,2,Interior,202,L-202,1,L-202-1,556076.2501,405104.0046,YES,513_2018_C,2018-10-16,0,
514,2018_C_0514,Low,2,Interior,202,L-202,1,L-202-1,556076.2434,405105.0071,YES,514_2018_C,2018-10-16,0,
515,2018_C_0515,Low,2,Interior,202,L-202,3,L-202-3,556077.3076,405102.88,YES,515_2018_C,2018-10-16,0,
516,2018_C_0516,Low,2,Interior,202,L-202,3,L-202-3,556077.2807,405104.9784,YES,516_2018_C,2018-10-16,1,
517,2018_C_0517,Low,2,Interior,202,L-202,3,L-202-3,556077.266,405106.1275,YES,517_2018_C,2018-10-16,0,
518,2018_C_0518,High,2,Interior,217,H-217,1,H-217-1,556070.5382,405102.2766,YES,518_2018_C,2018-10-16,0,
519,2018_C_0519,High,2,Interior,217,H-217,1,H-217-1,556070.5379,405102.3759,YES,519_2018_C,2018-10-16,1,
520,2018_C_0520,High,2,Interior,217,H-217,1,H-217-1,556070.5377,405102.4504,YES,520_2018_C,2018-10-16,1,
521,2018_C_0521,High,2,Interior,217,H-217,1,H-217-1,556070.537,405102.7235,YES,521_2018_C,2018-10-16,0,
522,2018_C_0522,High,2,Interior,217,H-217,1,H-217-1,556070.5363,405103.0214,YES,522_2018_C,2018-10-16,0,
523,2018_C_0523,High,2,Interior,217,H-217,1,H-217-1,556070.5355,405103.3193,YES,523_2018_C,2018-10-16,1,1A
524,2018_C_0524,High,2,Interior,217,H-217,1,H-217-1,556070.534,405103.9151,YES,524_2018_C,2018-10-16,1,1A
525,2018_C_0525,High,2,Interior,217,H-217,1,H-217-1,556070.5339,405103.9648,YES,525_2018_C,2018-10-16,0,
526,2018_C_0526,High,2,Interior,217,H-217,1,H-217-1,556070.5269,405106.6956,YES,526_2018_C,2018-10-16,1,
527,2018_C_0527,High,2,Interior,217,H-217,2,H-217-2,556071.0904,405103.659,YES,527_2018_C,2018-10-16,0,
528,2018_C_0528,High,2,Interior,217,H-217,2,H-217-2,556071.0885,405104.1797,YES,528_2018_C,2018-10-16,0,
529,2018_C_0529,High,2,Interior,217,H-217,3,H-217-3,556071.6025,405101.6236,YES,529_2018_C,2018-10-16,0,
530,2018_C_0530,High,2,Interior,217,H-217,3,H-217-3,556071.6006,405101.8949,YES,530_2018_C,2018-10-16,1,1A
531,2018_C_0531,High,2,Interior,217,H-217,3,H-217-3,556071.5911,405103.2021,YES,531_2018_C,2018-10-16,0,
532,2018_C_0532,High,2,Interior,217,H-217,3,H-217-3,556071.5885,405103.572,YES,532_2018_C,2018-10-16,1,
533,2018_C_0533,High,2,Interior,217,H-217,3,H-217-3,556071.5828,405104.3613,YES,533_2018_C,2018-10-16,0,
534,2018_C_0534,High,2,Interior,207,H-207,1,H-207-1,556052.4432,405101.4527,YES,534_2018_C,2018-10-16,1,1A
535,2018_C_0535,High,2,Interior,207,H-207,1,H-207-1,556052.444,405101.6031,YES,535_2018_C,2018-10-16,1,1A
536,2018_C_0536,High,2,Interior,207,H-207,1,H-207-1,556052.4468,405102.1047,YES,536_2018_C,2018-10-16,1,1A
537,2018_C_0537,High,2,Interior,207,H-207,1,H-207-1,556052.4532,405103.2834,YES,537_2018_C,2018-10-16,0,
538,2018_C_0538,High,2,Interior,207,H-207,1,H-207-1,556052.4587,405104.2865,YES,538_2018_C,2018-10-16,0,
539,2018_C_0539,High,2,Interior,207,H-207,1,H-207-1,556052.4634,405105.1643,YES,539_2018_C,2018-10-16,1,1A
540,2018_C_0540,High,2,Interior,207,H-207,2,H-207-2,556052.9668,405102.111,YES,540_2018_C,2018-10-16,1,
541,2018_C_0541,High,2,Interior,207,H-207,2,H-207-2,556052.9676,405101.9354,YES,541_2018_C,2018-10-16,1,1B
542,2018_C_0542,High,2,Interior,207,H-207,2,H-207-2,556052.9641,405102.7128,YES,542_2018_C,2018-10-16,1,
543,2018_C_0543,High,2,Interior,207,H-207,3,H-207-3,556053.4726,405102.0384,YES,543_2018_C,2018-10-16,1,1A
544,2018_C_0544,High,2,Interior,207,H-207,3,H-207-3,556053.4719,405102.3397,YES,544_2018_C,2018-10-16,1,1A
545,2018_C_0545,High,2,Interior,207,H-207,3,H-207-3,556053.4712,405102.616,YES,545_2018_C,2018-10-16,1,
546,2018_C_0546,High,2,Interior,207,H-207,3,H-207-3,556053.4656,405104.7757,YES,546_2018_C,2018-10-16,1,1A
547,2018_C_0547,High,2,Interior,207,H-207,3,H-207-3,556053.4597,405107.086,YES,547_2018_C,2018-10-16,0,
548,2018_C_0548,High,1,Edge,102,H-102,1,H-102-1,556043.183,405111.6913,YES,548_2018_C,2018-10-16,1,1A
549,2018_C_0549,High,1,Edge,102,H-102,2,H-102-2,556043.7118,405113.1219,YES,549_2018_C,2018-10-16,0,
550,2018_C_0550,High,1,Edge,102,H-102,2,H-102-2,556043.7138,405113.3931,YES,550_2018_C,2018-10-16,0,
551,2018_C_0551,High,1,Edge,102,H-102,2,H-102-2,556043.7198,405114.2313,YES,551_2018_C,2018-10-16,1,1A
552,2018_C_0552,High,1,Edge,102,H-102,2,H-102-2,556043.725,405114.9462,YES,552_2018_C,2018-10-16,1,
553,2018_C_0553,High,1,Edge,102,H-102,2,H-102-2,556043.7252,405114.9709,YES,553_2018_C,2018-10-16,0,
554,2018_C_0554,High,1,Edge,102,H-102,3,H-102-3,556044.2076,405116.8951,YES,554_2018_C,2018-10-16,0,
555,2018_C_0555,High,1,Edge,102,H-102,3,H-102-3,556044.2147,405114.3986,YES,555_2018_C,2018-10-16,0,
556,2018_C_0556,High,1,Edge,102,H-102,3,H-102-3,556044.2127,405115.1155,YES,556_2018_C,2018-10-16,0,
557,2018_C_0557,High,1,Edge,115,H-115,1,H-115-1,556067.0638,405115.3737,YES,557_2018_C,2018-10-16,1,1A
558,2018_C_0558,High,1,Edge,115,H-115,2,H-115-2,556067.5852,405111.3524,YES,558_2018_C,2018-10-16,1,1A1B
559,2018_C_0559,High,1,Edge,115,H-115,2,H-115-2,556067.577,405114.6394,YES,559_2018_C,2018-10-16,1,1A
560,2018_C_0560,High,1,Edge,115,H-115,2,H-115-2,556067.5762,405114.936,YES,560_2018_C,2018-10-16,1,1B
561,2018_C_0561,High,1,Edge,115,H-115,2,H-115-2,556067.5708,405117.0861,YES,561_2018_C,2018-10-16,1,1B
562,2018_C_0562,High,1,Edge,115,H-115,3,H-115-3,556068.0548,405111.3013,YES,562_2018_C,2018-10-16,1,1A
563,2018_C_0563,High,1,Edge,115,H-115,3,H-115-3,556068.053,405111.5981,YES,563_2018_C,2018-10-16,0,
564,2018_C_0564,High,1,Edge,115,H-115,3,H-115-3,556068.0296,405115.5057,YES,564_2018_C,2018-10-16,0,
565,2018_C_0565,Low,1,Edge,108,L-108,1,L-108-1,556087.1642,405111.0392,YES,565_2018_C,2018-10-16,0,
566,2018_C_0566,Low,1,Edge,108,L-108,1,L-108-1,556087.1647,405111.1387,YES,566_2018_C,2018-10-16,1,1A
567,2018_C_0567,Low,1,Edge,108,L-108,1,L-108-1,556087.1706,405112.357,YES,567_2018_C,2018-10-16,0,
568,2018_C_0568,Low,1,Edge,108,L-108,1,L-108-1,556087.1719,405112.6306,YES,568_2018_C,2018-10-16,1,1B
569,2018_C_0569,Low,1,Edge,108,L-108,1,L-108-1,556087.1775,405113.7743,YES,569_2018_C,2018-10-16,1,1A
570,2018_C_0570,Low,1,Edge,108,L-108,1,L-108-1,556087.1827,405114.8435,YES,570_2018_C,2018-10-16,1,1A
571,2018_C_0571,Low,1,Edge,108,L-108,1,L-108-1,556087.1895,405116.2359,YES,571_2018_C,2018-10-16,0,
572,2018_C_0572,Low,1,Edge,108,L-108,1,L-108-1,556087.193,405116.957,YES,572_2018_C,2018-10-16,1,1B
573,2018_C_0573,Low,1,Edge,108,L-108,2,L-108-2,556087.707,405112.4331,YES,573_2018_C,2018-10-16,1,
574,2018_C_0574,Low,1,Edge,108,L-108,3,L-108-3,556088.2319,405111.1791,YES,574_2018_C,2018-10-16,0,
575,2018_C_0575,Low,1,Edge,111,L-111,1,L-111-1,556092.4197,405111.2943,YES,575_2018_C,2018-10-16,1,1A
576,2018_C_0576,Low,1,Edge,111,L-111,1,L-111-1,556092.422,405111.5964,YES,576_2018_C,2018-10-16,1,1A
577,2018_C_0577,Low,1,Edge,111,L-111,1,L-111-1,556092.4286,405112.4274,YES,577_2018_C,2018-10-16,0,
578,2018_C_0578,Low,1,Edge,111,L-111,1,L-111-1,556092.4514,405115.3232,YES,578_2018_C,2018-10-16,0,
579,2018_C_0579,Low,1,Edge,111,L-111,1,L-111-1,556092.455,405115.7765,YES,579_2018_C,2018-10-16,0,
580,2018_C_0580,Low,1,Edge,111,L-111,1,L-111-1,556092.4625,405116.7333,YES,580_2018_C,2018-10-16,0,
581,2018_C_0581,Low,1,Edge,111,L-111,2,L-111-2,556092.954,405112.4368,YES,581_2018_C,2018-10-16,0,
582,2018_C_0582,Low,1,Edge,111,L-111,2,L-111-2,556092.9614,405114.1478,YES,582_2018_C,2018-10-16,0,
