SampleID,Year,SampleType,SampleNum,Date,Subgroup,R16,Ref_1A,SNP125_1B,SNP162_1B,Prp1A,Prp1B,SAP05,SAP06,SAP11,SAP13,SAP15,SAP19,SAP21,SAP27,SAP35,SAP36,SAP41,SAP42,SAP44,SAP45,SAP48,SAP49,SAP54,SAP66,SAP67,SAP68
2018_C_0025,2018,C,25,2018-08-21,1A,337,331,6,6,0.982195846,0.017804154,2517,13315,4651,11052,15801,1839,19,313,891,145,16094,17625,2864,5415,11294,11324,337,7980,207,651
2018_C_0026,2018,C,26,2018-08-21,1B,335,5,328,330,0.014925373,0.985074627,2037,45,17,27,55,9,0,415,657,219,450,6876,4346,23,11504,14313,198,57,0,0
2018_C_0027,2018,C,27,2018-08-21,1A,113,113,0,0,1,0,1601,9062,2269,5192,10998,1005,0,47,359,33,9851,9661,1369,3267,6449,9939,123,5091,33,229
2018_C_0028,2018,C,28,2018-08-21,1B,123,5,118,116,0.040650407,0.959349593,205,43,25,31,73,13,0,503,737,251,479,5754,3737,53,11624,16636,231,89,5,9
2018_C_0029,2018,C,29,2018-08-21,1B,969,17,952,938,0.01754386,0.98245614,347,121,53,69,171,37,3,861,2297,497,99,14249,7523,81,20747,20613,523,125,7,9
2018_C_0030,2018,C,30,2018-08-21,1B,461,9,452,452,0.019522777,0.980477223,199,149,29,61,129,15,0,501,1253,259,9595,8326,5906,67,24855,24117,293,207,13,17
2018_C_0031,2018,C,31,2018-08-21,1B,543,7,536,530,0.012891344,0.987108656,233,245,53,81,109,29,0,515,1131,305,1597,10529,4973,71,19336,19357,257,341,5,11
2018_C_0032,2018,C,32,2018-08-21,1B,349,13,336,336,0.037249284,0.962750716,279,51,13,39,97,13,0,351,1235,227,290,6833,6339,37,21146,24725,239,63,0,3
2018_C_0034,2018,C,34,2018-08-21,1B,303,11,292,292,0.03630363,0.96369637,3191,67,29,47,147,17,0,379,1015,151,2511,14891,7881,79,36347,24322,313,167,3,13
2018_C_0035,2018,C,35,2018-08-21,1B,205,1,204,204,0.004878049,0.995121951,2966,42,25,37,129,5,0,247,885,125,114,7074,6277,49,24754,23952,281,61,0,3
2018_C_0036,2018,C,36,2018-08-21,1B,493,19,474,468,0.038539554,0.961460446,3369,65,41,63,165,27,0,467,863,235,97,11626,6946,91,19219,27125,197,119,0,5
2018_C_0037,2018,C,37,2018-08-21,1B,431,11,420,414,0.025522042,0.974477958,2484,41,19,33,89,13,0,425,683,233,66,5783,4192,33,16031,18976,169,57,0,7
2018_C_0038,2018,C,38,2018-08-21,1B,427,9,418,416,0.021077283,0.978922717,2785,17,27,25,77,15,0,467,809,185,159,6040,3809,39,7557,16501,284,57,0,9
2018_C_0039,2018,C,39,2018-08-21,1A,379,375,4,4,0.98944591,0.01055409,3835,14486,4719,9837,12816,1981,33,485,793,263,14483,21003,2912,5807,10261,10932,301,7929,139,723
2018_C_0040,2018,C,40,2018-08-21,1A,401,397,0,4,0.990024938,0.009975062,3611,11788,5141,8394,13186,1885,11,453,1025,253,10484,18458,2571,4899,7564,9047,365,6787,247,853
2018_C_0041,2018,C,41,2018-09-06,1A,219,207,12,10,0.945205479,0.054794521,1467,9941,2577,3874,7835,961,13,127,427,89,5768,7185,1167,1955,4227,5946,169,3295,15,263
2018_C_0047,2018,C,47,2018-09-18,1A,65,65,0,0,1,0,1043,7417,301,1951,4893,703,0,33,263,29,2828,2391,487,913,1718,3799,109,3207,17,69
2018_C_0048,2018,C,48,2018-09-18,1A,479,463,14,16,0.966597077,0.033402923,2537,10983,4009,4906,7689,1433,7,523,775,201,16303,14282,3259,2763,7388,8531,257,6299,209,503
2018_C_0051,2018,C,51,2018-09-18,1A,285,285,0,0,1,0,2321,8737,2973,6137,8571,874,15,347,527,145,11934,13392,1553,3317,7696,11382,109,4670,133,431
2018_C_0052,2018,C,52,2018-09-18,1A,382,378,0,4,0.989528796,0.010471204,5385,14353,5283,10223,15961,1971,3,227,847,135,10464,18758,2835,6197,7305,11020,241,7387,159,547
2018_C_0054,2018,C,54,2018-09-18,1A,319,315,0,4,0.987460815,0.012539185,3259,11036,4409,7307,10459,1541,0,243,889,129,10675,15539,2050,5546,7348,9175,283,5619,141,393
2018_C_0055,2018,C,55,2018-09-18,1A,207,207,0,0,1,0,3097,11968,3017,6305,12592,1241,13,133,617,91,11936,11511,1531,4319,6382,11721,201,5723,97,279
2018_C_0056,2018,C,56,2018-09-18,1A,257,245,12,12,0.953307393,0.046692607,3819,9419,4049,8507,11268,1309,5,301,661,119,12648,17909,2141,5454,8909,10026,175,6129,135,345
2018_C_0057,2018,C,57,2018-09-18,1A,393,383,8,10,0.974554707,0.025445293,3535,12946,4183,9262,13867,1547,15,267,793,179,14313,17958,2292,6416,10064,11603,247,6059,135,497
2018_C_0058,2018,C,58,2018-09-18,1A,305,297,8,8,0.973770492,0.026229508,3823,11844,3884,9259,13305,1465,9,247,703,147,16202,16658,2090,5061,11324,10366,225,6449,151,585
2018_C_0063,2018,C,63,2018-09-18,1A,291,287,0,4,0.986254296,0.013745704,2911,10885,4013,8374,13119,1811,5,255,833,173,12335,12721,2462,4655,8240,10162,193,7903,189,705
2018_C_0064,2018,C,64,2018-09-18,1A,67,67,0,0,1,0,1701,10151,1657,5083,8701,1019,0,121,401,77,6927,7027,1275,2537,5396,7747,99,5151,9,235
2018_C_0065,2018,C,65,2018-09-18,1A,237,225,12,12,0.949367089,0.050632911,3195,14471,5119,11877,16361,1743,5,341,831,163,12529,20820,3002,7024,12119,11190,309,8038,113,629
2018_C_0066,2018,C,66,2018-09-18,1A,105,101,0,4,0.961904762,0.038095238,1293,4823,1435,3288,5803,603,0,73,279,37,10941,6190,857,1851,6211,8866,69,3049,43,135
2018_C_0067,2018,C,67,2018-09-18,1A,247,241,0,6,0.975708502,0.024291498,2511,13227,4347,9250,14225,1447,7,259,765,155,15177,16485,2713,5333,9100,11361,181,7437,197,489
2018_C_0068,2018,C,68,2018-09-18,1A,163,159,4,4,0.975460123,0.024539877,2226,10295,3473,7093,11597,1301,3,189,689,103,12224,14148,1960,4233,6373,8486,173,6309,107,451
2018_C_0069,2018,C,69,2018-09-18,1A,557,543,8,14,0.97486535,0.02513465,3392,23862,6027,16996,27889,2145,13,389,1065,267,23054,27465,3000,7719,17899,16469,313,12379,161,617
2018_C_0072,2018,C,72,2018-09-18,1A,415,401,14,14,0.96626506,0.03373494,2860,13182,3755,10675,16970,1675,0,311,809,117,14817,17610,2142,4641,11702,13505,231,8951,147,489
2018_C_0078,2018,C,78,2018-09-18,1B,325,13,312,312,0.04,0.96,2491,121,29,39,87,33,0,311,593,97,250,3977,4072,51,11165,15044,53,153,3,9
2018_C_0080,2018,C,80,2018-10-02,1B,497,17,480,480,0.034205231,0.965794769,2447,127,27,29,73,33,0,185,665,357,2084,3447,3667,43,8929,15548,131,167,11,19
2018_C_0082,2018,C,82,2018-10-02,1A,295,287,8,8,0.972881356,0.027118644,3625,8899,4133,6809,11181,1123,5,309,763,283,9048,14606,1923,4513,6775,7439,209,4575,153,655
2018_C_0083,2018,C,83,2018-10-02,1A,121,121,0,0,1,0,2709,10961,2957,7216,9877,889,3,213,417,105,11583,15964,1948,3172,8414,9549,95,5811,77,389
2018_C_0087,2018,C,87,2018-10-02,1A,229,217,8,12,0.947598253,0.052401747,3271,12207,3787,7177,11163,1133,7,241,607,273,9018,15118,2105,4498,7534,7838,127,5401,121,467
2018_C_0088,2018,C,88,2018-10-02,1A,183,179,0,4,0.978142077,0.021857923,2547,9979,1663,5761,9300,1251,13,163,441,75,7246,6975,1177,2441,4075,9584,175,5001,23,329
2018_C_0089,2018,C,89,2018-10-02,1B,313,7,306,306,0.022364217,0.977635783,2525,52,19,23,65,7,0,711,901,479,1086,3914,5665,67,14097,22374,195,115,7,3
2018_C_0091,2018,C,91,2018-10-02,1A,227,215,10,12,0.947136564,0.052863436,2447,12925,3691,7273,11735,1439,5,169,639,89,10604,12111,1638,3975,6827,9507,259,6059,113,401
2018_C_0092,2018,C,92,2018-10-02,1B,125,13,112,110,0.104,0.896,2672,5891,469,867,663,139,0,189,295,61,8842,3600,3002,1327,6254,14643,15,3105,61,183
2018_C_0093,2018,C,93,2018-10-02,1A,305,291,12,14,0.954098361,0.045901639,3210,13500,4485,8571,11337,1311,7,291,809,171,10266,16305,2264,5836,8186,9184,177,6293,195,555
2018_C_0095,2018,C,95,2018-10-02,1A,271,263,8,8,0.970479705,0.029520295,3949,15451,4463,9589,13107,1527,9,265,773,191,13035,18175,2382,5233,10886,11221,153,7039,153,579
2018_C_0098,2018,C,98,2018-10-02,1A,269,269,0,0,1,0,3853,8772,4515,5887,9362,1497,0,233,749,169,7924,13470,2298,5675,5967,8933,133,4897,151,409
2018_C_0099,2018,C,99,2018-10-02,1A,203,199,4,4,0.980295567,0.019704433,2639,9113,2951,5585,10507,1213,3,183,495,81,10068,11639,1431,3735,5657,9742,177,5277,63,315
2018_C_0103,2018,C,103,2018-10-02,1B,447,13,434,430,0.029082774,0.970917226,2587,196,39,65,74,17,0,439,691,294,2116,3385,6430,81,14592,15845,117,202,9,7
2018_C_0108,2018,C,108,2018-10-02,1B,261,1,260,252,0.003831418,0.996168582,2983,820,115,61,81,39,0,391,1009,183,8983,7232,6540,243,14610,15301,279,777,25,47
2018_C_0109,2018,C,109,2018-10-02,1B,267,3,264,262,0.011235955,0.988764045,2101,43,21,35,55,21,0,353,743,181,1108,2809,4332,41,10969,13949,97,87,5,9
2018_C_0113,2018,C,113,2018-10-02,1A,233,229,4,4,0.982832618,0.017167382,3403,10401,5211,12130,13735,1659,7,295,957,155,13958,18011,2267,4734,11101,9177,287,6803,171,607
2018_C_0115,2018,C,115,2018-10-02,1A,287,279,8,8,0.972125436,0.027874564,3549,9297,5875,6987,11314,1639,3,337,869,265,9994,19325,2705,5806,8859,12242,169,4983,105,487
2018_C_0117,2018,C,117,2018-10-02,1B,245,9,236,236,0.036734694,0.963265306,2083,63,11,25,51,9,0,161,683,115,561,2717,4326,37,9235,13642,43,73,0,13
2018_C_0119,2018,C,119,2018-10-02,1A,165,165,0,0,1,0,3075,11928,4571,8910,11827,1189,21,303,797,149,12784,18277,2747,5306,9147,8459,185,7233,135,491
2018_C_0122,2018,C,122,2018-10-02,1B,367,5,362,358,0.013623978,0.986376022,237,75,33,71,119,29,3,367,509,241,1630,5292,4407,69,25122,28669,131,101,5,17
2018_C_0123,2018,C,123,2018-10-02,1A,149,143,0,6,0.959731544,0.040268456,3695,16759,3137,9571,14583,779,5,189,441,53,18821,20125,2199,5114,17813,18564,45,9689,91,383
2018_C_0126,2018,C,126,2018-10-02,1A,119,119,0,0,1,0,2964,14605,3853,12398,15771,865,5,195,481,109,13714,23125,2654,5712,13497,11122,129,7517,99,287
2018_C_0127,2018,C,127,2018-10-02,1B,171,7,164,164,0.040935673,0.959064327,2227,27,17,37,103,13,0,241,737,99,98,9613,5214,29,16376,17283,137,45,3,5
2018_C_0128,2018,C,128,2018-10-02,1B,249,11,238,238,0.044176707,0.955823293,2429,59,21,55,81,15,0,285,563,131,864,3881,4626,61,12968,13467,99,111,0,3
2018_C_0131,2018,C,131,2018-10-02,1B,225,7,218,218,0.031111111,0.968888889,259,55,23,65,131,29,0,309,619,219,797,10224,5986,65,28443,21611,127,147,0,7
2018_C_0132,2018,C,132,2018-10-02,1B,123,9,114,112,0.073170732,0.926829268,2705,59,11,37,115,0,0,129,507,63,6618,6590,5381,29,22704,20510,121,111,0,3
2018_C_0135,2018,C,135,2018-10-02,1A,61,61,0,0,1,0,2626,15682,2861,10671,9355,421,3,105,285,111,15061,20002,2030,4438,12701,8881,25,9363,31,387
2018_C_0136,2018,C,136,2018-10-02,1A,217,207,4,10,0.953917051,0.046082949,2191,11225,1727,6734,6901,275,3,169,193,97,15099,13187,1301,3133,13117,14766,45,6539,71,323
2018_C_0137,2018,C,137,2018-10-02,1B,271,13,258,254,0.04797048,0.95202952,161,85,13,33,89,33,0,319,605,175,472,7957,3118,31,9071,13084,151,171,0,11
2018_C_0138,2018,C,138,2018-10-02,1A,213,207,6,6,0.971830986,0.028169014,2065,12209,3575,7016,12284,1007,9,229,507,173,10639,14239,1914,3659,7957,8216,105,4017,143,417
2018_C_0139,2018,C,139,2018-10-02,1A,255,243,12,12,0.952941176,0.047058824,3785,12189,4077,7537,10431,1315,15,349,731,209,13493,16589,2392,5415,6559,10598,233,6179,171,463
2018_C_0140,2018,C,140,2018-10-02,1A,225,217,8,8,0.964444444,0.035555556,2803,8468,3497,5384,10748,745,13,273,501,141,9795,16038,1794,4941,7434,5974,147,4635,151,427
2018_C_0141,2018,C,141,2018-10-02,1A,105,105,0,0,1,0,2585,15174,3127,8467,11672,911,0,141,339,69,8926,16924,1894,3625,5687,4594,71,6441,81,137
2018_C_0142,2018,C,142,2018-10-02,1B,379,5,374,370,0.013192612,0.986807388,2197,39,21,35,83,13,0,431,767,305,297,6126,4519,45,10336,12460,179,89,3,3
2018_C_0143,2018,C,143,2018-10-02,1A,225,217,8,6,0.964444444,0.035555556,2593,8629,3373,6344,11405,1041,13,287,521,197,11912,14349,1837,3547,7578,8208,149,5207,169,473
2018_C_0144,2018,C,144,2018-10-02,1A,213,213,0,0,1,0,2583,9402,2819,5354,7971,1003,5,221,439,129,9083,12846,1860,3399,6049,8238,117,4815,135,345
2018_C_0150,2018,C,150,2018-10-02,1A,137,131,4,6,0.95620438,0.04379562,2708,10912,2917,8023,10361,961,11,169,433,113,12833,16615,2087,4819,8551,8898,95,6103,121,303
2018_C_0151,2018,C,151,2018-10-02,1A,259,251,4,8,0.969111969,0.030888031,2975,11342,3829,8097,10296,1279,7,217,589,111,11469,15585,1899,5501,7979,10503,211,6613,133,459
2018_C_0152,2018,C,152,2018-10-02,1B,208,3,205,204,0.014423077,0.985576923,2859,87,19,33,95,19,0,221,415,139,934,3352,4256,81,10357,11504,113,139,3,9
2018_C_0153,2018,C,153,2018-10-02,1A,145,145,0,0,1,0,3441,8731,2191,6993,5595,507,3,153,257,219,10706,11561,64,3691,10043,10538,151,4083,63,293
2018_C_0154,2018,C,154,2018-10-02,1B,285,15,270,270,0.052631579,0.947368421,2059,1571,151,197,223,91,0,171,301,93,7688,1422,2210,421,7952,11909,17,1567,19,71
2018_C_0156,2018,C,156,2018-10-02,1A,207,201,6,6,0.971014493,0.028985507,2189,9006,3313,5903,8978,1143,13,161,539,89,7667,11927,1605,3743,5803,6426,199,4371,139,503
2018_C_0157,2018,C,157,2018-10-02,1A,161,157,0,4,0.97515528,0.02484472,2797,6958,2651,5192,7733,791,0,139,371,145,10224,12108,1610,3766,7331,8116,65,4243,77,321
2018_C_0158,2018,C,158,2018-10-02,1A,241,241,0,0,1,0,3863,14311,5291,13945,19709,1353,15,336,667,167,16634,26316,3056,6856,16399,13092,205,8379,139,591
2018_C_0160,2018,C,160,2018-10-02,1A,87,87,0,0,1,0,2408,9785,3077,7421,9136,813,9,223,389,91,9898,14989,1910,4271,5809,6500,75,5117,161,305
2018_C_0161,2018,C,161,2018-10-02,1A,173,169,0,4,0.976878613,0.023121387,2421,9027,2867,6488,8665,711,15,175,291,71,11207,13001,1645,3964,9066,9854,53,4161,61,371
2018_C_0162,2018,C,162,2018-10-02,1A,123,123,0,0,1,0,2366,7616,2671,6647,9851,733,7,137,433,193,10352,13985,1959,4311,7302,7678,53,4705,67,347
2018_C_0164,2018,C,164,2018-10-02,1A,51,51,0,0,1,0,2320,10672,2341,5840,7109,653,0,205,229,103,13718,11691,1740,3453,11294,11656,41,4579,33,235
2018_C_0165,2018,C,165,2018-10-02,1A,131,131,0,0,1,0,2457,10803,3541,7622,11390,1005,5,189,471,81,11188,15974,2183,4991,9115,10500,157,5897,75,365
2018_C_0166,2018,C,166,2018-10-02,1A,215,205,8,10,0.953488372,0.046511628,2249,9449,3213,5919,9582,1319,7,217,531,133,10282,12469,2318,5383,7696,8491,209,5553,101,365
2018_C_0168,2018,C,168,2018-10-02,1A,345,339,0,6,0.982608696,0.017391304,3323,21008,3923,13533,21613,1639,9,231,561,153,19600,23242,2087,6169,17065,15324,151,11921,113,451
2018_C_0170,2018,C,170,2018-10-02,1A,233,223,6,10,0.957081545,0.042918455,3275,19572,4453,15496,19505,1265,11,219,709,131,19156,29379,2995,8451,17420,14699,157,11340,95,407
2018_C_0173,2018,C,173,2018-10-02,1A,181,165,16,16,0.91160221,0.08839779,3098,12759,1945,8831,9595,447,3,163,317,215,17505,14415,1674,3976,13606,14707,43,8853,63,267
2018_C_0174,2018,C,174,2018-10-02,1A1B,225,99,126,116,0.44,0.56,3427,15039,2353,7510,6614,395,0,159,285,199,18683,19216,3165,5195,13493,18919,43,10099,83,237
2018_C_0175,2018,C,175,2018-10-02,1A,23,23,0,0,1,0,3329,17707,4297,15219,20840,1381,11,193,373,141,15810,27921,2607,6323,14686,13992,123,11303,23,355
2018_C_0176,2018,C,176,2018-10-02,1A,131,131,0,0,1,0,2617,17668,3387,13496,17903,1053,3,133,505,87,17921,23155,2215,5741,15755,10024,71,9750,89,323
2018_C_0179,2018,C,179,2018-10-02,1B,255,5,250,248,0.019607843,0.980392157,1889,51,17,37,63,13,0,269,313,287,56,2995,4284,13,13674,15292,45,65,0,3
2018_C_0180,2018,C,180,2018-10-02,1A,227,221,6,6,0.973568282,0.026431718,2669,15477,3901,11291,14087,1163,7,243,575,135,15718,19367,2148,5921,13954,11064,129,8537,99,401
2018_C_0181,2018,C,181,2018-10-02,1A,341,327,14,14,0.958944282,0.041055718,3817,15895,5279,9854,14244,1736,5,425,833,9,11786,23046,2865,6641,9235,11964,279,6756,265,649
2018_C_0183,2018,C,183,2018-10-02,1A,241,227,8,14,0.941908714,0.058091286,2623,14101,3143,7838,10997,1113,7,303,485,183,12708,16751,2199,3697,9852,10068,119,6259,155,379
2018_C_0189,2018,C,189,2018-10-02,1B,289,5,280,284,0.017301038,0.982698962,2547,43,15,37,77,11,0,265,637,139,64,6362,4876,29,10642,15805,173,49,0,5
2018_C_0190,2018,C,190,2018-10-02,1A,283,269,10,14,0.950530035,0.049469965,2921,9879,3503,8860,13102,1173,5,275,597,133,10914,17244,2260,4371,6813,10044,167,6171,97,381
2018_C_0194,2018,C,194,2018-10-02,1A,293,287,0,6,0.979522184,0.020477816,2187,8684,2831,5075,9201,1121,9,245,575,147,7919,9636,1436,2917,4667,5981,155,4301,141,433
2018_C_0195,2018,C,195,2018-10-02,1A,261,255,6,6,0.977011494,0.022988506,3872,16040,5323,12566,14610,1517,19,359,741,187,16695,23160,2910,7809,11734,12726,225,7823,203,649
2018_C_0196,2018,C,196,2018-10-02,1A,245,237,6,8,0.967346939,0.032653061,3455,16487,4141,10116,14022,1259,7,215,525,89,11987,19588,2641,6065,9195,8383,139,6699,95,405
2018_C_0198,2018,C,198,2018-10-02,1A,307,307,0,0,1,0,3557,11152,4437,8745,13508,1417,9,245,667,143,12112,17831,2396,5857,8657,9522,215,6037,143,341
2018_C_0199,2018,C,199,2018-10-02,1B,301,3,296,298,0.009966777,0.990033223,249,49,19,27,59,13,0,203,681,217,492,6148,4323,29,12096,13422,75,29,0,0
2018_C_0200,2018,C,200,2018-10-02,1B,133,5,128,128,0.037593985,0.962406015,163,287,37,39,83,37,0,259,651,111,2852,6234,3657,71,11680,13781,121,357,0,15
2018_C_0202,2018,C,202,2018-10-02,1A,210,206,4,4,0.980952381,0.019047619,3444,9201,3111,6537,9440,913,7,185,473,119,10042,14272,2337,5397,7352,8371,89,5241,21,315
2018_C_0203,2018,C,203,2018-10-02,1A,165,165,0,0,1,0,2979,9194,3765,7177,11313,1199,5,151,585,77,8804,14935,1892,5268,7518,6520,179,4985,109,333
2018_C_0205,2018,C,205,2018-10-02,1A,235,235,0,0,1,0,2621,10409,4209,7869,8782,1339,9,259,617,173,7342,15563,1803,4241,5850,5905,209,4609,29,457
2018_C_0206,2018,C,206,2018-10-02,1A,71,71,0,0,1,0,3643,11215,4451,9626,16299,1537,3,309,793,133,15193,19443,2943,6214,9177,12067,153,7825,41,433
2018_C_0207,2018,C,207,2018-10-02,1A,159,147,12,12,0.924528302,0.075471698,2619,10505,3249,7115,11734,1335,11,155,601,65,9377,12983,1903,4189,6965,9951,169,5515,63,335
2018_C_0209,2018,C,209,2018-10-02,1A,149,145,0,4,0.973154362,0.026845638,2523,12100,2441,8029,12074,1179,3,189,373,103,10419,13045,2016,4013,8836,10797,57,7957,99,263
2018_C_0211,2018,C,211,2018-10-02,1B,85,1,82,84,0.011764706,0.988235294,2007,139,15,29,61,11,0,89,323,43,1479,4052,4380,69,10465,12907,99,187,0,3
2018_C_0214,2018,C,214,2018-10-02,1A,221,211,8,10,0.954751131,0.045248869,3431,15838,5042,12979,11535,1419,9,327,795,9,14374,24902,3119,6780,12382,9888,201,9127,189,677
2018_C_0217,2018,C,217,2018-10-02,1A,117,113,0,4,0.965811966,0.034188034,2855,10409,2967,7914,10023,1009,3,149,297,101,13077,13501,2002,4441,9592,8246,37,7183,139,257
2018_C_0219,2018,C,219,2018-10-02,1A,35,31,4,4,0.885714286,0.114285714,1860,6620,1127,3351,3769,485,0,61,185,23,9260,5932,1256,2095,5792,7542,13,4113,31,161
2018_C_0220,2018,C,220,2018-10-02,1A,153,149,4,4,0.973856209,0.026143791,3435,20377,2643,13639,17626,1213,7,187,375,157,23200,23567,2377,7005,18474,21220,39,13053,77,313
2018_C_0221,2018,C,221,2018-10-02,1A,121,115,6,6,0.950413223,0.049586777,2705,17148,3205,12409,15687,1193,7,143,669,89,13949,19839,2324,6257,12540,11016,89,9446,97,365
2018_C_0222,2018,C,222,2018-10-02,1A,343,337,0,6,0.982507289,0.017492711,3080,17504,4810,16882,20663,1441,5,311,865,129,17993,27860,2975,7201,16390,11970,229,10407,171,439
2018_C_0223,2018,C,223,2018-10-02,1A,255,247,0,8,0.968627451,0.031372549,3065,13949,4003,9997,16872,1185,5,199,575,97,14936,17315,2253,5915,10593,13272,125,8760,87,313
2018_C_0224,2018,C,224,2018-10-02,1B,319,5,314,310,0.015673981,0.984326019,2561,67,27,37,87,11,0,303,739,167,116,10192,6265,47,17402,20272,139,65,3,3
2018_C_0225,2018,C,225,2018-10-02,1A,235,221,14,14,0.940425532,0.059574468,2809,17075,4107,13672,17107,1645,13,219,737,5,14183,23458,2414,6571,11849,11720,207,9961,89,505
2018_C_0226,2018,C,226,2018-10-02,1A,261,253,0,8,0.969348659,0.030651341,2876,16789,4245,14858,15178,1451,9,201,641,131,13292,18881,1890,6045,8356,10444,185,9659,117,383
2018_C_0227,2018,C,227,2018-10-02,1B,301,3,298,296,0.009966777,0.990033223,2301,49,25,42,87,21,0,329,725,215,342,6148,5340,37,17527,18771,117,75,0,3
2018_C_0228,2018,C,228,2018-10-02,1A,271,261,10,10,0.963099631,0.036900369,3324,14696,4433,11156,12712,1609,13,291,795,231,15308,21847,3007,4821,9515,11122,9,7467,243,575
2018_C_0229,2018,C,229,2018-10-02,1A,205,199,0,6,0.970731707,0.029268293,1989,10492,2599,5331,9449,1137,15,225,497,121,7545,10435,1327,3399,4844,9340,195,5099,123,357
2018_C_0232,2018,C,232,2018-10-02,1A,233,233,0,0,1,0,2845,13940,3981,7946,12162,1339,11,283,683,201,11770,16485,2030,4349,8022,9487,193,5851,227,545
2018_C_0238,2018,C,238,2018-10-02,1A,233,227,6,6,0.974248927,0.025751073,2303,9518,3623,5666,9450,895,7,207,491,161,9242,13389,1476,3603,5372,7683,101,4367,245,453
2018_C_0241,2018,C,241,2018-10-02,1B,269,5,264,264,0.018587361,0.981412639,1850,4187,417,241,203,65,3,341,517,139,6725,4961,3788,594,7734,9858,67,2239,41,123
2018_C_0245,2018,C,245,2018-10-02,1A,269,265,4,4,0.985130112,0.014869888,2679,9082,3605,6172,9865,1061,13,335,653,197,10232,13342,1870,3716,8203,7979,171,4759,153,469
2018_C_0246,2018,C,246,2018-10-02,1A,187,187,0,0,1,0,4559,15695,5442,10493,15108,1641,5,189,663,155,13184,23154,3324,8640,10509,12689,203,7602,137,407
2018_C_0255,2018,C,255,2018-10-02,1B,319,7,312,308,0.021943574,0.978056426,2922,29,37,15,75,23,0,309,713,217,225,5555,5570,25,15580,14032,135,35,3,5
2018_C_0257,2018,C,257,2018-10-02,1A,196,192,4,4,0.979591837,0.020408163,2618,14560,3369,10834,8980,1053,5,225,521,97,11870,14595,39,4783,11571,9177,111,53,147,5
2018_C_0259,2018,C,259,2018-10-02,1A,153,153,0,0,1,0,2631,10339,2714,5491,11485,1009,13,161,359,85,13103,9885,1304,3929,8966,11154,123,2901,83,343
2018_C_0261,2018,C,261,2018-10-02,1A,201,189,12,12,0.940298507,0.059701493,2837,8401,3881,6712,10482,1179,11,163,553,123,8742,13192,1874,4563,6377,6960,199,4279,83,363
2018_C_0262,2018,C,262,2018-10-02,1B,353,3,350,346,0.008498584,0.991501416,2545,163,51,53,75,19,0,347,601,211,2880,3512,3967,107,9180,11405,75,305,5,7
2018_C_0264,2018,C,264,2018-10-02,1A,103,103,0,0,1,0,2731,14582,4211,8585,11432,1149,7,185,615,119,11289,15657,2014,5333,7871,6643,199,5771,85,375
2018_C_0268,2018,C,268,2018-10-02,1A,337,325,8,12,0.964391691,0.035608309,2707,7166,3605,7131,9741,1157,11,344,633,147,11408,14817,2046,4906,8306,9015,173,4903,209,469
2018_C_0272,2018,C,272,2018-10-02,1A,85,85,0,0,1,0,3758,10995,5837,10069,16295,1659,9,233,913,155,13193,19796,2878,5771,10879,8407,207,6945,73,405
2018_C_0275,2018,C,275,2018-10-02,1A,187,187,0,0,1,0,3318,8756,3858,8143,12011,1089,7,167,683,145,11347,15900,2308,4764,9342,7153,179,5671,99,351
2018_C_0276,2018,C,276,2018-10-02,1B,237,5,232,230,0.021097046,0.978902954,2026,27,7,25,61,11,0,211,477,143,368,2352,4634,23,9981,14186,57,63,0,5
2018_C_0277,2018,C,277,2018-10-02,1A,139,135,0,4,0.971223022,0.028776978,2691,9901,3239,7315,9745,827,5,139,523,109,7432,14159,2048,4251,8126,6110,3,5217,75,377
2018_C_0281,2018,C,281,2018-10-02,1A,121,117,4,4,0.966942149,0.033057851,2347,7416,3047,5837,9648,1057,5,165,555,83,7733,11011,1569,3821,5575,7359,211,4383,19,361
2018_C_0282,2018,C,282,2018-10-02,1B,511,15,496,496,0.029354207,0.970645793,2152,31,27,21,53,23,3,907,1247,441,118,5137,5237,39,9371,13168,164,47,3,9
2018_C_0283,2018,C,283,2018-10-02,1A,73,73,0,0,1,0,2193,7605,3001,6366,7309,883,5,101,513,59,8730,12904,1846,3743,6951,7339,135,3947,41,399
2018_C_0284,2018,C,284,2018-10-02,1A,143,143,0,0,1,0,3269,8719,3109,7032,10600,741,11,245,497,9,23309,14271,1853,4859,16045,18890,141,4269,65,403
2018_C_0287,2018,C,287,2018-10-02,1A,279,273,0,6,0.978494624,0.021505376,2176,15836,3379,12012,16465,941,11,339,397,102,30296,22365,1891,5893,26028,17052,157,7795,101,443
2018_C_0288,2018,C,288,2018-10-02,1A,207,203,4,4,0.980676329,0.019323671,1569,9334,1833,6378,8218,225,9,173,189,0,24678,13125,1097,3127,20328,14325,43,5077,95,433
2018_C_0291,2018,C,291,2018-10-02,1B,301,5,296,296,0.016611296,0.983388704,1373,61,35,45,73,3,0,347,371,245,4475,4570,4775,51,24557,27557,139,143,5,9
2018_C_0293,2018,C,293,2018-10-02,1A,173,173,0,0,1,0,2315,10469,2839,8949,14182,943,9,293,407,151,20342,17190,1684,4621,20857,14519,181,6077,87,377
2018_C_0295,2018,C,295,2018-10-02,1A,177,177,0,0,1,0,2243,9667,2605,8391,9612,801,9,193,441,111,21027,15199,1665,3833,20200,17717,131,6055,119,479
2018_C_0298,2018,C,298,2018-10-02,1A,123,123,0,0,1,0,1613,8815,1545,5735,6727,99,3,143,167,53,18628,11707,1000,2875,18477,14262,21,4753,47,395
2018_C_0299,2018,C,299,2018-10-02,1A,289,279,6,10,0.965397924,0.034602076,2153,12192,3053,11649,12804,749,15,269,415,145,29956,17675,1793,4911,27679,19858,111,6581,111,539
2018_C_0301,2018,C,301,2018-10-02,1A,201,197,4,4,0.980099502,0.019900498,1585,9481,2303,9107,10505,830,17,283,335,125,16518,13953,1217,3559,11780,11656,69,5319,101,461
2018_C_0303,2018,C,303,2018-10-02,1A,167,161,4,6,0.964071856,0.035928144,1489,5983,1787,4149,6469,553,19,241,327,125,13449,9156,1004,2157,9696,9671,39,2983,81,405
2018_C_0304,2018,C,304,2018-10-02,1B,375,11,364,364,0.029333333,0.970666667,1254,97,35,37,55,17,0,421,277,237,7666,2625,2294,71,12723,16701,39,153,19,5
2018_C_0305,2018,C,305,2018-10-02,1A,387,373,0,14,0.963824289,0.036175711,1750,5673,2115,4384,7361,761,23,439,503,249,15446,9030,1115,3179,11016,11798,205,2843,161,615
2018_C_0306,2018,C,306,2018-10-02,1A,261,249,10,12,0.954022989,0.045977011,1970,5540,1709,3863,5849,355,13,289,253,211,9251,8805,933,2315,8231,5344,49,2303,151,477
2018_C_0307,2018,C,307,2018-10-02,1A1B,311,21,290,288,0.067524116,0.932475884,1357,4214,367,413,365,35,3,363,181,225,20339,2845,2464,513,17711,27387,21,2231,73,277
2018_C_0308,2018,C,308,2018-10-02,1A,209,201,6,8,0.961722488,0.038277512,1633,6027,1705,3572,5774,287,9,195,211,217,12729,8173,820,1892,8790,10234,23,3025,125,309
2018_C_0311,2018,C,311,2018-10-02,1A,497,483,14,14,0.971830986,0.028169014,3010,8832,2595,7168,6699,687,19,377,401,5,21320,10902,67,3433,15460,21179,107,3083,47,11
2018_C_0312,2018,C,312,2018-10-02,1A,273,267,0,6,0.978021978,0.021978022,1995,6826,2109,4853,7544,489,5,229,241,127,15890,9193,1126,2781,11411,12742,41,3791,107,333
2018_C_0313,2018,C,313,2018-10-02,1A,273,265,0,8,0.970695971,0.029304029,1535,5238,1131,3131,5099,433,7,183,147,85,13750,5763,635,1941,11496,13340,21,2787,123,325
2018_C_0314,2018,C,314,2018-10-02,1A,271,263,6,8,0.970479705,0.029520295,2318,8187,2421,6558,8463,643,5,257,319,0,20533,11410,1496,3663,14005,12906,69,4601,147,492
2018_C_0318,2018,C,318,2018-10-02,1A,253,245,6,8,0.968379447,0.031620553,2013,6476,2101,5356,6704,467,19,239,295,107,16841,11404,1121,3303,14669,14150,69,3529,31,441
2018_C_0319,2018,C,319,2018-10-02,1A,67,61,6,6,0.910447761,0.089552239,1615,4626,599,1509,1529,57,3,155,45,35,17687,3497,375,1277,13078,17702,7,2355,31,409
2018_C_0327,2018,C,327,2018-10-02,1B,319,7,312,310,0.021943574,0.978056426,1577,55,21,41,85,11,0,347,319,115,7864,3649,3733,37,19226,18876,51,111,7,17
2018_C_0329,2018,C,329,2018-10-02,1B,281,5,276,276,0.017793594,0.982206406,1521,121,23,45,55,13,0,279,259,223,6058,3395,3708,73,15367,21182,61,205,11,11
2018_C_0330,2018,C,330,2018-10-02,1A,153,145,6,8,0.947712418,0.052287582,2502,6413,2349,4864,7409,335,7,297,331,155,21479,10333,1352,3607,16558,20442,53,3509,45,543
2018_C_0331,2018,C,331,2018-10-02,1B,249,7,242,240,0.02811245,0.97188755,939,139,41,53,77,17,0,145,169,89,5669,1031,1988,47,10170,16384,9,191,9,21
2018_C_0332,2018,C,332,2018-10-02,1A,199,195,0,4,0.979899497,0.020100503,1515,6203,1942,5297,5975,309,3,245,195,93,14327,10509,1122,2811,11167,11335,37,3777,67,537
2018_C_0333,2018,C,333,2018-10-02,1A,263,253,10,10,0.961977186,0.038022814,1529,6556,2515,6854,7786,865,5,303,417,167,21927,12125,1353,3638,13482,10961,103,4133,63,391
2018_C_0334,2018,C,334,2018-10-02,1A,77,71,0,6,0.922077922,0.077922078,1349,5728,1469,3805,5649,315,0,241,171,131,14059,7349,908,2233,12784,17507,29,2929,33,233
2018_C_0335,2018,C,335,2018-10-02,1A,291,285,6,6,0.979381443,0.020618557,1249,8571,2247,5721,7070,621,3,297,293,97,19134,11746,1305,3387,16364,14530,87,3449,71,529
2018_C_0337,2018,C,337,2018-10-02,1A,277,267,8,10,0.963898917,0.036101083,1567,10066,2553,8849,8548,787,17,281,389,211,29411,12711,1275,2913,24017,15704,139,4969,151,509
2018_C_0338,2018,C,338,2018-10-02,1A,93,93,0,0,1,0,1775,8421,2204,6035,8993,689,11,365,303,127,22007,14531,1705,3661,17673,19781,93,4707,75,509
2018_C_0339,2018,C,339,2018-10-02,1B,231,9,222,222,0.038961039,0.961038961,1394,267,69,83,109,9,0,207,197,108,9342,3162,3702,86,25118,25905,19,471,17,9
2018_C_0340,2018,C,340,2018-10-02,1A,413,409,0,4,0.99031477,0.00968523,1931,11063,2069,7885,11485,777,5,275,333,145,25443,14142,1373,4071,21475,20763,81,5509,99,381
2018_C_0342,2018,C,342,2018-10-02,1B,469,15,454,452,0.031982942,0.968017058,2059,143,29,67,71,5,0,471,487,221,14642,6709,5030,101,32223,30826,93,313,9,13
2018_C_0344,2018,C,344,2018-10-02,1B,231,9,222,220,0.038961039,0.961038961,1446,295,35,45,115,13,0,333,271,115,11407,5718,4666,105,18693,15919,59,509,0,11
2018_C_0345,2018,C,345,2018-10-02,1B,439,13,426,426,0.029612756,0.970387244,1553,169,59,75,105,21,3,383,423,195,12376,6976,3801,89,24590,19177,105,653,7,11
2018_C_0346,2018,C,346,2018-10-02,1B,413,9,404,404,0.021791768,0.978208232,1139,109,33,47,61,13,0,345,289,171,12425,3854,2945,87,25442,30636,83,345,7,9
2018_C_0349,2018,C,349,2018-10-02,1B,519,3,516,510,0.005780347,0.994219653,207,654,65,101,99,45,0,459,431,269,13310,9853,4065,203,31682,38824,85,1497,17,25
2018_C_0350,2018,C,350,2018-10-02,1A,305,297,6,8,0.973770492,0.026229508,1841,11266,2453,8728,12357,821,9,281,331,115,24129,15506,1343,3759,22062,18856,83,6087,89,349
2018_C_0352,2018,C,352,2018-10-02,1A,427,411,14,16,0.962529274,0.037470726,1815,6406,2081,4192,7207,791,11,305,387,7,15554,7839,1045,2437,10186,15218,209,3269,113,435
2018_C_0353,2018,C,353,2018-10-02,1B,501,9,492,486,0.017964072,0.982035928,163,359,73,59,63,13,0,469,401,319,11429,3811,3541,133,19148,24407,53,501,23,27
2018_C_0354,2018,C,354,2018-10-02,1A,289,279,8,10,0.965397924,0.034602076,1765,8740,2241,6546,8294,767,11,371,287,149,24168,11791,1383,2797,14168,15687,81,4289,225,499
2018_C_0356,2018,C,356,2018-10-02,1A,337,331,6,6,0.982195846,0.017804154,23,35,15,25,11,19,19,361,7,209,17722,29,23,17,12911,14987,0,19,171,437
2018_C_0357,2018,C,357,2018-10-16,1A,389,375,12,14,0.964010283,0.035989717,2062,6759,2243,4821,7884,663,19,309,357,167,17206,10194,1196,2815,8741,14355,107,3397,179,531
2018_C_0358,2018,C,358,2018-10-16,1A,205,205,0,0,1,0,1779,6158,1643,4082,5243,305,3,299,253,91,13230,9725,1004,2679,9360,11260,41,3203,121,463
2018_C_0360,2018,C,360,2018-10-16,1B,353,5,348,344,0.014164306,0.985835694,1559,343,107,57,89,15,0,309,349,231,10074,3127,3391,99,19430,24891,29,273,17,29
2018_C_0361,2018,C,361,2018-10-16,1B,337,3,334,332,0.008902077,0.991097923,1405,53,21,29,61,3,0,267,327,123,5612,2773,2775,33,14529,19611,57,269,0,7
2018_C_0367,2018,C,367,2018-10-16,1A,129,121,8,8,0.937984496,0.062015504,2087,9011,2309,7109,8529,865,11,253,393,149,19789,14925,1451,4415,15552,14214,119,4389,65,379
2018_C_0368,2018,C,368,2018-10-16,1A,265,255,8,10,0.962264151,0.037735849,2423,8640,2133,6633,6965,755,7,289,341,121,22182,12056,1556,3755,15566,16023,13,4709,131,419
2018_C_0370,2018,C,370,2018-10-16,1A,375,365,0,10,0.973333333,0.026666667,1996,9554,2701,6547,10617,943,7,303,399,118,22030,12533,1581,4222,16279,17604,139,4647,103,441
2018_C_0373,2018,C,373,2018-10-16,1B,291,11,280,280,0.037800687,0.962199313,1791,75,27,39,55,7,0,333,363,157,3564,3997,3917,31,19500,18911,103,171,3,3
2018_C_0374,2018,C,374,2018-10-16,1A,321,309,10,12,0.962616822,0.037383178,2589,8849,2113,5149,7795,587,5,219,341,93,21532,10193,1152,3369,15119,13944,75,4071,125,459
2018_C_0375,2018,C,375,2018-10-16,1A,117,117,0,0,1,0,2123,6956,2547,7430,9662,831,9,235,331,111,18406,11698,1196,4151,10222,12331,133,4013,69,353
2018_C_0376,2018,C,376,2018-10-16,1A,411,399,10,12,0.97080292,0.02919708,2521,9523,2885,7524,11521,1075,21,285,501,203,19485,12605,1789,3507,18904,14422,159,5323,167,593
2018_C_0377,2018,C,377,2018-10-16,1B,203,7,196,194,0.034482759,0.965517241,1210,338,61,55,69,5,0,293,145,117,7891,1132,2394,111,14022,21215,15,263,15,25
2018_C_0378,2018,C,378,2018-10-16,1A,271,271,0,0,1,0,1265,7141,1975,4425,6619,691,15,293,321,115,11934,8135,1067,2587,10920,13761,141,3587,127,503
2018_C_0380,2018,C,380,2018-10-16,1B,416,13,403,402,0.03125,0.96875,1277,109,19,27,59,21,0,457,475,197,5999,3948,3081,41,20030,21075,51,295,23,19
2018_C_0385,2018,C,385,2018-10-16,1B,327,7,320,316,0.021406728,0.978593272,901,53,27,71,37,5,0,359,185,167,2427,563,1792,37,15160,23027,7,95,5,9
2018_C_0390,2018,C,390,2018-10-16,1A,63,59,4,4,0.936507937,0.063492063,1468,6862,1551,4562,7036,801,7,205,317,83,18515,8069,1099,2487,12823,18973,75,3643,19,339
2018_C_0391,2018,C,391,2018-10-16,1A,245,239,6,6,0.975510204,0.024489796,2179,12239,3585,11252,13721,975,7,195,531,133,30452,19836,1984,4811,24929,24695,105,7230,31,515
2018_C_0392,2018,C,392,2018-10-16,1A,399,379,16,20,0.949874687,0.050125313,2099,12866,2345,10657,12727,979,11,353,499,155,22249,17449,1511,4747,16555,15259,133,7401,127,593
2018_C_0393,2018,C,393,2018-10-16,1B,255,17,238,238,0.066666667,0.933333333,711,532,127,287,193,11,0,123,35,225,11873,489,319,213,7955,18326,3,735,13,47
2018_C_0394,2018,C,394,2018-10-16,1A,223,223,0,0,1,0,1707,9517,1863,6926,9001,375,7,153,267,49,21484,11803,1194,3173,16040,15418,49,5338,53,249
2018_C_0395,2018,C,395,2018-10-16,1B,267,5,262,260,0.018726592,0.981273408,1647,287,35,59,69,15,3,243,493,107,7270,7580,4818,79,28640,26880,201,449,7,7
2018_C_0398,2018,C,398,2018-10-16,1A1B,135,39,96,96,0.288888889,0.711111111,177,122,23,39,57,5,0,49,7,0,13461,85,19,37,8106,14580,0,153,0,19
2018_C_0400,2018,C,400,2018-10-16,1A,289,281,6,8,0.972318339,0.027681661,1577,10039,2288,8255,9988,761,3,355,399,155,19695,13344,1236,3321,14942,12548,93,5782,117,567
2018_C_0401,2018,C,401,2018-10-16,1A,433,429,0,4,0.990762125,0.009237875,1789,11583,2792,9230,11555,963,11,429,475,145,26871,14719,1483,4335,21579,17095,139,6549,103,581
2018_C_0403,2018,C,403,2018-10-16,1A1B,565,541,22,24,0.957522124,0.042477876,2533,7014,3123,5053,7535,1025,25,559,627,283,16259,10775,1409,3385,12994,13647,249,3331,277,737
2018_C_0404,2018,C,404,2018-10-16,1A,417,401,12,16,0.961630695,0.038369305,1828,4980,2473,3127,5119,521,19,295,341,173,14029,7629,1000,2283,8190,13091,77,2521,239,581
2018_C_0406,2018,C,406,2018-10-16,1A,131,131,0,0,1,0,1313,3143,761,1231,1017,15,7,131,55,37,12548,3323,338,903,9447,10449,9,1941,87,417
2018_C_0407,2018,C,407,2018-10-16,1A,185,181,0,4,0.978378378,0.021621622,961,6808,975,3059,4763,595,3,171,207,79,7885,4757,707,1301,5947,10231,123,2827,23,303
2018_C_0409,2018,C,409,2018-10-16,1A,397,387,8,10,0.974811083,0.025188917,1413,7270,2271,4002,7152,665,19,333,339,203,14876,9752,1150,2370,13770,10101,3,2717,235,473
2018_C_0410,2018,C,410,2018-10-16,1B,527,7,520,518,0.013282732,0.986717268,967,83,20,29,47,11,0,429,241,213,3181,1966,2013,25,11167,15182,63,127,21,5
2018_C_0415,2018,C,415,2018-10-16,1A1B,391,345,38,46,0.882352941,0.117647059,1915,9423,1947,4397,6539,915,11,401,425,183,15312,9062,1257,2413,9537,15023,135,4066,145,515
2018_C_0416,2018,C,416,2018-10-16,1A1B,125,101,20,24,0.808,0.192,2195,7639,2801,6239,8832,1047,0,359,607,193,20770,11204,1604,3691,16456,15414,199,4197,47,571
2018_C_0418,2018,C,418,2018-10-16,1A,293,287,6,4,0.979522184,0.020477816,2529,11494,3229,7946,11235,1115,9,361,499,151,19552,12970,1578,4873,14227,15398,163,5193,171,557
2018_C_0419,2018,C,419,2018-10-16,1B,586,13,573,571,0.0221843,0.9778157,1591,79,33,45,27,11,0,505,449,187,4675,3629,3081,47,13348,21398,121,253,9,5
2018_C_0420,2018,C,420,2018-10-16,1A,279,279,0,0,1,0,1425,8325,545,2641,4471,661,0,149,217,53,11132,3635,713,2549,8825,13616,55,3865,35,245
2018_C_0422,2018,C,422,2018-10-16,1B,349,19,324,330,0.054441261,0.945558739,1896,6956,1977,2212,1337,431,3,407,489,239,16591,8604,2134,2557,18057,19436,113,3009,51,493
2018_C_0424,2018,C,424,2018-10-16,1A,43,43,0,0,1,0,999,6252,1555,2925,4391,641,5,161,153,71,6507,5041,681,1719,5964,9915,115,2673,41,315
2018_C_0425,2018,C,425,2018-10-16,1A,207,199,6,8,0.961352657,0.038647343,2304,7342,2429,5265,6633,677,5,215,363,135,18151,10957,1314,3533,16405,16467,125,3819,87,443
2018_C_0427,2018,C,427,2018-10-16,1A,141,135,0,6,0.957446809,0.042553191,1813,5227,2069,3925,4883,639,9,255,347,3,15309,8771,1098,3002,10923,12687,95,2723,65,439
2018_C_0428,2018,C,428,2018-10-16,1B,217,3,214,212,0.013824885,0.986175115,1179,53,41,19,59,13,0,145,533,83,3790,3815,3729,43,12498,17355,65,163,5,21
2018_C_0429,2018,C,429,2018-10-16,1A,123,123,0,0,1,0,1637,6645,1931,4812,6978,613,9,279,243,151,15171,8909,1310,2499,11838,13629,61,4155,59,349
2018_C_0432,2018,C,432,2018-10-16,1A,269,261,8,8,0.970260223,0.029739777,1135,5218,2133,3886,5375,671,9,319,297,121,16605,7958,922,2319,12746,11255,81,2747,121,441
2018_C_0434,2018,C,434,2018-10-16,1B,211,1,210,210,0.004739336,0.995260664,1312,121,53,42,57,15,0,225,413,127,2952,2233,2725,79,13751,15644,63,347,5,17
2018_C_0435,2018,C,435,2018-10-16,1A,505,489,10,16,0.968316832,0.031683168,2079,7236,2515,5124,8877,1037,11,271,525,133,23299,9527,1181,3355,10390,16814,199,3707,199,565
2018_C_0440,2018,C,440,2018-10-16,1A,405,397,8,8,0.980246914,0.019753086,4348,20043,4731,15435,24715,1813,15,359,881,207,21895,25890,2607,6947,18045,17395,269,10437,111,543
2018_C_0442,2018,C,442,2018-10-16,1A,249,245,0,4,0.983935743,0.016064257,2701,14291,3317,10303,16622,1395,3,157,675,113,18695,17567,1894,4621,15072,14999,177,9475,93,355
2018_C_0443,2018,C,443,2018-10-16,1B,247,11,236,230,0.044534413,0.955465587,2193,47,11,49,89,15,0,221,631,69,137,4257,3587,33,19480,22694,85,61,0,5
2018_C_0444,2018,C,444,2018-10-16,1A,247,243,0,4,0.983805668,0.016194332,3820,19787,5025,14463,22753,1821,3,245,895,109,22107,23561,2747,7957,16526,18165,237,13195,51,445
2018_C_0446,2018,C,446,2018-10-16,1A,199,195,4,4,0.979899497,0.020100503,3276,14426,2305,9124,12296,803,11,173,375,111,18731,15262,1736,4387,15030,12616,55,7365,95,323
2018_C_0447,2018,C,447,2018-10-16,1A,151,151,0,0,1,0,3093,17109,3722,14749,18966,1211,7,257,641,125,16978,25431,2474,6293,14247,13263,189,10466,109,331
2018_C_0448,2018,C,448,2018-10-16,1A,211,211,0,0,1,0,3079,16942,4113,13376,16190,1121,5,189,529,181,17672,24943,2695,7639,14204,15280,109,10303,115,329
2018_C_0452,2018,C,452,2018-10-16,1A,381,375,0,6,0.984251969,0.015748031,5532,19288,6795,12059,21266,2371,7,417,981,325,15539,24332,3836,8419,11737,15908,407,10569,257,741
2018_C_0456,2018,C,456,2018-10-16,1A,63,63,0,0,1,0,897,8409,417,2571,5813,644,0,63,209,49,5520,3043,599,829,4287,7014,129,3463,35,133
2018_C_0457,2018,C,457,2018-10-16,1A,217,209,8,8,0.963133641,0.036866359,2064,10172,2845,6734,10919,1173,15,293,501,151,17360,13205,1520,2897,9030,13278,177,6073,125,403
2018_C_0467,2018,C,467,2018-10-16,1A,249,249,0,0,1,0,2581,13891,3753,8131,11514,1053,3,283,583,203,13490,15586,2082,3921,10098,8904,181,5283,123,509
2018_C_0469,2018,C,469,2018-10-16,1A,189,189,0,0,1,0,1933,9974,2681,4976,8847,1243,3,123,579,79,1271,8987,1345,2567,847,1345,173,4843,119,399
2018_C_0470,2018,C,470,2018-10-16,1A,389,369,18,20,0.948586118,0.051413882,4317,21420,5721,13270,19798,2117,3,361,979,167,17253,21609,3020,7071,12422,14115,277,10072,165,603
2018_C_0471,2018,C,471,2018-10-16,1A,251,243,0,8,0.96812749,0.03187251,3147,11907,4385,10742,10862,1465,5,315,821,207,17286,18310,2432,6341,10365,9178,243,7940,137,453
2018_C_0473,2018,C,473,2018-10-16,1A,283,273,10,10,0.964664311,0.035335689,4508,10670,3645,7959,11407,897,0,205,619,0,17470,17197,2295,5175,14067,16734,147,5983,97,429
2018_C_0475,2018,C,475,2018-10-16,1A,281,267,14,14,0.950177936,0.049822064,3341,18656,3771,10503,13316,1485,5,267,711,3,23228,16231,2497,5924,14488,18721,197,9439,129,389
2018_C_0477,2018,C,477,2018-10-16,1A,181,175,0,6,0.966850829,0.033149171,2585,16387,4052,8497,14179,1433,9,189,637,75,12076,14663,1724,4625,6991,10736,283,7411,87,373
2018_C_0478,2018,C,478,2018-10-16,1B,323,1,322,320,0.003095975,0.996904025,1797,695,43,27,101,131,0,273,633,153,5722,5667,3322,167,9862,11047,221,1651,19,29
2018_C_0480,2018,C,480,2018-10-16,1B,313,3,310,306,0.009584665,0.990415335,2429,722,59,47,83,51,0,289,681,147,4460,3956,3781,205,9716,14731,199,1133,9,39
2018_C_0483,2018,C,483,2018-10-16,1A,295,287,6,8,0.972881356,0.027118644,3207,10891,3735,7177,12393,1511,7,263,667,165,1182,15013,2504,5391,720,1119,209,6539,171,377
2018_C_0485,2018,C,485,2018-10-16,1A,119,115,0,4,0.966386555,0.033613445,2011,14494,3909,8345,15653,1323,5,79,389,41,10690,13071,1983,3837,7333,9942,199,7111,39,211
2018_C_0486,2018,C,486,2018-10-16,1A,51,51,0,0,1,0,2407,9173,2683,5000,10619,1049,5,55,429,23,10696,9535,1641,3549,7580,10623,107,5241,43,233
2018_C_0488,2018,C,488,2018-10-16,1A,131,131,0,0,1,0,2869,12776,4919,8531,13308,1801,7,149,905,85,17711,16964,2863,6023,10015,15238,305,8327,71,649
2018_C_0489,2018,C,489,2018-10-16,1B,179,11,168,168,0.061452514,0.938547486,1613,1531,103,193,231,303,0,215,357,127,8801,2007,2409,307,7422,11820,43,2455,31,53
2018_C_0490,2018,C,490,2018-10-16,1A,195,191,0,4,0.979487179,0.020512821,2669,10000,3207,6374,11795,1531,7,213,663,113,10320,11459,2025,4057,6432,10905,183,6131,117,455
2018_C_0493,2018,C,493,2018-10-16,1A,69,69,0,0,1,0,2897,9571,3471,6568,10045,1171,3,245,641,141,10277,13409,2295,4763,8584,7598,87,5837,31,455
2018_C_0494,2018,C,494,2018-10-16,1B,287,15,272,270,0.052264808,0.947735192,2251,111,27,37,51,39,0,301,819,137,2683,5288,4161,49,12026,14056,203,291,3,3
2018_C_0495,2018,C,495,2018-10-16,1A,305,297,0,8,0.973770492,0.026229508,2218,5972,2219,8268,7769,579,5,289,375,129,24237,11391,1296,4505,14719,17162,89,4253,155,513
2018_C_0496,2018,C,496,2018-10-16,1A,215,207,6,8,0.962790698,0.037209302,1861,10939,1329,6305,9857,559,3,177,205,53,26042,8881,1134,2733,13764,21171,39,6877,157,269
2018_C_0497,2018,C,497,2018-10-16,1B,383,3,380,380,0.007832898,0.992167102,1523,63,7,55,67,15,0,437,443,185,3565,4861,3648,43,25418,26870,91,213,3,5
2018_C_0498,2018,C,498,2018-10-16,1A,279,271,8,8,0.971326165,0.028673835,1719,8382,2330,6756,9565,439,15,315,207,83,22090,13295,1198,3599,19712,18141,35,5393,91,491
2018_C_0499,2018,C,499,2018-10-16,1A,133,133,0,0,1,0,1743,9855,1787,6364,9304,701,5,203,307,87,19176,10999,1178,3141,16937,17971,83,5731,73,331
2018_C_0500,2018,C,500,2018-10-16,1B,365,13,352,352,0.035616438,0.964383562,1157,43,23,47,43,13,0,313,367,135,434,4427,2268,31,15029,20089,123,61,0,11
2018_C_0501,2018,C,501,2018-10-16,1B,467,15,452,444,0.032119914,0.967880086,319,57,21,27,77,7,0,371,427,277,940,3661,2998,35,22279,22946,45,81,0,5
2018_C_0508,2018,C,508,2018-10-16,1A,93,87,6,0,0.935483871,0.064516129,1645,8259,1871,6141,7742,427,5,189,177,51,23857,11871,1165,2907,21816,14562,47,4971,61,239
2018_C_0511,2018,C,511,2018-10-16,1A,289,289,0,0,1,0,1709,7561,2177,5511,7287,779,11,245,319,147,13980,8020,739,2503,10485,16138,171,4083,131,409
2018_C_0523,2018,C,523,2018-10-16,1A,312,301,10,11,0.96474359,0.03525641,1625,6820,1635,3708,5131,387,13,297,249,229,18451,8507,907,2359,13633,17073,39,2741,133,391
2018_C_0524,2018,C,524,2018-10-16,1A,261,247,14,14,0.946360153,0.053639847,1675,4866,1909,3110,5250,433,5,201,229,89,11981,7693,862,1953,9411,12188,49,2451,133,411
2018_C_0530,2018,C,530,2018-10-16,1A,323,319,0,4,0.987616099,0.012383901,2409,6619,1751,3747,6465,733,9,299,301,133,16193,7371,1119,2349,9347,13373,91,3329,59,461
2018_C_0534,2018,C,534,2018-10-16,1A,247,247,0,0,1,0,1403,6045,1597,4031,6387,687,9,169,337,81,14675,7263,907,2493,9834,13533,63,3667,109,423
2018_C_0535,2018,C,535,2018-10-16,1A,154,154,0,0,1,0,2365,7661,2160,5424,6377,645,0,219,309,109,19836,10035,1201,3451,16626,16745,65,3465,69,345
2018_C_0536,2018,C,536,2018-10-16,1A,217,211,6,6,0.97235023,0.02764977,2041,7892,2099,5647,8813,859,5,205,389,17,18660,9903,1177,3405,12443,19052,133,4291,61,307
2018_C_0539,2018,C,539,2018-10-16,1A,349,343,0,6,0.982808023,0.017191977,2251,6258,2447,5357,6935,877,19,243,419,151,16462,10471,1267,3283,11774,13257,161,3383,141,505
2018_C_0541,2018,C,541,2018-10-16,1B,123,5,118,118,0.040650407,0.959349593,1345,145,81,105,177,27,0,227,327,119,1326,2103,2141,85,11554,17405,87,113,0,0
2018_C_0543,2018,C,543,2018-10-16,1A,37,33,4,4,0.891891892,0.108108108,799,3779,211,1583,3447,439,0,53,171,27,5293,1617,319,657,4238,7760,45,2211,23,113
2018_C_0544,2018,C,544,2018-10-16,1A,317,309,8,6,0.974763407,0.025236593,1537,8051,1863,5298,6965,603,0,249,265,95,25488,9241,1333,2668,16375,13420,49,4637,149,401
2018_C_0546,2018,C,546,2018-10-16,1A,191,181,10,8,0.947643979,0.052356021,1193,7366,1203,4091,6063,729,3,147,253,3,13709,7307,1057,2347,8539,13839,83,3685,129,209
2018_C_0548,2018,C,548,2018-10-16,1A,211,205,6,6,0.971563981,0.028436019,1507,5596,2043,4562,6005,619,11,207,409,49,13573,8715,1102,2955,11039,13390,85,3199,59,477
2018_C_0551,2018,C,551,2018-10-16,1A,203,199,0,4,0.980295567,0.019704433,1271,6007,1849,4375,7143,685,3,225,317,93,13939,7715,953,2843,8380,14648,147,3522,53,377
2018_C_0557,2018,C,557,2018-10-16,1A,273,265,8,8,0.970695971,0.029304029,1307,6104,1469,3377,5360,527,3,193,215,69,15468,5939,991,2137,8502,15187,35,3455,125,427
2018_C_0558,2018,C,558,2018-10-16,1A1B,305,67,238,236,0.219672131,0.780327869,1661,6622,609,1497,1885,41,0,223,103,229,25846,5294,1161,1411,19296,29263,3,3771,117,347
2018_C_0559,2018,C,559,2018-10-16,1A,389,389,0,0,1,0,1765,10920,1803,8085,10723,715,0,275,329,0,22099,10765,1341,3479,17492,19633,61,7039,99,327
2018_C_0560,2018,C,560,2018-10-16,1B,251,7,244,242,0.027888446,0.972111554,986,31,17,15,39,9,0,253,221,229,4728,1375,2146,21,17507,25867,27,45,0,7
2018_C_0561,2018,C,561,2018-10-16,1B,497,9,488,482,0.018108652,0.981891348,1751,98,29,35,65,11,0,523,485,179,2114,5834,3732,33,19900,23548,109,201,0,3
2018_C_0562,2018,C,562,2018-10-16,1A,161,157,0,4,0.97515528,0.02484472,2481,9568,3121,9511,13395,667,11,209,253,133,24951,15785,1656,4359,23489,20166,11,5579,81,343
2018_C_0566,2018,C,566,2018-10-16,1A,383,379,0,4,0.989556136,0.010443864,1919,13165,2205,9068,11055,827,19,277,355,19,30309,14955,1447,4215,23488,21653,105,8232,155,485
2018_C_0568,2018,C,568,2018-10-16,1B,297,13,284,284,0.043771044,0.956228956,1231,79,33,81,125,11,0,255,303,165,438,2035,2871,63,17917,22814,37,67,5,5
2018_C_0569,2018,C,569,2018-10-16,1A,241,235,0,6,0.975103734,0.024896266,1652,7210,1915,5508,7381,477,9,269,259,7,19614,9713,1095,2637,15640,15835,45,4274,95,349
2018_C_0570,2018,C,570,2018-10-16,1A,301,283,18,16,0.940199336,0.059800664,1943,12212,2759,6205,10305,923,11,303,365,179,20821,12210,1525,3325,12212,19789,113,5757,147,395
2018_C_0572,2018,C,572,2018-10-16,1B,641,19,622,622,0.029641186,0.970358814,1271,85,13,31,47,9,0,395,363,335,7062,3095,3272,33,16057,24619,111,109,5,7
2018_C_0575,2018,C,575,2018-10-16,1A,435,415,18,20,0.954022989,0.045977011,2157,8750,2136,5416,8535,649,13,347,353,191,19925,11348,1127,2869,14344,17393,111,3649,115,407
2018_C_0576,2018,C,576,2018-10-16,1A,397,387,6,10,0.974811083,0.025188917,1246,9393,1783,4845,7277,593,3,257,301,143,15732,8075,988,1974,11300,13157,77,3112,155,483
