SampleID,Year_Type,Year,SampleType,SampleNum,Date,Subgroup,R16,Ref_1A,SNP125_1B,SNP162_1B,Prp1A,Prp1B,SAP05,SAP06,SAP11,SAP13,SAP15,SAP19,SAP21,SAP27,SAP35,SAP36,SAP41,SAP42,SAP44,SAP45,SAP48,SAP49,SAP54,SAP66,SAP68,SAP67
2016_LH_0001,2016_LH,2016,LH,1,,1B,171,5,166,164,0.029239766,0.970760234,1893,49,21,51,127,15,0,189,339,101,76,4502,5265,33,17661,24481,35,181,9,0
2016_LH_0047,2016_LH,2016,LH,47,,1A1B,143,63,80,80,0.440559441,0.559440559,2210,15819,1593,6379,7037,589,0,127,173,31,19800,11409,1838,2635,16047,20436,17,8413,157,69
2016_LH_0049,2016_LH,2016,LH,49,,1A1B,133,29,102,104,0.218045113,0.781954887,1927,8180,669,1817,2243,185,0,111,127,49,9573,5698,1396,1122,6474,15670,19,4311,99,25
2016_LH_0051,2016_LH,2016,LH,51,,1A,75,75,0,0,1,0,1317,5562,243,31,997,61,0,61,33,9,9732,1739,290,385,4497,10422,3,2893,73,27
2016_LH_0052,2016_LH,2016,LH,52,,1A,121,113,8,8,0.933884298,0.066115702,2062,11566,1217,4832,7981,561,5,179,161,63,11068,11104,1149,2547,6821,14033,13,5893,237,89
2016_LH_0055,2016_LH,2016,LH,55,,1A,113,93,20,18,0.82300885,0.17699115,1651,10601,1129,3413,5089,495,0,97,87,31,13465,6897,996,1799,5565,13715,13,6409,209,81
2016_LH_0056,2016_LH,2016,LH,56,,1A,267,257,10,10,0.962546816,0.037453184,4090,17666,3461,11753,17821,1433,7,225,413,69,24155,23633,2499,6597,13437,20301,107,10613,323,99
2016_LH_0057,2016_LH,2016,LH,57,,1A,61,61,0,0,1,0,2261,8369,757,3572,4477,393,0,57,77,0,11596,6135,871,2095,6545,11749,11,5709,115,3
2016_LH_0058,2016_LH,2016,LH,58,,1A1B,143,55,88,86,0.384615385,0.615384615,2375,13550,1319,4563,5047,653,5,127,195,37,10990,8282,1683,3389,7059,13020,43,7089,193,41
2016_LH_0059,2016_LH,2016,LH,59,,1B,211,5,206,206,0.023696682,0.976303318,1677,31,7,21,49,13,0,151,129,37,82,1111,2795,21,8090,18899,3,27,3,0
2016_LH_0062,2016_LH,2016,LH,62,,1A,49,49,0,0,1,0,1837,6457,711,2753,2525,295,3,91,77,23,8796,4461,627,1587,5906,7774,9,4601,187,13
2016_LH_0064,2016_LH,2016,LH,64,,1A,123,105,18,18,0.853658537,0.146341463,2237,8208,819,1957,4390,385,0,129,105,31,16007,6201,1211,2001,11694,16899,11,7183,249,55
2016_LH_0066,2016_LH,2016,LH,66,,1B,245,5,240,240,0.020408163,0.979591837,795,1015,69,273,311,45,0,205,93,123,6081,955,1790,213,7723,14525,9,1511,47,39
2016_LH_0067,2016_LH,2016,LH,67,,1A,103,97,6,6,0.941747573,0.058252427,1979,9866,1201,2613,6037,643,0,81,141,19,13048,7785,1325,2593,10082,16286,9,3811,185,43
2016_LH_0068,2016_LH,2016,LH,68,,1A,53,53,0,0,1,0,1284,6345,475,2637,3409,373,0,45,33,5,8798,2951,617,1267,5620,11582,5,5397,91,23
2016_LH_0073,2016_LH,2016,LH,73,,1A1B,93,41,52,52,0.440860215,0.559139785,1511,11230,547,4027,4595,349,0,47,63,15,11903,6117,999,2217,8873,19884,0,9291,63,31
2016_LH_0074,2016_LH,2016,LH,74,,1B,137,17,120,120,0.124087591,0.875912409,1638,13691,1045,4137,2667,547,0,117,305,85,14997,10437,2898,2917,16198,21370,27,11857,137,47
2016_LH_0075,2016_LH,2016,LH,75,,1A1B,149,101,44,48,0.677852349,0.322147651,2517,16402,1727,6545,10327,611,3,139,291,37,18890,14877,1942,3703,11853,20435,49,10862,193,61
2016_LH_0076,2016_LH,2016,LH,76,,1A,115,115,0,0,1,0,2499,9303,1339,4159,5279,497,0,53,69,5,11235,5657,861,2191,7242,16082,7,8465,97,45
2016_LH_0077,2016_LH,2016,LH,77,,1A1B,111,43,68,66,0.387387387,0.612612613,1915,14114,1269,4777,4667,417,3,119,175,39,16245,10029,1783,2303,11588,19362,11,9759,111,25
2016_LH_0079,2016_LH,2016,LH,79,,1A,149,139,10,10,0.932885906,0.067114094,3196,22955,2949,833,19990,1317,0,163,355,67,30001,25967,2753,5535,26917,21464,101,10857,249,77
2016_LH_0080,2016_LH,2016,LH,80,,1A,139,133,6,6,0.956834532,0.043165468,2625,14478,2329,6546,10785,1031,0,225,239,65,15500,14919,1712,3489,6376,20792,29,8745,321,157
2016_LH_0082,2016_LH,2016,LH,82,,1A,133,119,12,14,0.894736842,0.105263158,2169,9292,1047,3491,3659,181,5,115,131,33,12563,8115,941,1723,8628,15442,19,5671,197,91
2016_LH_0090,2016_LH,2016,LH,90,,1A,163,157,6,6,0.963190184,0.036809816,3153,9754,2095,6852,10540,939,0,131,321,23,11861,13161,1533,4903,7255,15260,61,7445,155,31
2016_LH_0091,2016_LH,2016,LH,91,,1A1B,155,133,22,22,0.858064516,0.141935484,1807,4507,503,1837,2309,265,0,53,41,13,9563,2901,631,1035,4895,12480,7,4379,103,27
2016_LH_0093,2016_LH,2016,LH,93,,1A1B,173,85,88,88,0.49132948,0.50867052,1975,8418,719,3253,2649,447,0,123,145,29,12622,5690,1351,1593,8085,9866,17,5435,99,65
2016_LH_0094,2016_LH,2016,LH,94,,1A,155,155,0,0,1,0,2507,10350,1169,5291,8643,771,0,73,147,19,12093,8557,1219,3019,10165,14730,39,7925,155,59
2016_LH_0115,2016_LH,2016,LH,115,,1A,81,81,0,0,1,0,1003,2599,241,1240,1497,165,0,71,37,9,10293,2287,398,949,3216,10478,7,3221,67,29
2016_LH_0122,2016_LH,2016,LH,122,,1A,159,159,0,0,1,0,2745,20818,4575,13960,18438,1043,3,151,359,55,18385,20686,2219,5461,13687,10267,97,12453,267,85
2016_LH_0123,2016_LH,2016,LH,123,,1A,147,143,0,4,0.972789116,0.027210884,3336,13332,1465,7985,10329,757,0,111,197,37,18053,10177,1621,3567,14467,21407,11,12434,195,33
2016_LH_0130,2016_LH,2016,LH,130,,1A,41,37,4,4,0.902439024,0.097560976,1287,5031,271,1881,1769,97,0,25,23,0,13086,2455,397,897,6326,16837,5,4783,81,3
2016_LH_0132,2016_LH,2016,LH,132,,1A,157,153,4,4,0.974522293,0.025477707,1805,14177,1213,7134,8523,463,0,97,87,25,20508,12281,1167,2950,10918,17189,15,11969,207,61
2016_LH_0137,2016_LH,2016,LH,137,,1B,201,1,198,200,0.004975124,0.995024876,1279,833,69,141,135,23,0,177,225,81,1686,2110,3391,67,9101,17926,19,677,21,5
2016_LH_0196,2016_LH,2016,LH,196,,1A1B,209,171,38,38,0.818181818,0.181818182,2390,13263,2931,9694,10360,1025,0,279,423,117,14575,18234,2219,5069,7278,7192,51,10161,287,141
2016_LH_0202,2016_LH,2016,LH,202,,1A,183,179,4,4,0.978142077,0.021857923,2755,11314,1830,9223,10207,953,0,171,231,33,16531,13585,1603,3985,11005,13616,31,9953,191,49
2016_LH_0204,2016_LH,2016,LH,204,,1A,179,173,6,4,0.966480447,0.033519553,3251,12917,2779,2357,15895,1151,0,181,347,65,22123,23020,3026,6955,12920,21668,83,10295,241,83
2016_LH_0205,2016_LH,2016,LH,205,,1A,183,175,8,8,0.956284153,0.043715847,2745,16826,2091,421,14116,917,0,129,279,41,18501,16077,2460,5059,10338,14714,39,10812,213,59
2016_LH_0206,2016_LH,2016,LH,206,,1B,241,1,240,238,0.004149378,0.995850622,2311,59,13,63,65,9,0,211,447,73,695,5945,3956,45,12460,18077,79,105,5,0
2016_LH_0209,2016_LH,2016,LH,209,,1A,95,95,0,0,1,0,1263,3819,239,1737,1893,363,0,51,33,0,9885,1755,439,765,4475,8793,3,4329,101,37
2016_LH_0210,2016_LH,2016,LH,210,,1B,19,1,18,18,0.052631579,0.947368421,1371,1075,89,617,547,187,0,95,79,35,9150,2277,2181,753,7824,13330,7,3299,13,3
2016_LH_0211,2016_LH,2016,LH,211,,1B,49,13,36,36,0.265306122,0.734693878,1941,10161,1189,4695,5513,683,0,125,189,43,16871,8227,2267,3059,12131,19313,23,9189,157,37
2016_LH_0212,2016_LH,2016,LH,212,,1A,71,65,4,6,0.915492958,0.084507042,2143,12474,2273,8650,10721,855,3,151,311,37,14726,16149,1634,4085,6470,14326,79,8901,195,53
2016_LH_0213,2016_LH,2016,LH,213,,1A1B,165,141,22,24,0.854545455,0.145454545,1627,10833,1303,5725,6021,735,0,115,159,11,14447,7518,1388,2591,9162,13997,17,8835,235,89
2016_LH_0215,2016_LH,2016,LH,215,,1A,89,89,0,0,1,0,2386,6399,927,2997,2279,261,5,41,125,3,11685,6245,1199,2817,6622,13459,13,4807,199,29
2016_LH_0216,2016_LH,2016,LH,216,,1A1B,167,131,36,36,0.784431138,0.215568862,4337,35551,5691,77,30652,2338,15,161,831,79,29374,47929,5257,12501,23181,27638,235,23709,435,89
2016_LH_0218,2016_LH,2016,LH,218,,1A,167,167,0,0,1,0,2845,12726,721,7263,7732,933,0,141,133,11,20058,5729,1040,2835,13675,20417,15,15145,203,55
2016_LH_0219,2016_LH,2016,LH,219,,1A,181,173,6,8,0.955801105,0.044198895,3519,27426,2731,19073,25714,1555,3,217,399,23,22310,27270,2568,6833,12675,22620,81,21932,239,75
2016_LH_0220,2016_LH,2016,LH,220,,1B,327,15,312,310,0.04587156,0.95412844,1471,1225,95,329,303,87,0,199,239,83,5780,2554,3014,361,11844,16657,23,2429,21,5
2016_LH_0221,2016_LH,2016,LH,221,,1A1B,151,63,88,84,0.417218543,0.582781457,4228,26799,3389,13167,10955,1621,0,309,573,91,30241,26750,4569,7267,28003,38040,55,20262,297,65
2016_LH_0223,2016_LH,2016,LH,223,,1A,189,189,0,0,1,0,4615,25924,4465,13849,24933,2071,5,223,585,65,24376,30568,3943,8097,17624,26408,127,21190,439,133
2016_LH_0224,2016_LH,2016,LH,224,,1A1B,125,35,90,88,0.28,0.72,1777,8285,583,1829,2047,319,11,81,137,31,9306,2887,1618,965,7382,10669,5,5869,81,23
2016_LH_0310,2016_LH,2016,LH,310,,1A,151,143,8,6,0.947019868,0.052980132,1503,13731,1869,6419,8916,1035,3,167,243,67,9461,9444,1319,2547,6480,9332,75,6346,227,129
2016_LH_0685,2016_LH,2016,LH,685,,1A1B,553,525,28,26,0.949367089,0.050632911,3271,10274,2815,3915,6394,1443,9,487,477,125,10851,7363,1553,3183,5940,11831,61,6191,783,345
2016_LH_0687,2016_LH,2016,LH,687,,1A1B,125,73,52,52,0.584,0.416,1949,7193,421,1329,1939,145,0,135,95,37,11057,4247,862,1285,4633,11100,13,4385,167,63
2016_LH_0691,2016_LH,2016,LH,691,,1A,531,527,4,0,0.992467043,0.007532957,4711,12313,8111,6648,11519,2653,7,602,1311,249,11259,14802,3296,5657,8175,12581,165,7231,1239,497
2016_LH_0700,2016_LH,2016,LH,700,,1A1B,143,81,62,60,0.566433566,0.433566434,2891,11071,903,5199,6501,1015,0,131,227,29,10197,8336,1459,3759,6596,11579,63,8323,165,51
2016_LH_0722,2016_LH,2016,LH,722,,1A,63,59,4,4,0.936507937,0.063492063,2436,5364,535,1688,1305,69,0,75,73,9,9441,4257,672,1575,4163,8775,11,3471,211,33
2016_LH_0726,2016_LH,2016,LH,726,,1B,53,15,38,36,0.283018868,0.716981132,2213,9341,849,2515,2501,987,3,119,215,31,9416,10582,2315,3033,9892,10754,85,7247,103,33
2016_LH_0727,2016_LH,2016,LH,727,,1A,65,59,4,6,0.907692308,0.092307692,4375,25004,3425,14599,18107,1539,5,177,475,3,19173,22736,2971,7057,16225,17833,77,13217,309,21
2016_LH_0728,2016_LH,2016,LH,728,,1A1B,217,179,38,36,0.824884793,0.175115207,2591,9511,1313,3968,5910,839,0,179,163,37,15118,5503,1229,2607,9942,13147,25,7655,241,69
2016_LH_0729,2016_LH,2016,LH,729,,1A,341,333,6,8,0.976539589,0.023460411,4715,17461,4245,11686,17753,1769,5,285,623,155,18288,20879,2692,6910,12745,18683,155,10193,505,33
2016_LH_0730,2016_LH,2016,LH,730,,1A1B,123,53,70,70,0.430894309,0.569105691,1797,10323,919,4471,4251,1037,0,95,259,73,8201,7526,1649,2333,8061,13055,91,6889,185,53
2016_LH_0731,2016_LH,2016,LH,731,,1A,55,55,0,0,1,0,1871,8067,977,4795,6709,1037,5,111,139,15,9802,7323,1149,3105,5995,11164,19,6550,137,33
2016_LH_0735,2016_LH,2016,LH,735,,1A,179,171,8,8,0.955307263,0.044692737,3325,9326,1151,3628,5711,407,7,143,155,0,14482,6265,1215,3143,10837,17418,11,6413,171,99
2016_LH_0748,2016_LH,2016,LH,748,,1A,41,41,0,0,1,0,1209,3773,137,1691,2445,437,0,17,21,3,8906,1067,319,653,2423,7638,0,4755,49,13
2016_LH_0752,2016_LH,2016,LH,752,,1A,161,151,10,10,0.937888199,0.062111801,2375,13694,2791,55,10162,1297,3,197,383,93,14367,17061,3042,5123,9794,11371,91,8787,373,125
2016_LH_0760,2016_LH,2016,LH,760,,1A,167,155,10,12,0.928143713,0.071856287,2115,13628,1611,8014,11381,993,3,125,223,37,12829,12171,1556,3379,10478,13079,31,8741,291,71
2016_LH_0792,2016_LH,2016,LH,792,,1B,127,11,116,116,0.086614173,0.913385827,1423,2843,227,1399,931,425,0,221,191,61,13667,4783,3121,1837,13107,23411,49,9185,37,29
2016_LH_0793,2016_LH,2016,LH,793,,1A,67,67,0,0,1,0,1605,3757,151,3071,2331,575,0,37,43,19,18733,3775,461,1801,6580,19499,0,11691,49,35
2016_LH_0794,2016_LH,2016,LH,794,,1A1B,9,5,4,4,0.555555556,0.444444444,3141,17963,1091,8911,10027,1197,5,39,221,9,20326,13283,2429,3937,15940,27323,21,17201,83,7
2016_LH_0795,2016_LH,2016,LH,795,,1A1B,253,231,16,22,0.913043478,0.086956522,3007,12930,1097,8047,9733,1235,0,211,267,55,14433,6285,1467,2987,10067,12996,51,13835,331,137
2016_LH_0796,2016_LH,2016,LH,796,,1A1B,387,147,234,240,0.379844961,0.620155039,4045,24271,4133,14056,12863,2685,19,521,1029,263,18525,26387,4392,7659,15761,23837,315,17218,901,341
2016_LH_0797,2016_LH,2016,LH,797,,1A,127,121,4,6,0.952755906,0.047244094,2605,7979,547,6651,5495,1049,0,185,57,29,21832,11894,891,6103,10330,19707,9,15713,155,121
2016_LH_0798,2016_LH,2016,LH,798,,1A1B,193,115,76,78,0.595854922,0.404145078,3251,12474,1813,9019,7741,1305,5,209,247,75,15500,14959,2021,4083,9745,21314,43,11012,303,189
2016_LH_0801,2016_LH,2016,LH,801,,1A1B,157,39,116,118,0.248407643,0.751592357,1695,12290,637,3063,3419,829,3,117,247,31,11610,6287,1861,1719,8128,11503,27,7463,149,87
2016_LH_0802,2016_LH,2016,LH,802,,1A,131,111,20,20,0.847328244,0.152671756,2277,11483,447,3106,5504,729,0,107,71,7,9080,3919,849,1921,3277,11936,5,7163,131,29
2016_LH_0804,2016_LH,2016,LH,804,,1A,77,77,0,0,1,0,2403,10275,625,4391,5277,875,0,137,141,19,11150,6021,1093,2335,6511,14019,41,8747,219,71
2016_LH_0806,2016_LH,2016,LH,806,,1A1B,281,43,238,236,0.153024911,0.846975089,5339,14061,799,2465,2157,1095,0,365,379,97,20477,10761,5498,4687,15937,31499,83,12485,193,75
2016_LH_0807,2016_LH,2016,LH,807,,1A1B,99,35,62,64,0.353535354,0.646464646,6162,16222,2023,10415,12009,1331,0,197,367,45,23119,22733,3148,8263,15343,25226,91,10297,189,11
2016_LH_0808,2016_LH,2016,LH,808,,1A1B,115,59,56,54,0.513043478,0.486956522,1961,3489,177,1289,1835,235,0,65,43,5,8793,1723,427,957,3595,12661,3,4141,47,39
2016_LH_0809,2016_LH,2016,LH,809,,1A,187,187,0,0,1,0,3947,22398,2513,13315,17595,1487,0,167,333,45,18821,21728,2549,6561,11100,19709,61,14209,253,91
2016_LH_0810,2016_LH,2016,LH,810,,1A1B,273,123,150,148,0.450549451,0.549450549,3639,14916,2059,7188,6742,1219,9,223,429,147,13157,18957,2974,5907,11961,22050,103,9451,237,53
2016_LH_0811,2016_LH,2016,LH,811,,1B,239,7,232,230,0.029288703,0.970711297,3539,10105,709,1680,1165,749,3,165,459,89,15010,10903,3875,3362,11589,19967,99,8749,127,35
2016_LH_0891,2016_LH,2016,LH,891,,1A,109,109,0,0,1,0,2171,10192,1213,5401,7621,759,0,117,157,19,9612,9202,1166,3583,5894,7301,25,6143,223,111
2016_LH_0904,2016_LH,2016,LH,904,,1A,69,69,0,0,1,0,2089,13333,1821,7267,10415,839,0,139,241,43,11821,10899,1854,3669,8529,13248,45,8939,169,65
2016_LH_0913,2016_LH,2016,LH,913,,1A1B,85,39,46,46,0.458823529,0.541176471,2711,14328,1683,7105,8065,1069,0,119,329,41,11695,13019,2421,3815,11360,17130,75,10029,223,25
2016_LH_0914,2016_LH,2016,LH,914,,1B,21,5,16,16,0.238095238,0.761904762,1135,3765,191,991,701,477,0,79,211,27,8319,4835,2782,1869,7660,17310,17,6187,51,3
2016_LH_0917,2016_LH,2016,LH,917,,1B,235,9,226,220,0.038297872,0.961702128,2773,1618,93,227,211,125,0,219,459,109,11227,5757,5095,439,19814,20914,125,4281,57,21
2016_LH_0918,2016_LH,2016,LH,918,,1A,193,193,0,0,1,0,3521,24972,3769,19858,22102,1871,11,215,587,97,30453,26482,2598,6449,18600,18793,151,18723,441,167
2016_LH_0919,2016_LH,2016,LH,919,,1A1B,131,31,100,96,0.236641221,0.763358779,2463,5543,299,2643,2767,519,0,127,97,21,18554,2973,1713,1607,10533,22008,5,9867,77,21
2016_LH_0920,2016_LH,2016,LH,920,,1B,181,1,180,178,0.005524862,0.994475138,3321,853,31,173,171,73,0,203,379,101,4927,7436,5823,265,20228,28362,75,2145,21,7
2016_LH_0921,2016_LH,2016,LH,921,,1A1B,161,29,132,132,0.180124224,0.819875776,2204,7188,307,2191,1981,491,0,173,139,33,19660,4696,3072,1587,17170,24825,33,10954,87,27
2016_LH_0922,2016_LH,2016,LH,922,,1B,117,9,108,106,0.076923077,0.923076923,2096,4027,223,1905,1673,431,0,97,117,37,16596,3935,2696,1507,11817,20221,11,8993,37,17
2016_LH_0923,2016_LH,2016,LH,923,,1A1B,231,33,198,194,0.142857143,0.857142857,2669,16656,1489,7217,5135,439,0,217,417,133,17724,18362,4049,4029,17021,25209,49,12323,263,89
2016_LH_0924,2016_LH,2016,LH,924,,1A1B,183,73,110,110,0.398907104,0.601092896,3139,17102,1261,5572,6158,1143,0,243,239,57,15196,12443,2781,3235,12795,24383,39,10692,221,109
2016_LH_0925,2016_LH,2016,LH,925,,1B,35,9,26,26,0.257142857,0.742857143,1387,4814,185,1229,1499,291,0,61,37,7,14884,3068,501,1513,3894,12376,0,5331,11,49
2016_LH_0926,2016_LH,2016,LH,926,,1A1B,303,221,76,82,0.729372937,0.270627063,4437,34775,3845,14583,18967,1711,3,331,645,203,24461,30807,3828,6023,16418,27855,139,13055,457,193
2016_LH_0927,2016_LH,2016,LH,927,,1A1B,139,23,116,114,0.165467626,0.834532374,2579,5519,275,1659,1101,665,0,233,241,111,13656,4882,2450,1563,8387,17885,47,8163,133,57
2016_LH_0928,2016_LH,2016,LH,928,,1A,63,59,0,4,0.936507937,0.063492063,1711,4794,343,1661,2659,401,0,101,37,15,9760,2897,365,1006,3310,8823,5,4933,141,61
2016_LH_0929,2016_LH,2016,LH,929,,1A1B,142,82,60,60,0.577464789,0.422535211,2709,15918,2697,6494,6968,1087,7,181,483,137,12751,20800,2762,3641,9055,15432,133,8741,363,93
2016_LH_0930,2016_LH,2016,LH,930,,1A1B,135,65,70,68,0.481481481,0.518518519,1747,4079,179,1823,2291,457,0,41,61,3,11950,1761,729,729,4383,14412,7,5793,51,31
2016_LH_1079,2016_LH,2016,LH,1079,,1B,89,9,80,78,0.101123596,0.898876404,1929,2491,145,1371,1507,465,0,61,123,7,9018,4992,1485,2077,7115,12586,23,6359,41,13
2016_LH_1081,2016_LH,2016,LH,1081,,1A1B,309,149,160,158,0.482200647,0.517799353,3415,14357,2525,8255,8217,1751,0,311,623,73,11562,15395,1687,5444,9215,11655,245,7497,315,103
2016_LH_1082,2016_LH,2016,LH,1082,,1B,159,3,156,156,0.018867925,0.981132075,2729,2949,99,355,319,281,0,143,221,41,4427,6381,2435,563,9024,12792,49,2949,17,9
2016_LH_1085,2016_LH,2016,LH,1085,,1A1B,305,35,268,270,0.114754098,0.885245902,4982,14064,1617,3865,2252,1943,7,457,535,165,12293,15988,4441,4215,10808,17414,233,11447,257,79
2016_LH_1089,2016_LH,2016,LH,1089,,1B,61,3,58,58,0.049180328,0.950819672,1451,1617,71,547,469,237,0,117,207,35,4370,3682,2149,413,7373,7510,103,2637,17,7
2016_LH_1090,2016_LH,2016,LH,1090,,1A1B,103,39,64,64,0.378640777,0.621359223,2191,15225,2503,10385,7530,1039,3,149,375,63,10049,21900,1993,4989,9240,10409,127,9887,303,75
2016_LH_1091,2016_LH,2016,LH,1091,,1A1B,113,21,92,90,0.185840708,0.814159292,1853,6619,255,2367,2785,747,0,147,165,11,9679,4174,1849,1977,6684,12195,29,7091,85,19
2016_LH_1092,2016_LH,2016,LH,1092,,1A1B,125,71,54,54,0.568,0.432,1923,9325,681,4677,7177,1003,3,87,95,19,11219,6971,1453,3517,6084,12193,11,9031,79,19
2016_LH_1093,2016_LH,2016,LH,1093,,1A,125,105,18,20,0.84,0.16,2647,14426,3069,12443,17329,1173,3,155,341,85,12718,20941,2055,4819,12106,11775,191,10317,261,69
2016_LH_1095,2016_LH,2016,LH,1095,,1A,75,75,0,0,1,0,1575,8483,795,6489,7963,763,0,57,79,7,12605,9963,979,3859,7177,13644,47,10237,71,81
2016_LH_1097,2016_LH,2016,LH,1097,,1A,109,105,0,4,0.963302752,0.036697248,2373,22391,2637,15373,20217,1203,3,79,219,23,13392,20239,1374,5387,11230,14158,117,13229,127,49
2016_LH_1098,2016_LH,2016,LH,1098,,1B,201,5,196,196,0.024875622,0.975124378,2749,2255,221,807,771,401,0,159,209,51,14420,5882,3555,1441,14092,20563,21,6953,35,29
2016_LH_1099,2016_LH,2016,LH,1099,,1A,207,207,0,0,1,0,3053,16753,1071,9744,12571,1449,0,149,147,21,25675,9895,1452,4801,13801,21579,13,16833,229,85
2016_LH_1100,2016_LH,2016,LH,1100,,1A1B,105,67,38,36,0.638095238,0.361904762,1675,3771,209,1363,1789,357,3,57,17,0,12767,1215,439,855,5238,15200,3,5757,41,3
2016_LH_1103,2016_LH,2016,LH,1103,,1A,185,185,0,0,1,0,2727,14581,1421,5631,6875,299,7,153,131,51,16492,11704,1136,3887,11729,16968,15,8902,273,65
2016_LH_1106,2016_LH,2016,LH,1106,,1A1B,133,25,108,108,0.187969925,0.812030075,1583,3347,167,1113,1633,357,0,115,45,11,8330,1693,721,831,3771,12641,5,4171,71,39
2016_LH_1107,2016_LH,2016,LH,1107,,1B,133,11,122,120,0.082706767,0.917293233,1315,1173,55,577,605,333,3,145,71,29,9380,1237,1281,559,5536,14742,3,3590,17,27
2016_LH_1108,2016_LH,2016,LH,1108,,1A1B,197,169,28,26,0.85786802,0.14213198,2755,8816,2261,4259,7877,1021,7,181,395,111,11379,9511,1403,2745,6948,13081,85,4885,301,87
2016_LH_1114,2016_LH,2016,LH,1114,,1A1B,101,51,50,50,0.504950495,0.495049505,2449,10137,1309,3955,4701,969,0,103,173,51,7889,8311,1590,3880,5333,10800,47,5819,123,67
2016_LH_1115,2016_LH,2016,LH,1115,,1B,167,5,162,162,0.02994012,0.97005988,2915,7951,309,1169,1143,773,0,195,283,81,12850,6763,2974,2043,10668,15695,29,7840,179,63
2016_LH_1116,2016_LH,2016,LH,1116,,1A1B,149,55,90,94,0.369127517,0.630872483,2405,15997,815,3428,3555,1015,5,131,297,81,9145,8824,2149,2779,7245,11606,87,8473,227,43
2016_LH_1117,2016_LH,2016,LH,1117,,1A,133,115,16,18,0.864661654,0.135338346,3225,13967,1741,6867,8607,1205,3,157,245,61,13577,10405,1781,4765,6785,14809,63,8337,319,121
2016_LH_1124,2016_LH,2016,LH,1124,,1B,165,1,164,164,0.006060606,0.993939394,1723,1098,151,139,107,307,0,255,391,111,6817,6292,3231,1165,8531,11843,93,2939,41,29
2016_LH_1125,2016_LH,2016,LH,1125,,1B,121,1,120,118,0.008264463,0.991735537,1367,853,73,417,341,309,0,141,111,49,5898,1837,2099,671,5654,11456,15,3663,27,21
2016_LH_1127,2016_LH,2016,LH,1127,,1A,87,81,6,6,0.931034483,0.068965517,1753,5970,643,2217,3484,503,3,103,55,23,8782,2661,609,1203,5678,9348,3,5740,173,63
2016_LH_1128,2016_LH,2016,LH,1128,,1A,49,41,8,8,0.836734694,0.163265306,2735,11188,3117,8993,10714,1265,7,199,507,71,15150,20019,2609,5445,9261,14693,141,10089,297,21
2016_LH_1132,2016_LH,2016,LH,1132,,1B,115,5,110,110,0.043478261,0.956521739,2195,15648,971,4453,3571,1079,3,147,167,39,13771,14514,2423,3781,12927,13836,47,12554,105,31
2016_LH_1133,2016_LH,2016,LH,1133,,1A1B,169,49,120,120,0.289940828,0.710059172,3363,19349,1265,8009,9209,1335,3,137,299,47,15432,13690,2065,4605,11503,16420,81,15229,161,53
2016_LH_1134,2016_LH,2016,LH,1134,,1B,153,19,134,134,0.124183007,0.875816993,1991,10121,259,2589,2461,833,3,109,193,31,13200,5635,1929,1653,12120,19032,31,10727,139,37
2016_LH_1137,2016_LH,2016,LH,1137,,1A,141,141,0,0,1,0,2454,17844,2327,7938,12713,979,3,175,255,47,17512,13131,1432,4381,15666,13661,11,10675,285,83
2017_C_0095,2017_C,2017,C,95,,1A,375,371,0,4,0.989333333,0.010666667,2818,13626,4205,12400,16985,1681,7,361,1031,229,15139,22482,2377,6187,12240,9560,313,8640,629,125
2017_C_0099,2017_C,2017,C,99,,1A,245,241,0,0,0.983673469,0,2684,15426,3937,9706,17375,1491,0,237,779,23,17455,18892,2074,5335,9142,9797,203,8533,293,73
2017_C_0101,2017_C,2017,C,101,,1A,191,183,8,8,0.958115183,0.041884817,2548,14016,3957,65,15108,1625,11,343,729,171,14217,18723,2723,5845,9229,10195,257,8531,579,111
2017_C_0109,2017_C,2017,C,109,,1B,517,15,500,502,0.02901354,0.97098646,2539,73,17,45,113,5,0,381,867,193,370,10450,4447,35,14197,16689,331,129,0,0
2017_C_0134,2017_C,2017,C,134,,1A,365,351,14,14,0.961643836,0.038356164,2623,8335,3725,6269,11198,1317,9,223,757,3,9458,13475,1807,4021,6050,8120,247,4333,601,187
2017_C_0146,2017_C,2017,C,146,,1B,389,7,382,378,0.017994859,0.982005141,2110,121,47,25,75,17,0,609,879,253,3689,4919,4189,51,8282,10686,279,341,19,5
2017_C_0152,2017_C,2017,C,152,,1B,503,13,488,490,0.02584493,0.97415507,2767,31,17,33,85,21,0,575,1189,287,60,3676,5749,37,9775,13139,231,73,0,3
2017_C_0161,2017_C,2017,C,161,,1A1B,363,79,276,284,0.217630854,0.782369146,5017,8782,4398,5125,4377,1417,7,457,1025,287,12837,19491,3806,7129,12816,17220,315,5897,579,141
2017_C_0164,2017_C,2017,C,164,,1A,239,235,0,4,0.983263598,0.016736402,951,6224,934,2859,4253,459,5,149,209,5,13245,4273,627,1559,8047,9745,63,2835,351,71
2017_C_0196,2017_C,2017,C,196,,1A,351,335,14,16,0.954415954,0.045584046,3921,9552,4361,8192,12334,1463,15,275,757,203,13053,18558,2553,6915,9015,8387,275,6154,689,141
2017_C_0199,2017_C,2017,C,199,,1B,227,5,222,222,0.022026432,0.977973568,2732,73,29,27,59,11,0,301,809,230,1530,3575,4819,55,9367,9666,165,129,5,5
2017_C_0203,2017_C,2017,C,203,,1A,105,105,0,0,1,0,3527,12824,5235,12662,16192,1623,9,481,965,233,15716,27365,3376,7064,14448,9956,321,6753,583,31
2017_C_0207,2017_C,2017,C,207,,1A,323,323,0,0,1,0,3665,11671,5331,10645,14246,1693,11,339,973,209,12750,24636,3540,9563,8508,11269,273,5671,571,191
2017_C_0211,2017_C,2017,C,211,,1A,251,243,6,8,0.96812749,0.03187251,3577,12739,4347,13885,18457,1405,15,295,689,169,14328,27184,3208,7051,14956,11302,237,8507,459,195
2017_C_0230,2017_C,2017,C,230,,1A,67,67,0,0,1,0,2523,9248,3669,8711,13188,1053,13,262,679,145,1196,18075,2273,5569,857,815,221,4931,453,63
2017_C_0231,2017_C,2017,C,231,,1A,133,133,0,0,1,0,3051,8750,3513,7108,11583,1111,11,159,575,107,17488,15117,2208,5245,13125,13285,215,3969,693,73
2017_C_0236,2017_C,2017,C,236,,1A1B,648,22,626,622,0.033950617,0.966049383,3607,1316,105,103,175,79,0,589,1227,275,10047,19675,7830,219,30353,15881,357,2910,43,5
2017_C_0242,2017_C,2017,C,242,,1A,429,415,14,14,0.967365967,0.032634033,3287,15128,4689,13385,20979,1778,17,269,895,199,17990,25592,2481,8093,14048,10155,263,9862,539,137
2017_C_0246,2017_C,2017,C,246,,1A,373,363,10,8,0.973190349,0.026809651,3693,16696,5815,13656,17348,1579,5,331,907,187,14476,23903,2805,8519,13617,12199,247,10185,579,101
2017_C_0249,2017_C,2017,C,249,,1A,253,247,4,6,0.976284585,0.023715415,4437,20594,6483,17075,24415,2057,27,273,1211,151,23728,32736,3302,10867,21630,16265,379,11401,691,215
2017_C_0252,2017_C,2017,C,252,,1A,311,303,8,8,0.974276527,0.025723473,2079,16291,3673,10413,17234,1407,9,253,705,117,14032,18271,1730,5483,10791,12136,273,8643,415,83
2017_C_0307,2017_C,2017,C,307,,1A,129,129,0,0,1,0,2293,8658,1591,3275,4801,453,5,193,279,85,8136,6394,938,2095,6222,8962,13,4183,387,89
2017_C_0357,2017_C,2017,C,357,,1A,329,319,8,10,0.969604863,0.030395137,2879,11302,3813,7841,11845,1389,7,367,747,235,14624,14103,2108,3651,10161,10764,269,5504,653,177
2017_C_0361,2017_C,2017,C,361,,1A,247,241,0,6,0.975708502,0.024291498,3647,9276,4037,7020,10073,1271,5,349,861,223,13846,15363,2135,4799,9204,10181,265,5031,497,177
2017_C_0364,2017_C,2017,C,364,,1A,415,399,10,16,0.961445783,0.038554217,2967,13815,4227,7740,12278,1517,7,335,871,219,14088,15413,1987,3901,8433,8693,303,6531,623,229
2017_C_0369,2017_C,2017,C,369,,1A,189,189,0,0,1,0,2354,8478,1253,2755,6117,733,7,101,129,23,7207,4643,683,2351,4258,8441,23,4227,191,31
2017_C_0371,2017_C,2017,C,371,,1B,277,7,270,270,0.025270758,0.974729242,1981,39,13,37,73,15,0,285,663,107,399,5426,3442,17,11236,12205,145,99,5,3
2017_C_0379,2017_C,2017,C,379,,1B,381,7,374,374,0.018372703,0.981627297,3114,1473,95,93,93,225,0,417,827,123,8159,5461,3639,323,10005,13841,269,2467,47,31
2017_C_0386,2017_C,2017,C,386,,1B,531,5,524,526,0.009416196,0.990583804,2115,27,21,37,69,11,0,413,781,235,389,3686,3313,23,12688,14708,171,43,9,0
2017_C_0394,2017_C,2017,C,394,,1A1B,213,185,28,28,0.868544601,0.131455399,2574,11610,2327,4887,8069,1359,0,185,549,71,8657,8016,1561,3635,5462,7394,131,5171,467,155
2017_C_0395,2017_C,2017,C,395,,1A,45,45,0,0,1,0,1045,9102,1929,4151,8073,775,0,39,297,5,3792,6997,1047,1997,3674,4513,169,3705,159,29
2017_C_0396,2017_C,2017,C,396,,1A,69,69,0,0,1,0,963,6527,1457,3261,5493,657,0,49,245,37,3446,5305,887,1615,3016,4162,145,2863,161,37
2017_C_0397,2017_C,2017,C,397,,1A,69,69,0,0,1,0,961,8889,1146,4071,7315,713,5,55,271,35,4378,6055,928,1789,4474,5090,125,3985,153,51
2017_C_0398,2017_C,2017,C,398,,1A,295,283,10,12,0.959322034,0.040677966,1971,9245,2901,6015,10861,1129,9,199,515,0,4335,11367,1901,3619,3733,6158,155,5749,353,105
2017_C_0414,2017_C,2017,C,414,,1A,249,245,0,4,0.983935743,0.016064257,2893,14490,3853,9311,11530,1535,0,291,693,9,13077,15139,2243,4265,8826,11000,265,8447,449,119
2017_C_0418,2017_C,2017,C,418,,1A1B,221,143,74,78,0.647058824,0.352941176,1755,7438,1813,4641,5559,811,3,253,329,107,17466,9849,1710,3361,5535,16439,99,5257,443,131
2017_C_0427,2017_C,2017,C,427,,1A,311,301,8,10,0.967845659,0.032154341,3619,21439,5161,16693,24747,2085,13,303,935,3,19381,26423,2535,7851,12110,16043,231,13969,431,109
2017_C_0432,2017_C,2017,C,432,,1B,321,9,312,312,0.028037383,0.971962617,1751,27,9,31,79,0,0,279,479,89,33,5346,2689,19,9786,12166,157,37,7,0
2017_C_0436,2017_C,2017,C,436,,1A,125,121,0,4,0.968,0.032,1537,14286,2539,8713,14777,1089,15,181,335,61,12525,13216,1404,3469,11377,10044,127,7413,217,61
2017_C_0439,2017_C,2017,C,439,,1B,253,9,244,244,0.035573123,0.964426877,2325,75,23,39,67,27,0,235,709,165,433,5843,4102,47,17780,16310,163,113,3,0
2017_C_0444,2017_C,2017,C,444,,1A,235,231,0,4,0.982978723,0.017021277,2859,14679,4452,11491,19297,1413,0,237,687,149,18008,20206,2254,5492,15994,13798,225,7383,337,123
2017_C_0449,2017_C,2017,C,449,,1B,311,3,308,306,0.009646302,0.990353698,2117,45,23,53,119,27,0,309,625,177,547,5646,3448,65,12901,15453,125,141,5,0
2017_C_0452,2017_C,2017,C,452,,1B,305,7,298,296,0.02295082,0.97704918,2151,55,23,33,101,19,0,301,1085,131,499,7040,4618,35,19372,18733,271,83,3,0
2017_C_0456,2017_C,2017,C,456,,1B,431,15,416,414,0.034802784,0.965197216,3332,47,29,59,89,25,0,785,1237,513,306,14008,7350,63,14329,16082,421,111,7,3
2017_C_0460,2017_C,2017,C,460,,1B,365,13,350,352,0.035616438,0.964383562,2015,499,43,39,81,43,0,447,745,285,5487,5539,4566,87,10626,14284,245,961,27,15
2017_C_0462,2017_C,2017,C,462,,1B,153,19,128,134,0.124183007,0.875816993,1705,7580,1243,2209,2177,843,0,147,377,67,5770,6929,1451,2057,4098,7128,165,3815,253,81
2017_C_0467,2017_C,2017,C,467,,1A,221,221,0,0,1,0,2256,15466,2969,7338,13887,1209,5,231,597,115,10494,13646,1537,2943,7540,9802,221,6869,475,123
2017_C_0470,2017_C,2017,C,470,,1A,289,281,0,8,0.972318339,0.027681661,2583,9802,3513,6405,10685,1207,3,251,701,167,9258,13454,1638,3531,6642,8477,203,4867,481,195
2017_C_0625,2017_C,2017,C,625,,1A1B,327,69,258,256,0.211009174,0.788990826,3381,8301,1259,3041,2936,995,3,311,439,205,12325,7838,2994,3629,9886,17962,43,6898,331,137
2017_C_0626,2017_C,2017,C,626,,1A,357,337,20,20,0.943977591,0.056022409,2873,13987,3451,7923,12925,1407,9,277,627,151,11477,15833,1752,4667,7201,11225,233,7189,419,145
2017_C_0627,2017_C,2017,C,627,,1B,421,13,408,408,0.03087886,0.96912114,2907,4576,1195,639,363,849,0,287,1047,353,9178,7700,3561,2678,8299,15205,273,3348,413,45
2017_C_0628,2017_C,2017,C,628,,1B,447,11,436,434,0.024608501,0.975391499,2813,95,27,45,95,27,0,370,899,235,1506,4038,5239,105,11888,11581,183,145,3,3
2017_C_0629,2017_C,2017,C,629,,1A1B,317,291,26,22,0.917981073,0.082018927,3215,11590,5685,9322,14383,1985,9,319,949,219,11830,21845,3145,7103,9778,14357,291,7627,487,131
2017_C_0630,2017_C,2017,C,630,,1A1B,329,105,222,224,0.319148936,0.680851064,2271,9789,2901,5329,4743,1245,7,265,625,183,10727,13523,2256,3697,5578,10555,151,5739,455,171
2017_C_0631,2017_C,2017,C,631,,1A1B,251,73,176,178,0.290836653,0.709163347,3117,11017,3423,4469,5363,1425,7,243,697,209,12319,15635,2905,4765,7586,13691,211,6867,659,141
2017_C_0632,2017_C,2017,C,632,,1B,205,11,194,190,0.053658537,0.946341463,1726,1223,71,203,173,371,0,187,341,167,6377,2669,2701,461,6944,11222,91,2933,97,31
2017_C_0633,2017_C,2017,C,633,,1A,221,209,10,12,0.945701357,0.054298643,2819,11827,5285,9726,11340,1775,5,263,827,183,13177,19502,2819,6280,9959,11022,267,6107,699,159
2017_C_0635,2017_C,2017,C,635,,1B,273,7,266,266,0.025641026,0.974358974,2259,872,99,79,77,219,0,343,597,129,6134,5450,4018,267,9173,9995,177,2595,45,25
2017_C_0636,2017_C,2017,C,636,,1A,339,335,0,4,0.98820059,0.01179941,3155,10856,4541,7951,11226,1733,7,359,1003,167,12195,15708,2523,5263,6224,9874,345,6485,667,199
2017_C_0637,2017_C,2017,C,637,,1A,221,201,20,18,0.909502262,0.090497738,1287,11687,1811,3479,7423,759,13,233,311,143,14130,6613,1000,1703,8552,11958,153,4391,457,113
2017_C_0638,2017_C,2017,C,638,,1A,171,157,12,14,0.918128655,0.081871345,1919,13570,575,5299,8821,1217,5,105,377,51,9151,4622,755,2187,6846,10261,95,9109,163,23
2017_C_0639,2017_C,2017,C,639,,1A,171,171,0,0,1,0,3233,16272,3623,11786,17611,1223,15,253,621,187,22015,20855,2112,5370,17613,17668,137,9339,421,109
2017_C_0640,2017_C,2017,C,640,,1A,229,229,0,0,1,0,2671,16760,3413,12371,17846,1353,9,193,693,127,27281,21664,2041,5623,16907,18963,175,10949,346,55
2017_C_0641,2017_C,2017,C,641,,1A,271,257,14,14,0.948339483,0.051660517,2615,20942,3977,13711,20574,1733,5,251,783,93,17457,20987,2032,6099,11550,11762,223,12920,373,107
2017_C_0642,2017_C,2017,C,642,,1A,115,109,6,6,0.947826087,0.052173913,1939,15367,2545,9251,13987,1091,0,117,377,59,11901,14232,1222,4230,7697,12593,169,8954,197,59
2017_C_0643,2017_C,2017,C,643,,1A,347,339,8,8,0.976945245,0.023054755,2823,21230,3635,13815,21530,1637,13,349,729,131,17957,22907,2325,5521,12563,15080,253,13145,497,111
2017_C_0644,2017_C,2017,C,644,,1B,169,7,162,162,0.041420118,0.958579882,1981,611,77,55,125,35,0,259,675,123,8022,4835,5035,235,19019,19050,57,1465,33,9
2017_C_0647,2017_C,2017,C,647,,1A,361,353,8,8,0.977839335,0.022160665,3805,15604,5641,9769,18267,2047,19,381,857,187,16759,21965,2639,5985,10730,18330,361,7997,661,199
2017_C_0648,2017_C,2017,C,648,,1A,293,287,6,4,0.979522184,0.020477816,2463,10328,3625,6227,9513,1273,5,305,623,185,12182,12954,1835,2945,8058,11427,143,6073,471,151
2017_C_0649,2017_C,2017,C,649,,1B,361,3,358,356,0.008310249,0.991689751,638,971,99,103,113,168,0,419,683,263,12925,4919,3850,295,14917,25584,139,2621,41,19
2017_C_0650,2017_C,2017,C,650,,1A,303,303,0,0,1,0,2827,14146,3951,8397,13468,1487,9,315,737,227,23006,18432,2186,4706,15203,19550,239,8195,439,193
2017_C_0651,2017_C,2017,C,651,,1A,264,264,0,0,1,0,2588,16093,4225,10612,12082,1443,5,377,841,241,15385,17821,2546,4704,12128,10620,235,7564,801,241
2017_C_0653,2017_C,2017,C,653,,1A,289,279,10,10,0.965397924,0.034602076,2075,7203,3333,5762,10657,1145,13,217,589,181,10774,11215,1517,2743,6981,7320,161,4559,419,145
2017_C_0654,2017_C,2017,C,654,,1B,493,11,482,480,0.022312373,0.977687627,2081,115,19,23,83,45,0,533,781,183,2729,4915,4672,63,10867,16480,245,517,15,7
2017_C_0656,2017_C,2017,C,656,,1B,693,9,684,680,0.012987013,0.987012987,4839,4694,569,357,301,535,0,545,1049,355,15170,11084,7365,1471,15246,25191,197,6013,185,77
2017_C_0657,2017_C,2017,C,657,,1A,305,299,6,6,0.980327869,0.019672131,3629,14675,3759,9224,12287,1337,7,263,577,201,15135,16961,2259,5933,13618,12967,165,6561,513,107
2017_C_0658,2017_C,2017,C,658,,1A1B,349,223,124,126,0.638968481,0.361031519,3421,13909,3826,8284,11261,1271,13,279,761,211,21878,19400,2618,5375,15531,20933,225,7631,563,69
2017_C_0659,2017_C,2017,C,659,,1A,191,185,0,6,0.968586387,0.031413613,2649,10344,2675,6877,11289,1097,0,127,467,77,16045,12077,1589,3828,7816,13555,169,5995,309,61
2017_C_0661,2017_C,2017,C,661,,1B,365,13,352,350,0.035616438,0.964383562,2897,83,27,41,91,27,0,367,815,189,1180,7541,4636,69,11264,15970,181,305,7,7
2017_C_0662,2017_C,2017,C,662,,1B,455,15,440,440,0.032967033,0.967032967,3151,55,39,15,69,15,0,453,731,195,823,4541,3980,61,13858,17622,145,173,9,3
2017_C_0663,2017_C,2017,C,663,,1B,777,15,762,762,0.019305019,0.980694981,3493,210,47,51,57,83,0,701,1259,287,4280,6947,5393,209,11071,20116,315,901,17,5
2017_C_0664,2017_C,2017,C,664,,1A,363,359,4,0,0.988980716,0.011019284,3571,13296,4555,9310,12793,1585,13,269,845,145,911,19659,2576,6231,722,1017,269,7463,611,189
2017_C_0665,2017_C,2017,C,665,,1A,361,347,14,14,0.961218837,0.038781163,3281,16430,5609,11429,16501,2059,17,405,1057,223,18172,23378,3208,7839,13829,17577,369,9227,937,225
2017_C_0666,2017_C,2017,C,666,,1A,43,37,0,6,0.860465116,0.139534884,2467,12645,3697,7537,13357,1467,3,49,631,31,14506,13287,2211,5047,8557,16746,221,6859,281,41
2017_C_0667,2017_C,2017,C,667,,1A,281,275,6,6,0.978647687,0.021352313,3209,12781,3867,10611,14633,1305,13,325,635,165,17049,22385,3003,6647,13978,12064,167,8289,567,133
2017_C_0668,2017_C,2017,C,668,,1A,217,213,4,4,0.98156682,0.01843318,2537,11107,3737,8461,12399,1437,7,233,665,117,16195,16584,2272,5327,11323,16494,193,6699,601,101
2017_C_0670,2017_C,2017,C,670,,1A,105,97,6,8,0.923809524,0.076190476,2671,13283,3993,9537,15011,1355,7,197,689,139,16288,17533,2117,4827,9698,12764,217,7586,399,37
2017_C_0671,2017_C,2017,C,671,,1A,197,197,0,0,1,0,2515,10154,3139,7054,10339,1099,7,247,613,167,12923,13869,2379,4831,8239,14462,155,5567,397,63
2017_C_0672,2017_C,2017,C,672,,1A,55,55,0,0,1,0,3359,12573,4623,8976,11455,1555,7,79,649,57,15802,21534,2862,6097,8309,14803,165,7177,481,51
2017_C_0674,2017_C,2017,C,674,,1A,205,199,6,6,0.970731707,0.029268293,2873,14324,4136,9561,14589,1669,5,235,733,119,503,17396,2726,5273,307,463,253,9586,597,91
2017_C_0675,2017_C,2017,C,675,,1A,407,395,12,12,0.970515971,0.029484029,4495,23772,5935,17637,30106,2053,21,347,895,199,29913,31461,3384,8644,25609,33363,295,17651,517,121
2017_C_0678,2017_C,2017,C,678,,1A,339,329,0,10,0.970501475,0.029498525,3851,20919,4725,14797,23195,1965,3,203,767,129,24624,25943,2629,7647,17868,23218,311,14403,343,85
2017_C_0679,2017_C,2017,C,679,,1A,347,343,4,0,0.988472622,0.011527378,3093,12602,3659,8879,12623,1169,9,251,679,117,16163,14876,1902,4825,11300,11707,129,8668,419,93
2017_C_0680,2017_C,2017,C,680,,1B,437,9,428,426,0.020594966,0.979405034,2893,137,15,55,95,21,0,355,583,127,4072,3660,4014,57,13313,18510,125,327,25,9
2017_C_0681,2017_C,2017,C,681,,1A,247,241,4,6,0.975708502,0.024291498,2624,16913,3519,12200,17483,1309,5,277,465,109,18773,23201,2282,6689,14653,13528,121,10075,401,91
2017_C_0682,2017_C,2017,C,682,,1A,315,311,4,0,0.987301587,0.012698413,3075,14682,3183,10240,14503,1359,5,307,531,111,12844,17075,2049,5509,10980,13810,111,9279,441,119
2017_C_0683,2017_C,2017,C,683,,1B,183,9,174,170,0.049180328,0.950819672,2151,5243,213,867,879,737,0,141,367,103,10525,3598,2323,1109,9174,11627,33,7338,135,41
2017_C_0686,2017_C,2017,C,686,,1A,215,209,6,6,0.972093023,0.027906977,2763,16343,3441,7769,14023,1703,7,275,635,149,11930,15333,2061,3723,7315,12809,269,8693,555,145
2017_C_0687,2017_C,2017,C,687,,1A,307,299,6,8,0.973941368,0.026058632,2119,10191,3351,5347,8745,1277,3,311,675,117,12179,12649,1536,3049,4387,12194,211,5359,365,121
2017_C_0688,2017_C,2017,C,688,,1B,151,7,144,144,0.046357616,0.953642384,1683,23,9,32,41,5,0,193,445,93,209,4925,2524,21,11398,14354,119,31,3,0
2017_C_0689,2017_C,2017,C,689,,1B,261,5,256,254,0.019157088,0.980842912,1747,37,13,19,51,21,0,301,511,103,290,4951,2783,25,8290,14125,147,83,5,0
2017_C_0693,2017_C,2017,C,693,,1A,177,169,8,8,0.95480226,0.04519774,1511,11237,2405,4714,8353,1023,13,125,401,87,369,8675,1085,2145,267,460,215,4103,297,143
2017_C_0694,2017_C,2017,C,694,,1A,211,205,4,6,0.971563981,0.028436019,1957,12823,3075,6209,10485,1153,3,121,445,97,8854,10978,1371,2995,7543,9723,247,4921,219,83
2017_C_0695,2017_C,2017,C,695,,1A,119,111,4,8,0.932773109,0.067226891,3583,9581,3009,5841,9234,1009,7,199,541,139,11230,12022,1684,4047,8237,9956,87,5647,431,71
2017_C_0696,2017_C,2017,C,696,,1A,269,269,0,0,1,0,3253,13215,3307,9499,17170,1313,3,225,575,129,19948,19729,2127,6145,12288,16626,219,8191,427,109
2017_C_0698,2017_C,2017,C,698,,1A,203,191,12,10,0.9408867,0.0591133,3383,13099,3379,8085,13474,1349,13,165,603,145,14381,15194,1961,5287,8856,15154,211,7507,333,113
2017_C_0701,2017_C,2017,C,701,,1A,225,225,0,0,1,0,3228,16251,3311,11683,10859,1555,19,243,613,99,13305,19211,1837,6383,9321,14895,363,7989,361,83
2017_LH_0056,2017_LH,2017,LH,56,,1A,157,153,0,4,0.974522293,0.025477707,2985,11976,2285,6085,10904,953,3,81,319,49,12269,10364,1288,3471,9882,11536,39,5953,261,43
2017_LH_0060,2017_LH,2017,LH,60,,1A1B,267,231,36,36,0.865168539,0.134831461,3319,19833,3659,13825,17575,1721,3,265,707,91,18952,21687,2771,7035,12231,17409,85,13165,281,83
2017_LH_0089,2017_LH,2017,LH,89,,1A,101,101,0,0,1,0,2261,12433,1231,5364,5761,321,0,129,163,51,16192,10038,1058,3033,10569,15393,19,8361,269,85
2017_LH_0130,2017_LH,2017,LH,130,,1B,117,1,116,116,0.008547009,0.991452991,2599,26,7,17,61,13,0,299,335,59,59,3968,5957,33,17190,18552,35,39,0,0
2017_LH_0168,2017_LH,2017,LH,168,,1B,351,5,346,346,0.014245014,0.985754986,2375,1705,217,361,321,35,0,315,469,155,8333,3122,4130,739,9960,12965,43,2552,77,23
2017_LH_0321,2017_LH,2017,LH,321,,1A1B,199,59,140,138,0.296482412,0.703517588,1703,3012,267,797,529,25,0,233,83,41,9033,2415,915,787,4189,10729,21,2993,249,99
2017_LH_0327,2017_LH,2017,LH,327,,1B,39,3,36,36,0.076923077,0.923076923,2161,21,21,21,51,5,0,147,101,75,88,939,2817,31,12576,19870,15,47,0,0
2017_LH_0397,2017_LH,2017,LH,397,,1B,155,5,150,148,0.032258065,0.967741935,2413,9,11,29,49,5,0,179,229,107,34,1167,3115,19,12158,17146,13,57,0,5
2017_LH_0484,2017_LH,2017,LH,484,,1A,155,155,0,0,1,0,2231,3676,353,1459,1653,265,0,71,81,13,11928,2463,442,1291,3583,11221,5,3447,109,51
2017_LH_0553,2017_LH,2017,LH,553,,1B,49,3,46,44,0.06122449,0.93877551,2881,19,13,21,53,11,0,93,275,59,105,1383,3885,35,11925,17436,19,39,3,0
2017_LH_0883,2017_LH,2017,LH,883,,1A,93,93,0,0,1,0,3175,6472,1335,3604,2781,209,0,143,159,37,11148,10394,1033,4231,7074,10935,9,5677,243,127
2017_LH_0904,2017_LH,2017,LH,904,,1B,51,19,32,32,0.37254902,0.62745098,3083,14365,1835,9040,7711,1031,3,145,271,79,14951,15485,2822,5127,11713,16330,41,9829,301,51
2017_LH_0911,2017_LH,2017,LH,911,,1A,107,97,10,10,0.906542056,0.093457944,1703,3057,303,1383,823,41,0,93,65,31,10886,3803,503,1387,5491,11076,9,3611,133,25
2017_LH_0913,2017_LH,2017,LH,913,,1A,43,43,0,0,1,0,1659,4396,245,1726,1379,55,0,63,23,19,14170,4785,396,1557,5210,12504,0,5243,127,23
2017_LH_0915,2017_LH,2017,LH,915,,1A,167,161,6,4,0.964071856,0.035928144,2853,9081,1135,5429,3830,203,3,119,99,49,20424,12182,1101,3629,14138,17421,13,11070,221,121
2017_LH_0919,2017_LH,2017,LH,919,,1A,3,3,0,0,1,0,1490,3530,331,1779,1101,47,0,11,35,5,14985,5271,311,1757,6566,13690,0,5165,61,9
2017_LH_0920,2017_LH,2017,LH,920,,1A1B,267,69,198,196,0.258426966,0.741573034,3401,12383,1245,6377,5133,337,0,245,219,93,18171,13941,1929,4853,11403,21116,15,11863,317,87
2017_LH_0921,2017_LH,2017,LH,921,,1B,217,19,196,198,0.087557604,0.912442396,2171,1690,151,405,537,55,0,191,167,153,8950,3206,2791,857,10664,17262,9,2471,51,17
2017_LH_0925,2017_LH,2017,LH,925,,1A1B,149,115,34,32,0.771812081,0.228187919,2673,10570,979,4820,4784,273,9,157,117,53,15826,11920,1126,3875,10612,15503,11,8419,203,67
2017_LH_0938,2017_LH,2017,LH,938,,1A,147,141,0,6,0.959183673,0.040816327,2157,6967,679,2132,2379,107,0,131,101,47,13765,4665,754,1261,5778,10453,9,4889,383,115
2017_LH_0946,2017_LH,2017,LH,946,,1A1B,121,47,74,72,0.388429752,0.611570248,2205,7404,709,3353,2655,221,3,299,177,139,20657,7365,1976,2165,11610,19139,15,7783,333,175
2017_LH_1111,2017_LH,2017,LH,1111,,1A,157,157,0,0,1,0,3041,6883,733,2763,3039,279,3,93,79,17,13128,5726,882,2481,7422,10619,17,4925,171,79
2017_LH_1132,2017_LH,2017,LH,1132,,1A,71,71,0,0,1,0,3062,10559,437,2719,3405,115,0,49,81,0,15676,6181,574,2047,8711,18703,9,6319,141,27
2017_LH_1143,2017_LH,2017,LH,1143,,1B,213,7,206,206,0.03286385,0.96713615,2061,37,15,37,51,11,0,293,199,97,112,1264,3187,25,13597,19368,15,47,0,3
2017_LH_1162,2017_LH,2017,LH,1162,,1A,37,21,16,16,0.567567568,0.432432432,2851,8436,1595,4556,3659,187,7,33,101,23,14613,14665,2040,3393,8878,17647,17,6833,251,17
2017_LH_1172,2017_LH,2017,LH,1172,,1A,153,145,8,8,0.947712418,0.052287582,3719,13667,2009,5581,7560,451,5,189,155,73,14870,12875,1580,4321,11394,12848,33,7123,283,111
2017_LH_1177,2017_LH,2017,LH,1177,,1B,141,13,128,126,0.092198582,0.907801418,1875,1090,159,393,363,27,0,155,109,59,6967,1701,2037,633,5340,12391,13,1403,57,23
2017_LH_1181,2017_LH,2017,LH,1181,,1A,87,81,6,6,0.931034483,0.068965517,1879,2075,235,939,1089,145,0,47,25,0,9890,1371,254,623,3694,12442,3,2613,87,25
2017_LH_1189,2017_LH,2017,LH,1189,,1B,213,3,210,204,0.014084507,0.985915493,3387,4348,871,873,611,286,3,343,857,325,12708,8584,5488,2203,15713,19152,169,4999,233,29
2017_LH_1202,2017_LH,2017,LH,1202,,1A1B,235,41,194,192,0.174468085,0.825531915,3431,15099,1553,7153,6473,1545,0,143,225,87,20529,17803,3071,5775,13481,20620,45,16291,237,75
2017_LH_1208,2017_LH,2017,LH,1208,,1A,89,77,12,12,0.865168539,0.134831461,1717,3911,287,3165,3833,711,0,67,23,7,14380,6557,529,3343,7129,15164,3,8905,81,21
2017_LH_1209,2017_LH,2017,LH,1209,,1B,205,19,186,186,0.092682927,0.907317073,2237,3097,163,1087,1261,487,0,167,123,19,11921,2917,2518,1297,9812,20695,15,7001,47,25
2017_LH_1216,2017_LH,2017,LH,1216,,1A,105,101,4,4,0.961904762,0.038095238,2449,11083,543,3393,6621,599,0,57,69,7,14708,4461,507,2117,8113,17382,7,8507,103,19
2017_LH_1218,2017_LH,2017,LH,1218,,1A,141,131,8,10,0.929078014,0.070921986,1945,7061,643,2718,2145,79,5,95,73,33,16783,5164,576,1677,7517,14820,7,6255,173,47
2017_LH_1221,2017_LH,2017,LH,1221,,1A1B,159,137,20,22,0.86163522,0.13836478,2393,14069,1515,4181,7415,941,3,199,197,71,11439,10099,1537,3141,6391,11547,21,6007,291,121
2017_LH_1224,2017_LH,2017,LH,1224,,1A1B,215,35,180,180,0.162790698,0.837209302,1253,2761,113,723,935,349,3,95,87,33,7137,761,801,317,3294,10115,7,4051,61,19
2017_LH_1240,2017_LH,2017,LH,1240,,1A,145,139,4,6,0.95862069,0.04137931,2253,8943,695,2961,5165,843,0,127,65,5,10517,3435,917,1725,4752,12832,15,7327,199,87
2018_C_0025,2018_C,2018,C,25,2018-08-21,1A,337,331,6,6,0.982195846,0.017804154,2517,13315,4651,11052,15801,1839,19,313,891,145,16094,17625,2864,5415,11294,11324,337,7980,651,207
2018_C_0026,2018_C,2018,C,26,2018-08-21,1B,335,5,328,330,0.014925373,0.985074627,2037,45,17,27,55,9,0,415,657,219,450,6876,4346,23,11504,14313,198,57,0,0
2018_C_0027,2018_C,2018,C,27,2018-08-21,1A,113,113,0,0,1,0,1601,9062,2269,5192,10998,1005,0,47,359,33,9851,9661,1369,3267,6449,9939,123,5091,229,33
2018_C_0028,2018_C,2018,C,28,2018-08-21,1B,123,5,118,116,0.040650407,0.959349593,205,43,25,31,73,13,0,503,737,251,479,5754,3737,53,11624,16636,231,89,9,5
2018_C_0029,2018_C,2018,C,29,2018-08-21,1B,969,17,952,938,0.01754386,0.98245614,347,121,53,69,171,37,3,861,2297,497,99,14249,7523,81,20747,20613,523,125,9,7
2018_C_0030,2018_C,2018,C,30,2018-08-21,1B,461,9,452,452,0.019522777,0.980477223,199,149,29,61,129,15,0,501,1253,259,9595,8326,5906,67,24855,24117,293,207,17,13
2018_C_0031,2018_C,2018,C,31,2018-08-21,1B,543,7,536,530,0.012891344,0.987108656,233,245,53,81,109,29,0,515,1131,305,1597,10529,4973,71,19336,19357,257,341,11,5
2018_C_0032,2018_C,2018,C,32,2018-08-21,1B,349,13,336,336,0.037249284,0.962750716,279,51,13,39,97,13,0,351,1235,227,290,6833,6339,37,21146,24725,239,63,3,0
2018_C_0034,2018_C,2018,C,34,2018-08-21,1B,303,11,292,292,0.03630363,0.96369637,3191,67,29,47,147,17,0,379,1015,151,2511,14891,7881,79,36347,24322,313,167,13,3
2018_C_0035,2018_C,2018,C,35,2018-08-21,1B,205,1,204,204,0.004878049,0.995121951,2966,42,25,37,129,5,0,247,885,125,114,7074,6277,49,24754,23952,281,61,3,0
2018_C_0036,2018_C,2018,C,36,2018-08-21,1B,493,19,474,468,0.038539554,0.961460446,3369,65,41,63,165,27,0,467,863,235,97,11626,6946,91,19219,27125,197,119,5,0
2018_C_0037,2018_C,2018,C,37,2018-08-21,1B,431,11,420,414,0.025522042,0.974477958,2484,41,19,33,89,13,0,425,683,233,66,5783,4192,33,16031,18976,169,57,7,0
2018_C_0038,2018_C,2018,C,38,2018-08-21,1B,427,9,418,416,0.021077283,0.978922717,2785,17,27,25,77,15,0,467,809,185,159,6040,3809,39,7557,16501,284,57,9,0
2018_C_0039,2018_C,2018,C,39,2018-08-21,1A,379,375,4,4,0.98944591,0.01055409,3835,14486,4719,9837,12816,1981,33,485,793,263,14483,21003,2912,5807,10261,10932,301,7929,723,139
2018_C_0040,2018_C,2018,C,40,2018-08-21,1A,401,397,0,4,0.990024938,0.009975062,3611,11788,5141,8394,13186,1885,11,453,1025,253,10484,18458,2571,4899,7564,9047,365,6787,853,247
2018_C_0041,2018_C,2018,C,41,2018-09-06,1A,219,207,12,10,0.945205479,0.054794521,1467,9941,2577,3874,7835,961,13,127,427,89,5768,7185,1167,1955,4227,5946,169,3295,263,15
2018_C_0047,2018_C,2018,C,47,2018-09-18,1A,65,65,0,0,1,0,1043,7417,301,1951,4893,703,0,33,263,29,2828,2391,487,913,1718,3799,109,3207,69,17
2018_C_0048,2018_C,2018,C,48,2018-09-18,1A,479,463,14,16,0.966597077,0.033402923,2537,10983,4009,4906,7689,1433,7,523,775,201,16303,14282,3259,2763,7388,8531,257,6299,503,209
2018_C_0051,2018_C,2018,C,51,2018-09-18,1A,285,285,0,0,1,0,2321,8737,2973,6137,8571,874,15,347,527,145,11934,13392,1553,3317,7696,11382,109,4670,431,133
2018_C_0052,2018_C,2018,C,52,2018-09-18,1A,382,378,0,4,0.989528796,0.010471204,5385,14353,5283,10223,15961,1971,3,227,847,135,10464,18758,2835,6197,7305,11020,241,7387,547,159
2018_C_0054,2018_C,2018,C,54,2018-09-18,1A,319,315,0,4,0.987460815,0.012539185,3259,11036,4409,7307,10459,1541,0,243,889,129,10675,15539,2050,5546,7348,9175,283,5619,393,141
2018_C_0055,2018_C,2018,C,55,2018-09-18,1A,207,207,0,0,1,0,3097,11968,3017,6305,12592,1241,13,133,617,91,11936,11511,1531,4319,6382,11721,201,5723,279,97
2018_C_0056,2018_C,2018,C,56,2018-09-18,1A,257,245,12,12,0.953307393,0.046692607,3819,9419,4049,8507,11268,1309,5,301,661,119,12648,17909,2141,5454,8909,10026,175,6129,345,135
2018_C_0057,2018_C,2018,C,57,2018-09-18,1A,393,383,8,10,0.974554707,0.025445293,3535,12946,4183,9262,13867,1547,15,267,793,179,14313,17958,2292,6416,10064,11603,247,6059,497,135
2018_C_0058,2018_C,2018,C,58,2018-09-18,1A,305,297,8,8,0.973770492,0.026229508,3823,11844,3884,9259,13305,1465,9,247,703,147,16202,16658,2090,5061,11324,10366,225,6449,585,151
2018_C_0063,2018_C,2018,C,63,2018-09-18,1A,291,287,0,4,0.986254296,0.013745704,2911,10885,4013,8374,13119,1811,5,255,833,173,12335,12721,2462,4655,8240,10162,193,7903,705,189
2018_C_0064,2018_C,2018,C,64,2018-09-18,1A,67,67,0,0,1,0,1701,10151,1657,5083,8701,1019,0,121,401,77,6927,7027,1275,2537,5396,7747,99,5151,235,9
2018_C_0065,2018_C,2018,C,65,2018-09-18,1A,237,225,12,12,0.949367089,0.050632911,3195,14471,5119,11877,16361,1743,5,341,831,163,12529,20820,3002,7024,12119,11190,309,8038,629,113
2018_C_0066,2018_C,2018,C,66,2018-09-18,1A,105,101,0,4,0.961904762,0.038095238,1293,4823,1435,3288,5803,603,0,73,279,37,10941,6190,857,1851,6211,8866,69,3049,135,43
2018_C_0067,2018_C,2018,C,67,2018-09-18,1A,247,241,0,6,0.975708502,0.024291498,2511,13227,4347,9250,14225,1447,7,259,765,155,15177,16485,2713,5333,9100,11361,181,7437,489,197
2018_C_0068,2018_C,2018,C,68,2018-09-18,1A,163,159,4,4,0.975460123,0.024539877,2226,10295,3473,7093,11597,1301,3,189,689,103,12224,14148,1960,4233,6373,8486,173,6309,451,107
2018_C_0069,2018_C,2018,C,69,2018-09-18,1A,557,543,8,14,0.97486535,0.02513465,3392,23862,6027,16996,27889,2145,13,389,1065,267,23054,27465,3000,7719,17899,16469,313,12379,617,161
2018_C_0072,2018_C,2018,C,72,2018-09-18,1A,415,401,14,14,0.96626506,0.03373494,2860,13182,3755,10675,16970,1675,0,311,809,117,14817,17610,2142,4641,11702,13505,231,8951,489,147
2018_C_0078,2018_C,2018,C,78,2018-09-18,1B,325,13,312,312,0.04,0.96,2491,121,29,39,87,33,0,311,593,97,250,3977,4072,51,11165,15044,53,153,9,3
2018_C_0080,2018_C,2018,C,80,2018-10-02,1B,497,17,480,480,0.034205231,0.965794769,2447,127,27,29,73,33,0,185,665,357,2084,3447,3667,43,8929,15548,131,167,19,11
2018_C_0082,2018_C,2018,C,82,2018-10-02,1A,295,287,8,8,0.972881356,0.027118644,3625,8899,4133,6809,11181,1123,5,309,763,283,9048,14606,1923,4513,6775,7439,209,4575,655,153
2018_C_0083,2018_C,2018,C,83,2018-10-02,1A,121,121,0,0,1,0,2709,10961,2957,7216,9877,889,3,213,417,105,11583,15964,1948,3172,8414,9549,95,5811,389,77
2018_C_0087,2018_C,2018,C,87,2018-10-02,1A,229,217,8,12,0.947598253,0.052401747,3271,12207,3787,7177,11163,1133,7,241,607,273,9018,15118,2105,4498,7534,7838,127,5401,467,121
2018_C_0088,2018_C,2018,C,88,2018-10-02,1A,183,179,0,4,0.978142077,0.021857923,2547,9979,1663,5761,9300,1251,13,163,441,75,7246,6975,1177,2441,4075,9584,175,5001,329,23
2018_C_0089,2018_C,2018,C,89,2018-10-02,1B,313,7,306,306,0.022364217,0.977635783,2525,52,19,23,65,7,0,711,901,479,1086,3914,5665,67,14097,22374,195,115,3,7
2018_C_0091,2018_C,2018,C,91,2018-10-02,1A,227,215,10,12,0.947136564,0.052863436,2447,12925,3691,7273,11735,1439,5,169,639,89,10604,12111,1638,3975,6827,9507,259,6059,401,113
2018_C_0092,2018_C,2018,C,92,2018-10-02,1B,125,13,112,110,0.104,0.896,2672,5891,469,867,663,139,0,189,295,61,8842,3600,3002,1327,6254,14643,15,3105,183,61
2018_C_0093,2018_C,2018,C,93,2018-10-02,1A,305,291,12,14,0.954098361,0.045901639,3210,13500,4485,8571,11337,1311,7,291,809,171,10266,16305,2264,5836,8186,9184,177,6293,555,195
2018_C_0095,2018_C,2018,C,95,2018-10-02,1A,271,263,8,8,0.970479705,0.029520295,3949,15451,4463,9589,13107,1527,9,265,773,191,13035,18175,2382,5233,10886,11221,153,7039,579,153
2018_C_0098,2018_C,2018,C,98,2018-10-02,1A,269,269,0,0,1,0,3853,8772,4515,5887,9362,1497,0,233,749,169,7924,13470,2298,5675,5967,8933,133,4897,409,151
2018_C_0099,2018_C,2018,C,99,2018-10-02,1A,203,199,4,4,0.980295567,0.019704433,2639,9113,2951,5585,10507,1213,3,183,495,81,10068,11639,1431,3735,5657,9742,177,5277,315,63
2018_C_0103,2018_C,2018,C,103,2018-10-02,1B,447,13,434,430,0.029082774,0.970917226,2587,196,39,65,74,17,0,439,691,294,2116,3385,6430,81,14592,15845,117,202,7,9
2018_C_0108,2018_C,2018,C,108,2018-10-02,1B,261,1,260,252,0.003831418,0.996168582,2983,820,115,61,81,39,0,391,1009,183,8983,7232,6540,243,14610,15301,279,777,47,25
2018_C_0109,2018_C,2018,C,109,2018-10-02,1B,267,3,264,262,0.011235955,0.988764045,2101,43,21,35,55,21,0,353,743,181,1108,2809,4332,41,10969,13949,97,87,9,5
2018_C_0113,2018_C,2018,C,113,2018-10-02,1A,233,229,4,4,0.982832618,0.017167382,3403,10401,5211,12130,13735,1659,7,295,957,155,13958,18011,2267,4734,11101,9177,287,6803,607,171
2018_C_0115,2018_C,2018,C,115,2018-10-02,1A,287,279,8,8,0.972125436,0.027874564,3549,9297,5875,6987,11314,1639,3,337,869,265,9994,19325,2705,5806,8859,12242,169,4983,487,105
2018_C_0117,2018_C,2018,C,117,2018-10-02,1B,245,9,236,236,0.036734694,0.963265306,2083,63,11,25,51,9,0,161,683,115,561,2717,4326,37,9235,13642,43,73,13,0
2018_C_0119,2018_C,2018,C,119,2018-10-02,1A,165,165,0,0,1,0,3075,11928,4571,8910,11827,1189,21,303,797,149,12784,18277,2747,5306,9147,8459,185,7233,491,135
2018_C_0122,2018_C,2018,C,122,2018-10-02,1B,367,5,362,358,0.013623978,0.986376022,237,75,33,71,119,29,3,367,509,241,1630,5292,4407,69,25122,28669,131,101,17,5
2018_C_0123,2018_C,2018,C,123,2018-10-02,1A,149,143,0,6,0.959731544,0.040268456,3695,16759,3137,9571,14583,779,5,189,441,53,18821,20125,2199,5114,17813,18564,45,9689,383,91
2018_C_0126,2018_C,2018,C,126,2018-10-02,1A,119,119,0,0,1,0,2964,14605,3853,12398,15771,865,5,195,481,109,13714,23125,2654,5712,13497,11122,129,7517,287,99
2018_C_0127,2018_C,2018,C,127,2018-10-02,1B,171,7,164,164,0.040935673,0.959064327,2227,27,17,37,103,13,0,241,737,99,98,9613,5214,29,16376,17283,137,45,5,3
2018_C_0128,2018_C,2018,C,128,2018-10-02,1B,249,11,238,238,0.044176707,0.955823293,2429,59,21,55,81,15,0,285,563,131,864,3881,4626,61,12968,13467,99,111,3,0
2018_C_0131,2018_C,2018,C,131,2018-10-02,1B,225,7,218,218,0.031111111,0.968888889,259,55,23,65,131,29,0,309,619,219,797,10224,5986,65,28443,21611,127,147,7,0
2018_C_0132,2018_C,2018,C,132,2018-10-02,1B,123,9,114,112,0.073170732,0.926829268,2705,59,11,37,115,0,0,129,507,63,6618,6590,5381,29,22704,20510,121,111,3,0
2018_C_0135,2018_C,2018,C,135,2018-10-02,1A,61,61,0,0,1,0,2626,15682,2861,10671,9355,421,3,105,285,111,15061,20002,2030,4438,12701,8881,25,9363,387,31
2018_C_0136,2018_C,2018,C,136,2018-10-02,1A,217,207,4,10,0.953917051,0.046082949,2191,11225,1727,6734,6901,275,3,169,193,97,15099,13187,1301,3133,13117,14766,45,6539,323,71
2018_C_0137,2018_C,2018,C,137,2018-10-02,1B,271,13,258,254,0.04797048,0.95202952,161,85,13,33,89,33,0,319,605,175,472,7957,3118,31,9071,13084,151,171,11,0
2018_C_0138,2018_C,2018,C,138,2018-10-02,1A,213,207,6,6,0.971830986,0.028169014,2065,12209,3575,7016,12284,1007,9,229,507,173,10639,14239,1914,3659,7957,8216,105,4017,417,143
2018_C_0139,2018_C,2018,C,139,2018-10-02,1A,255,243,12,12,0.952941176,0.047058824,3785,12189,4077,7537,10431,1315,15,349,731,209,13493,16589,2392,5415,6559,10598,233,6179,463,171
2018_C_0140,2018_C,2018,C,140,2018-10-02,1A,225,217,8,8,0.964444444,0.035555556,2803,8468,3497,5384,10748,745,13,273,501,141,9795,16038,1794,4941,7434,5974,147,4635,427,151
2018_C_0141,2018_C,2018,C,141,2018-10-02,1A,105,105,0,0,1,0,2585,15174,3127,8467,11672,911,0,141,339,69,8926,16924,1894,3625,5687,4594,71,6441,137,81
2018_C_0142,2018_C,2018,C,142,2018-10-02,1B,379,5,374,370,0.013192612,0.986807388,2197,39,21,35,83,13,0,431,767,305,297,6126,4519,45,10336,12460,179,89,3,3
2018_C_0143,2018_C,2018,C,143,2018-10-02,1A,225,217,8,6,0.964444444,0.035555556,2593,8629,3373,6344,11405,1041,13,287,521,197,11912,14349,1837,3547,7578,8208,149,5207,473,169
2018_C_0144,2018_C,2018,C,144,2018-10-02,1A,213,213,0,0,1,0,2583,9402,2819,5354,7971,1003,5,221,439,129,9083,12846,1860,3399,6049,8238,117,4815,345,135
2018_C_0150,2018_C,2018,C,150,2018-10-02,1A,137,131,4,6,0.95620438,0.04379562,2708,10912,2917,8023,10361,961,11,169,433,113,12833,16615,2087,4819,8551,8898,95,6103,303,121
2018_C_0151,2018_C,2018,C,151,2018-10-02,1A,259,251,4,8,0.969111969,0.030888031,2975,11342,3829,8097,10296,1279,7,217,589,111,11469,15585,1899,5501,7979,10503,211,6613,459,133
2018_C_0152,2018_C,2018,C,152,2018-10-02,1B,208,3,205,204,0.014423077,0.985576923,2859,87,19,33,95,19,0,221,415,139,934,3352,4256,81,10357,11504,113,139,9,3
2018_C_0153,2018_C,2018,C,153,2018-10-02,1A,145,145,0,0,1,0,3441,8731,2191,6993,5595,507,3,153,257,219,10706,11561,64,3691,10043,10538,151,4083,293,63
2018_C_0154,2018_C,2018,C,154,2018-10-02,1B,285,15,270,270,0.052631579,0.947368421,2059,1571,151,197,223,91,0,171,301,93,7688,1422,2210,421,7952,11909,17,1567,71,19
2018_C_0156,2018_C,2018,C,156,2018-10-02,1A,207,201,6,6,0.971014493,0.028985507,2189,9006,3313,5903,8978,1143,13,161,539,89,7667,11927,1605,3743,5803,6426,199,4371,503,139
2018_C_0157,2018_C,2018,C,157,2018-10-02,1A,161,157,0,4,0.97515528,0.02484472,2797,6958,2651,5192,7733,791,0,139,371,145,10224,12108,1610,3766,7331,8116,65,4243,321,77
2018_C_0158,2018_C,2018,C,158,2018-10-02,1A,241,241,0,0,1,0,3863,14311,5291,13945,19709,1353,15,336,667,167,16634,26316,3056,6856,16399,13092,205,8379,591,139
2018_C_0160,2018_C,2018,C,160,2018-10-02,1A,87,87,0,0,1,0,2408,9785,3077,7421,9136,813,9,223,389,91,9898,14989,1910,4271,5809,6500,75,5117,305,161
2018_C_0161,2018_C,2018,C,161,2018-10-02,1A,173,169,0,4,0.976878613,0.023121387,2421,9027,2867,6488,8665,711,15,175,291,71,11207,13001,1645,3964,9066,9854,53,4161,371,61
2018_C_0162,2018_C,2018,C,162,2018-10-02,1A,123,123,0,0,1,0,2366,7616,2671,6647,9851,733,7,137,433,193,10352,13985,1959,4311,7302,7678,53,4705,347,67
2018_C_0164,2018_C,2018,C,164,2018-10-02,1A,51,51,0,0,1,0,2320,10672,2341,5840,7109,653,0,205,229,103,13718,11691,1740,3453,11294,11656,41,4579,235,33
2018_C_0165,2018_C,2018,C,165,2018-10-02,1A,131,131,0,0,1,0,2457,10803,3541,7622,11390,1005,5,189,471,81,11188,15974,2183,4991,9115,10500,157,5897,365,75
2018_C_0166,2018_C,2018,C,166,2018-10-02,1A,215,205,8,10,0.953488372,0.046511628,2249,9449,3213,5919,9582,1319,7,217,531,133,10282,12469,2318,5383,7696,8491,209,5553,365,101
2018_C_0168,2018_C,2018,C,168,2018-10-02,1A,345,339,0,6,0.982608696,0.017391304,3323,21008,3923,13533,21613,1639,9,231,561,153,19600,23242,2087,6169,17065,15324,151,11921,451,113
2018_C_0170,2018_C,2018,C,170,2018-10-02,1A,233,223,6,10,0.957081545,0.042918455,3275,19572,4453,15496,19505,1265,11,219,709,131,19156,29379,2995,8451,17420,14699,157,11340,407,95
2018_C_0173,2018_C,2018,C,173,2018-10-02,1A,181,165,16,16,0.91160221,0.08839779,3098,12759,1945,8831,9595,447,3,163,317,215,17505,14415,1674,3976,13606,14707,43,8853,267,63
2018_C_0174,2018_C,2018,C,174,2018-10-02,1A1B,225,99,126,116,0.44,0.56,3427,15039,2353,7510,6614,395,0,159,285,199,18683,19216,3165,5195,13493,18919,43,10099,237,83
2018_C_0175,2018_C,2018,C,175,2018-10-02,1A,23,23,0,0,1,0,3329,17707,4297,15219,20840,1381,11,193,373,141,15810,27921,2607,6323,14686,13992,123,11303,355,23
2018_C_0176,2018_C,2018,C,176,2018-10-02,1A,131,131,0,0,1,0,2617,17668,3387,13496,17903,1053,3,133,505,87,17921,23155,2215,5741,15755,10024,71,9750,323,89
2018_C_0179,2018_C,2018,C,179,2018-10-02,1B,255,5,250,248,0.019607843,0.980392157,1889,51,17,37,63,13,0,269,313,287,56,2995,4284,13,13674,15292,45,65,3,0
2018_C_0180,2018_C,2018,C,180,2018-10-02,1A,227,221,6,6,0.973568282,0.026431718,2669,15477,3901,11291,14087,1163,7,243,575,135,15718,19367,2148,5921,13954,11064,129,8537,401,99
2018_C_0181,2018_C,2018,C,181,2018-10-02,1A,341,327,14,14,0.958944282,0.041055718,3817,15895,5279,9854,14244,1736,5,425,833,9,11786,23046,2865,6641,9235,11964,279,6756,649,265
2018_C_0183,2018_C,2018,C,183,2018-10-02,1A,241,227,8,14,0.941908714,0.058091286,2623,14101,3143,7838,10997,1113,7,303,485,183,12708,16751,2199,3697,9852,10068,119,6259,379,155
2018_C_0189,2018_C,2018,C,189,2018-10-02,1B,289,5,280,284,0.017301038,0.982698962,2547,43,15,37,77,11,0,265,637,139,64,6362,4876,29,10642,15805,173,49,5,0
2018_C_0190,2018_C,2018,C,190,2018-10-02,1A,283,269,10,14,0.950530035,0.049469965,2921,9879,3503,8860,13102,1173,5,275,597,133,10914,17244,2260,4371,6813,10044,167,6171,381,97
2018_C_0194,2018_C,2018,C,194,2018-10-02,1A,293,287,0,6,0.979522184,0.020477816,2187,8684,2831,5075,9201,1121,9,245,575,147,7919,9636,1436,2917,4667,5981,155,4301,433,141
2018_C_0195,2018_C,2018,C,195,2018-10-02,1A,261,255,6,6,0.977011494,0.022988506,3872,16040,5323,12566,14610,1517,19,359,741,187,16695,23160,2910,7809,11734,12726,225,7823,649,203
2018_C_0196,2018_C,2018,C,196,2018-10-02,1A,245,237,6,8,0.967346939,0.032653061,3455,16487,4141,10116,14022,1259,7,215,525,89,11987,19588,2641,6065,9195,8383,139,6699,405,95
2018_C_0198,2018_C,2018,C,198,2018-10-02,1A,307,307,0,0,1,0,3557,11152,4437,8745,13508,1417,9,245,667,143,12112,17831,2396,5857,8657,9522,215,6037,341,143
2018_C_0199,2018_C,2018,C,199,2018-10-02,1B,301,3,296,298,0.009966777,0.990033223,249,49,19,27,59,13,0,203,681,217,492,6148,4323,29,12096,13422,75,29,0,0
2018_C_0200,2018_C,2018,C,200,2018-10-02,1B,133,5,128,128,0.037593985,0.962406015,163,287,37,39,83,37,0,259,651,111,2852,6234,3657,71,11680,13781,121,357,15,0
2018_C_0202,2018_C,2018,C,202,2018-10-02,1A,210,206,4,4,0.980952381,0.019047619,3444,9201,3111,6537,9440,913,7,185,473,119,10042,14272,2337,5397,7352,8371,89,5241,315,21
2018_C_0203,2018_C,2018,C,203,2018-10-02,1A,165,165,0,0,1,0,2979,9194,3765,7177,11313,1199,5,151,585,77,8804,14935,1892,5268,7518,6520,179,4985,333,109
2018_C_0205,2018_C,2018,C,205,2018-10-02,1A,235,235,0,0,1,0,2621,10409,4209,7869,8782,1339,9,259,617,173,7342,15563,1803,4241,5850,5905,209,4609,457,29
2018_C_0206,2018_C,2018,C,206,2018-10-02,1A,71,71,0,0,1,0,3643,11215,4451,9626,16299,1537,3,309,793,133,15193,19443,2943,6214,9177,12067,153,7825,433,41
2018_C_0207,2018_C,2018,C,207,2018-10-02,1A,159,147,12,12,0.924528302,0.075471698,2619,10505,3249,7115,11734,1335,11,155,601,65,9377,12983,1903,4189,6965,9951,169,5515,335,63
2018_C_0209,2018_C,2018,C,209,2018-10-02,1A,149,145,0,4,0.973154362,0.026845638,2523,12100,2441,8029,12074,1179,3,189,373,103,10419,13045,2016,4013,8836,10797,57,7957,263,99
2018_C_0211,2018_C,2018,C,211,2018-10-02,1B,85,1,82,84,0.011764706,0.988235294,2007,139,15,29,61,11,0,89,323,43,1479,4052,4380,69,10465,12907,99,187,3,0
2018_C_0214,2018_C,2018,C,214,2018-10-02,1A,221,211,8,10,0.954751131,0.045248869,3431,15838,5042,12979,11535,1419,9,327,795,9,14374,24902,3119,6780,12382,9888,201,9127,677,189
2018_C_0217,2018_C,2018,C,217,2018-10-02,1A,117,113,0,4,0.965811966,0.034188034,2855,10409,2967,7914,10023,1009,3,149,297,101,13077,13501,2002,4441,9592,8246,37,7183,257,139
2018_C_0219,2018_C,2018,C,219,2018-10-02,1A,35,31,4,4,0.885714286,0.114285714,1860,6620,1127,3351,3769,485,0,61,185,23,9260,5932,1256,2095,5792,7542,13,4113,161,31
2018_C_0220,2018_C,2018,C,220,2018-10-02,1A,153,149,4,4,0.973856209,0.026143791,3435,20377,2643,13639,17626,1213,7,187,375,157,23200,23567,2377,7005,18474,21220,39,13053,313,77
2018_C_0221,2018_C,2018,C,221,2018-10-02,1A,121,115,6,6,0.950413223,0.049586777,2705,17148,3205,12409,15687,1193,7,143,669,89,13949,19839,2324,6257,12540,11016,89,9446,365,97
2018_C_0222,2018_C,2018,C,222,2018-10-02,1A,343,337,0,6,0.982507289,0.017492711,3080,17504,4810,16882,20663,1441,5,311,865,129,17993,27860,2975,7201,16390,11970,229,10407,439,171
2018_C_0223,2018_C,2018,C,223,2018-10-02,1A,255,247,0,8,0.968627451,0.031372549,3065,13949,4003,9997,16872,1185,5,199,575,97,14936,17315,2253,5915,10593,13272,125,8760,313,87
2018_C_0224,2018_C,2018,C,224,2018-10-02,1B,319,5,314,310,0.015673981,0.984326019,2561,67,27,37,87,11,0,303,739,167,116,10192,6265,47,17402,20272,139,65,3,3
2018_C_0225,2018_C,2018,C,225,2018-10-02,1A,235,221,14,14,0.940425532,0.059574468,2809,17075,4107,13672,17107,1645,13,219,737,5,14183,23458,2414,6571,11849,11720,207,9961,505,89
2018_C_0226,2018_C,2018,C,226,2018-10-02,1A,261,253,0,8,0.969348659,0.030651341,2876,16789,4245,14858,15178,1451,9,201,641,131,13292,18881,1890,6045,8356,10444,185,9659,383,117
2018_C_0227,2018_C,2018,C,227,2018-10-02,1B,301,3,298,296,0.009966777,0.990033223,2301,49,25,42,87,21,0,329,725,215,342,6148,5340,37,17527,18771,117,75,3,0
2018_C_0228,2018_C,2018,C,228,2018-10-02,1A,271,261,10,10,0.963099631,0.036900369,3324,14696,4433,11156,12712,1609,13,291,795,231,15308,21847,3007,4821,9515,11122,9,7467,575,243
2018_C_0229,2018_C,2018,C,229,2018-10-02,1A,205,199,0,6,0.970731707,0.029268293,1989,10492,2599,5331,9449,1137,15,225,497,121,7545,10435,1327,3399,4844,9340,195,5099,357,123
2018_C_0232,2018_C,2018,C,232,2018-10-02,1A,233,233,0,0,1,0,2845,13940,3981,7946,12162,1339,11,283,683,201,11770,16485,2030,4349,8022,9487,193,5851,545,227
2018_C_0238,2018_C,2018,C,238,2018-10-02,1A,233,227,6,6,0.974248927,0.025751073,2303,9518,3623,5666,9450,895,7,207,491,161,9242,13389,1476,3603,5372,7683,101,4367,453,245
2018_C_0241,2018_C,2018,C,241,2018-10-02,1B,269,5,264,264,0.018587361,0.981412639,1850,4187,417,241,203,65,3,341,517,139,6725,4961,3788,594,7734,9858,67,2239,123,41
2018_C_0245,2018_C,2018,C,245,2018-10-02,1A,269,265,4,4,0.985130112,0.014869888,2679,9082,3605,6172,9865,1061,13,335,653,197,10232,13342,1870,3716,8203,7979,171,4759,469,153
2018_C_0246,2018_C,2018,C,246,2018-10-02,1A,187,187,0,0,1,0,4559,15695,5442,10493,15108,1641,5,189,663,155,13184,23154,3324,8640,10509,12689,203,7602,407,137
2018_C_0255,2018_C,2018,C,255,2018-10-02,1B,319,7,312,308,0.021943574,0.978056426,2922,29,37,15,75,23,0,309,713,217,225,5555,5570,25,15580,14032,135,35,5,3
2018_C_0257,2018_C,2018,C,257,2018-10-02,1A,196,192,4,4,0.979591837,0.020408163,2618,14560,3369,10834,8980,1053,5,225,521,97,11870,14595,39,4783,11571,9177,111,53,5,147
2018_C_0259,2018_C,2018,C,259,2018-10-02,1A,153,153,0,0,1,0,2631,10339,2714,5491,11485,1009,13,161,359,85,13103,9885,1304,3929,8966,11154,123,2901,343,83
2018_C_0261,2018_C,2018,C,261,2018-10-02,1A,201,189,12,12,0.940298507,0.059701493,2837,8401,3881,6712,10482,1179,11,163,553,123,8742,13192,1874,4563,6377,6960,199,4279,363,83
2018_C_0262,2018_C,2018,C,262,2018-10-02,1B,353,3,350,346,0.008498584,0.991501416,2545,163,51,53,75,19,0,347,601,211,2880,3512,3967,107,9180,11405,75,305,7,5
2018_C_0264,2018_C,2018,C,264,2018-10-02,1A,103,103,0,0,1,0,2731,14582,4211,8585,11432,1149,7,185,615,119,11289,15657,2014,5333,7871,6643,199,5771,375,85
2018_C_0268,2018_C,2018,C,268,2018-10-02,1A,337,325,8,12,0.964391691,0.035608309,2707,7166,3605,7131,9741,1157,11,344,633,147,11408,14817,2046,4906,8306,9015,173,4903,469,209
2018_C_0272,2018_C,2018,C,272,2018-10-02,1A,85,85,0,0,1,0,3758,10995,5837,10069,16295,1659,9,233,913,155,13193,19796,2878,5771,10879,8407,207,6945,405,73
2018_C_0275,2018_C,2018,C,275,2018-10-02,1A,187,187,0,0,1,0,3318,8756,3858,8143,12011,1089,7,167,683,145,11347,15900,2308,4764,9342,7153,179,5671,351,99
2018_C_0276,2018_C,2018,C,276,2018-10-02,1B,237,5,232,230,0.021097046,0.978902954,2026,27,7,25,61,11,0,211,477,143,368,2352,4634,23,9981,14186,57,63,5,0
2018_C_0277,2018_C,2018,C,277,2018-10-02,1A,139,135,0,4,0.971223022,0.028776978,2691,9901,3239,7315,9745,827,5,139,523,109,7432,14159,2048,4251,8126,6110,3,5217,377,75
2018_C_0281,2018_C,2018,C,281,2018-10-02,1A,121,117,4,4,0.966942149,0.033057851,2347,7416,3047,5837,9648,1057,5,165,555,83,7733,11011,1569,3821,5575,7359,211,4383,361,19
2018_C_0282,2018_C,2018,C,282,2018-10-02,1B,511,15,496,496,0.029354207,0.970645793,2152,31,27,21,53,23,3,907,1247,441,118,5137,5237,39,9371,13168,164,47,9,3
2018_C_0283,2018_C,2018,C,283,2018-10-02,1A,73,73,0,0,1,0,2193,7605,3001,6366,7309,883,5,101,513,59,8730,12904,1846,3743,6951,7339,135,3947,399,41
2018_C_0284,2018_C,2018,C,284,2018-10-02,1A,143,143,0,0,1,0,3269,8719,3109,7032,10600,741,11,245,497,9,23309,14271,1853,4859,16045,18890,141,4269,403,65
2018_C_0287,2018_C,2018,C,287,2018-10-02,1A,279,273,0,6,0.978494624,0.021505376,2176,15836,3379,12012,16465,941,11,339,397,102,30296,22365,1891,5893,26028,17052,157,7795,443,101
2018_C_0288,2018_C,2018,C,288,2018-10-02,1A,207,203,4,4,0.980676329,0.019323671,1569,9334,1833,6378,8218,225,9,173,189,0,24678,13125,1097,3127,20328,14325,43,5077,433,95
2018_C_0291,2018_C,2018,C,291,2018-10-02,1B,301,5,296,296,0.016611296,0.983388704,1373,61,35,45,73,3,0,347,371,245,4475,4570,4775,51,24557,27557,139,143,9,5
2018_C_0293,2018_C,2018,C,293,2018-10-02,1A,173,173,0,0,1,0,2315,10469,2839,8949,14182,943,9,293,407,151,20342,17190,1684,4621,20857,14519,181,6077,377,87
2018_C_0295,2018_C,2018,C,295,2018-10-02,1A,177,177,0,0,1,0,2243,9667,2605,8391,9612,801,9,193,441,111,21027,15199,1665,3833,20200,17717,131,6055,479,119
2018_C_0298,2018_C,2018,C,298,2018-10-02,1A,123,123,0,0,1,0,1613,8815,1545,5735,6727,99,3,143,167,53,18628,11707,1000,2875,18477,14262,21,4753,395,47
2018_C_0299,2018_C,2018,C,299,2018-10-02,1A,289,279,6,10,0.965397924,0.034602076,2153,12192,3053,11649,12804,749,15,269,415,145,29956,17675,1793,4911,27679,19858,111,6581,539,111
2018_C_0301,2018_C,2018,C,301,2018-10-02,1A,201,197,4,4,0.980099502,0.019900498,1585,9481,2303,9107,10505,830,17,283,335,125,16518,13953,1217,3559,11780,11656,69,5319,461,101
2018_C_0303,2018_C,2018,C,303,2018-10-02,1A,167,161,4,6,0.964071856,0.035928144,1489,5983,1787,4149,6469,553,19,241,327,125,13449,9156,1004,2157,9696,9671,39,2983,405,81
2018_C_0304,2018_C,2018,C,304,2018-10-02,1B,375,11,364,364,0.029333333,0.970666667,1254,97,35,37,55,17,0,421,277,237,7666,2625,2294,71,12723,16701,39,153,5,19
2018_C_0305,2018_C,2018,C,305,2018-10-02,1A,387,373,0,14,0.963824289,0.036175711,1750,5673,2115,4384,7361,761,23,439,503,249,15446,9030,1115,3179,11016,11798,205,2843,615,161
2018_C_0306,2018_C,2018,C,306,2018-10-02,1A,261,249,10,12,0.954022989,0.045977011,1970,5540,1709,3863,5849,355,13,289,253,211,9251,8805,933,2315,8231,5344,49,2303,477,151
2018_C_0307,2018_C,2018,C,307,2018-10-02,1A1B,311,21,290,288,0.067524116,0.932475884,1357,4214,367,413,365,35,3,363,181,225,20339,2845,2464,513,17711,27387,21,2231,277,73
2018_C_0308,2018_C,2018,C,308,2018-10-02,1A,209,201,6,8,0.961722488,0.038277512,1633,6027,1705,3572,5774,287,9,195,211,217,12729,8173,820,1892,8790,10234,23,3025,309,125
2018_C_0311,2018_C,2018,C,311,2018-10-02,1A,497,483,14,14,0.971830986,0.028169014,3010,8832,2595,7168,6699,687,19,377,401,5,21320,10902,67,3433,15460,21179,107,3083,11,47
2018_C_0312,2018_C,2018,C,312,2018-10-02,1A,273,267,0,6,0.978021978,0.021978022,1995,6826,2109,4853,7544,489,5,229,241,127,15890,9193,1126,2781,11411,12742,41,3791,333,107
2018_C_0313,2018_C,2018,C,313,2018-10-02,1A,273,265,0,8,0.970695971,0.029304029,1535,5238,1131,3131,5099,433,7,183,147,85,13750,5763,635,1941,11496,13340,21,2787,325,123
2018_C_0314,2018_C,2018,C,314,2018-10-02,1A,271,263,6,8,0.970479705,0.029520295,2318,8187,2421,6558,8463,643,5,257,319,0,20533,11410,1496,3663,14005,12906,69,4601,492,147
2018_C_0318,2018_C,2018,C,318,2018-10-02,1A,253,245,6,8,0.968379447,0.031620553,2013,6476,2101,5356,6704,467,19,239,295,107,16841,11404,1121,3303,14669,14150,69,3529,441,31
2018_C_0319,2018_C,2018,C,319,2018-10-02,1A,67,61,6,6,0.910447761,0.089552239,1615,4626,599,1509,1529,57,3,155,45,35,17687,3497,375,1277,13078,17702,7,2355,409,31
2018_C_0327,2018_C,2018,C,327,2018-10-02,1B,319,7,312,310,0.021943574,0.978056426,1577,55,21,41,85,11,0,347,319,115,7864,3649,3733,37,19226,18876,51,111,17,7
2018_C_0329,2018_C,2018,C,329,2018-10-02,1B,281,5,276,276,0.017793594,0.982206406,1521,121,23,45,55,13,0,279,259,223,6058,3395,3708,73,15367,21182,61,205,11,11
2018_C_0330,2018_C,2018,C,330,2018-10-02,1A,153,145,6,8,0.947712418,0.052287582,2502,6413,2349,4864,7409,335,7,297,331,155,21479,10333,1352,3607,16558,20442,53,3509,543,45
2018_C_0331,2018_C,2018,C,331,2018-10-02,1B,249,7,242,240,0.02811245,0.97188755,939,139,41,53,77,17,0,145,169,89,5669,1031,1988,47,10170,16384,9,191,21,9
2018_C_0332,2018_C,2018,C,332,2018-10-02,1A,199,195,0,4,0.979899497,0.020100503,1515,6203,1942,5297,5975,309,3,245,195,93,14327,10509,1122,2811,11167,11335,37,3777,537,67
2018_C_0333,2018_C,2018,C,333,2018-10-02,1A,263,253,10,10,0.961977186,0.038022814,1529,6556,2515,6854,7786,865,5,303,417,167,21927,12125,1353,3638,13482,10961,103,4133,391,63
2018_C_0334,2018_C,2018,C,334,2018-10-02,1A,77,71,0,6,0.922077922,0.077922078,1349,5728,1469,3805,5649,315,0,241,171,131,14059,7349,908,2233,12784,17507,29,2929,233,33
2018_C_0335,2018_C,2018,C,335,2018-10-02,1A,291,285,6,6,0.979381443,0.020618557,1249,8571,2247,5721,7070,621,3,297,293,97,19134,11746,1305,3387,16364,14530,87,3449,529,71
2018_C_0337,2018_C,2018,C,337,2018-10-02,1A,277,267,8,10,0.963898917,0.036101083,1567,10066,2553,8849,8548,787,17,281,389,211,29411,12711,1275,2913,24017,15704,139,4969,509,151
2018_C_0338,2018_C,2018,C,338,2018-10-02,1A,93,93,0,0,1,0,1775,8421,2204,6035,8993,689,11,365,303,127,22007,14531,1705,3661,17673,19781,93,4707,509,75
2018_C_0339,2018_C,2018,C,339,2018-10-02,1B,231,9,222,222,0.038961039,0.961038961,1394,267,69,83,109,9,0,207,197,108,9342,3162,3702,86,25118,25905,19,471,9,17
2018_C_0340,2018_C,2018,C,340,2018-10-02,1A,413,409,0,4,0.99031477,0.00968523,1931,11063,2069,7885,11485,777,5,275,333,145,25443,14142,1373,4071,21475,20763,81,5509,381,99
2018_C_0342,2018_C,2018,C,342,2018-10-02,1B,469,15,454,452,0.031982942,0.968017058,2059,143,29,67,71,5,0,471,487,221,14642,6709,5030,101,32223,30826,93,313,13,9
2018_C_0344,2018_C,2018,C,344,2018-10-02,1B,231,9,222,220,0.038961039,0.961038961,1446,295,35,45,115,13,0,333,271,115,11407,5718,4666,105,18693,15919,59,509,11,0
2018_C_0345,2018_C,2018,C,345,2018-10-02,1B,439,13,426,426,0.029612756,0.970387244,1553,169,59,75,105,21,3,383,423,195,12376,6976,3801,89,24590,19177,105,653,11,7
2018_C_0346,2018_C,2018,C,346,2018-10-02,1B,413,9,404,404,0.021791768,0.978208232,1139,109,33,47,61,13,0,345,289,171,12425,3854,2945,87,25442,30636,83,345,9,7
2018_C_0349,2018_C,2018,C,349,2018-10-02,1B,519,3,516,510,0.005780347,0.994219653,207,654,65,101,99,45,0,459,431,269,13310,9853,4065,203,31682,38824,85,1497,25,17
2018_C_0350,2018_C,2018,C,350,2018-10-02,1A,305,297,6,8,0.973770492,0.026229508,1841,11266,2453,8728,12357,821,9,281,331,115,24129,15506,1343,3759,22062,18856,83,6087,349,89
2018_C_0352,2018_C,2018,C,352,2018-10-02,1A,427,411,14,16,0.962529274,0.037470726,1815,6406,2081,4192,7207,791,11,305,387,7,15554,7839,1045,2437,10186,15218,209,3269,435,113
2018_C_0353,2018_C,2018,C,353,2018-10-02,1B,501,9,492,486,0.017964072,0.982035928,163,359,73,59,63,13,0,469,401,319,11429,3811,3541,133,19148,24407,53,501,27,23
2018_C_0354,2018_C,2018,C,354,2018-10-02,1A,289,279,8,10,0.965397924,0.034602076,1765,8740,2241,6546,8294,767,11,371,287,149,24168,11791,1383,2797,14168,15687,81,4289,499,225
2018_C_0356,2018_C,2018,C,356,2018-10-02,1A,337,331,6,6,0.982195846,0.017804154,23,35,15,25,11,19,19,361,7,209,17722,29,23,17,12911,14987,0,19,437,171
2018_C_0357,2018_C,2018,C,357,2018-10-16,1A,389,375,12,14,0.964010283,0.035989717,2062,6759,2243,4821,7884,663,19,309,357,167,17206,10194,1196,2815,8741,14355,107,3397,531,179
2018_C_0358,2018_C,2018,C,358,2018-10-16,1A,205,205,0,0,1,0,1779,6158,1643,4082,5243,305,3,299,253,91,13230,9725,1004,2679,9360,11260,41,3203,463,121
2018_C_0360,2018_C,2018,C,360,2018-10-16,1B,353,5,348,344,0.014164306,0.985835694,1559,343,107,57,89,15,0,309,349,231,10074,3127,3391,99,19430,24891,29,273,29,17
2018_C_0361,2018_C,2018,C,361,2018-10-16,1B,337,3,334,332,0.008902077,0.991097923,1405,53,21,29,61,3,0,267,327,123,5612,2773,2775,33,14529,19611,57,269,7,0
2018_C_0367,2018_C,2018,C,367,2018-10-16,1A,129,121,8,8,0.937984496,0.062015504,2087,9011,2309,7109,8529,865,11,253,393,149,19789,14925,1451,4415,15552,14214,119,4389,379,65
2018_C_0368,2018_C,2018,C,368,2018-10-16,1A,265,255,8,10,0.962264151,0.037735849,2423,8640,2133,6633,6965,755,7,289,341,121,22182,12056,1556,3755,15566,16023,13,4709,419,131
2018_C_0370,2018_C,2018,C,370,2018-10-16,1A,375,365,0,10,0.973333333,0.026666667,1996,9554,2701,6547,10617,943,7,303,399,118,22030,12533,1581,4222,16279,17604,139,4647,441,103
2018_C_0373,2018_C,2018,C,373,2018-10-16,1B,291,11,280,280,0.037800687,0.962199313,1791,75,27,39,55,7,0,333,363,157,3564,3997,3917,31,19500,18911,103,171,3,3
2018_C_0374,2018_C,2018,C,374,2018-10-16,1A,321,309,10,12,0.962616822,0.037383178,2589,8849,2113,5149,7795,587,5,219,341,93,21532,10193,1152,3369,15119,13944,75,4071,459,125
2018_C_0375,2018_C,2018,C,375,2018-10-16,1A,117,117,0,0,1,0,2123,6956,2547,7430,9662,831,9,235,331,111,18406,11698,1196,4151,10222,12331,133,4013,353,69
2018_C_0376,2018_C,2018,C,376,2018-10-16,1A,411,399,10,12,0.97080292,0.02919708,2521,9523,2885,7524,11521,1075,21,285,501,203,19485,12605,1789,3507,18904,14422,159,5323,593,167
2018_C_0377,2018_C,2018,C,377,2018-10-16,1B,203,7,196,194,0.034482759,0.965517241,1210,338,61,55,69,5,0,293,145,117,7891,1132,2394,111,14022,21215,15,263,25,15
2018_C_0378,2018_C,2018,C,378,2018-10-16,1A,271,271,0,0,1,0,1265,7141,1975,4425,6619,691,15,293,321,115,11934,8135,1067,2587,10920,13761,141,3587,503,127
2018_C_0380,2018_C,2018,C,380,2018-10-16,1B,416,13,403,402,0.03125,0.96875,1277,109,19,27,59,21,0,457,475,197,5999,3948,3081,41,20030,21075,51,295,19,23
2018_C_0385,2018_C,2018,C,385,2018-10-16,1B,327,7,320,316,0.021406728,0.978593272,901,53,27,71,37,5,0,359,185,167,2427,563,1792,37,15160,23027,7,95,9,5
2018_C_0390,2018_C,2018,C,390,2018-10-16,1A,63,59,4,4,0.936507937,0.063492063,1468,6862,1551,4562,7036,801,7,205,317,83,18515,8069,1099,2487,12823,18973,75,3643,339,19
2018_C_0391,2018_C,2018,C,391,2018-10-16,1A,245,239,6,6,0.975510204,0.024489796,2179,12239,3585,11252,13721,975,7,195,531,133,30452,19836,1984,4811,24929,24695,105,7230,515,31
2018_C_0392,2018_C,2018,C,392,2018-10-16,1A,399,379,16,20,0.949874687,0.050125313,2099,12866,2345,10657,12727,979,11,353,499,155,22249,17449,1511,4747,16555,15259,133,7401,593,127
2018_C_0393,2018_C,2018,C,393,2018-10-16,1B,255,17,238,238,0.066666667,0.933333333,711,532,127,287,193,11,0,123,35,225,11873,489,319,213,7955,18326,3,735,47,13
2018_C_0394,2018_C,2018,C,394,2018-10-16,1A,223,223,0,0,1,0,1707,9517,1863,6926,9001,375,7,153,267,49,21484,11803,1194,3173,16040,15418,49,5338,249,53
2018_C_0395,2018_C,2018,C,395,2018-10-16,1B,267,5,262,260,0.018726592,0.981273408,1647,287,35,59,69,15,3,243,493,107,7270,7580,4818,79,28640,26880,201,449,7,7
2018_C_0398,2018_C,2018,C,398,2018-10-16,1A1B,135,39,96,96,0.288888889,0.711111111,177,122,23,39,57,5,0,49,7,0,13461,85,19,37,8106,14580,0,153,19,0
2018_C_0400,2018_C,2018,C,400,2018-10-16,1A,289,281,6,8,0.972318339,0.027681661,1577,10039,2288,8255,9988,761,3,355,399,155,19695,13344,1236,3321,14942,12548,93,5782,567,117
2018_C_0401,2018_C,2018,C,401,2018-10-16,1A,433,429,0,4,0.990762125,0.009237875,1789,11583,2792,9230,11555,963,11,429,475,145,26871,14719,1483,4335,21579,17095,139,6549,581,103
2018_C_0403,2018_C,2018,C,403,2018-10-16,1A1B,565,541,22,24,0.957522124,0.042477876,2533,7014,3123,5053,7535,1025,25,559,627,283,16259,10775,1409,3385,12994,13647,249,3331,737,277
2018_C_0404,2018_C,2018,C,404,2018-10-16,1A,417,401,12,16,0.961630695,0.038369305,1828,4980,2473,3127,5119,521,19,295,341,173,14029,7629,1000,2283,8190,13091,77,2521,581,239
2018_C_0406,2018_C,2018,C,406,2018-10-16,1A,131,131,0,0,1,0,1313,3143,761,1231,1017,15,7,131,55,37,12548,3323,338,903,9447,10449,9,1941,417,87
2018_C_0407,2018_C,2018,C,407,2018-10-16,1A,185,181,0,4,0.978378378,0.021621622,961,6808,975,3059,4763,595,3,171,207,79,7885,4757,707,1301,5947,10231,123,2827,303,23
2018_C_0409,2018_C,2018,C,409,2018-10-16,1A,397,387,8,10,0.974811083,0.025188917,1413,7270,2271,4002,7152,665,19,333,339,203,14876,9752,1150,2370,13770,10101,3,2717,473,235
2018_C_0410,2018_C,2018,C,410,2018-10-16,1B,527,7,520,518,0.013282732,0.986717268,967,83,20,29,47,11,0,429,241,213,3181,1966,2013,25,11167,15182,63,127,5,21
2018_C_0415,2018_C,2018,C,415,2018-10-16,1A1B,391,345,38,46,0.882352941,0.117647059,1915,9423,1947,4397,6539,915,11,401,425,183,15312,9062,1257,2413,9537,15023,135,4066,515,145
2018_C_0416,2018_C,2018,C,416,2018-10-16,1A1B,125,101,20,24,0.808,0.192,2195,7639,2801,6239,8832,1047,0,359,607,193,20770,11204,1604,3691,16456,15414,199,4197,571,47
2018_C_0418,2018_C,2018,C,418,2018-10-16,1A,293,287,6,4,0.979522184,0.020477816,2529,11494,3229,7946,11235,1115,9,361,499,151,19552,12970,1578,4873,14227,15398,163,5193,557,171
2018_C_0419,2018_C,2018,C,419,2018-10-16,1B,586,13,573,571,0.0221843,0.9778157,1591,79,33,45,27,11,0,505,449,187,4675,3629,3081,47,13348,21398,121,253,5,9
2018_C_0420,2018_C,2018,C,420,2018-10-16,1A,279,279,0,0,1,0,1425,8325,545,2641,4471,661,0,149,217,53,11132,3635,713,2549,8825,13616,55,3865,245,35
2018_C_0422,2018_C,2018,C,422,2018-10-16,1B,349,19,324,330,0.054441261,0.945558739,1896,6956,1977,2212,1337,431,3,407,489,239,16591,8604,2134,2557,18057,19436,113,3009,493,51
2018_C_0424,2018_C,2018,C,424,2018-10-16,1A,43,43,0,0,1,0,999,6252,1555,2925,4391,641,5,161,153,71,6507,5041,681,1719,5964,9915,115,2673,315,41
2018_C_0425,2018_C,2018,C,425,2018-10-16,1A,207,199,6,8,0.961352657,0.038647343,2304,7342,2429,5265,6633,677,5,215,363,135,18151,10957,1314,3533,16405,16467,125,3819,443,87
2018_C_0427,2018_C,2018,C,427,2018-10-16,1A,141,135,0,6,0.957446809,0.042553191,1813,5227,2069,3925,4883,639,9,255,347,3,15309,8771,1098,3002,10923,12687,95,2723,439,65
2018_C_0428,2018_C,2018,C,428,2018-10-16,1B,217,3,214,212,0.013824885,0.986175115,1179,53,41,19,59,13,0,145,533,83,3790,3815,3729,43,12498,17355,65,163,21,5
2018_C_0429,2018_C,2018,C,429,2018-10-16,1A,123,123,0,0,1,0,1637,6645,1931,4812,6978,613,9,279,243,151,15171,8909,1310,2499,11838,13629,61,4155,349,59
2018_C_0432,2018_C,2018,C,432,2018-10-16,1A,269,261,8,8,0.970260223,0.029739777,1135,5218,2133,3886,5375,671,9,319,297,121,16605,7958,922,2319,12746,11255,81,2747,441,121
2018_C_0434,2018_C,2018,C,434,2018-10-16,1B,211,1,210,210,0.004739336,0.995260664,1312,121,53,42,57,15,0,225,413,127,2952,2233,2725,79,13751,15644,63,347,17,5
2018_C_0435,2018_C,2018,C,435,2018-10-16,1A,505,489,10,16,0.968316832,0.031683168,2079,7236,2515,5124,8877,1037,11,271,525,133,23299,9527,1181,3355,10390,16814,199,3707,565,199
2018_C_0440,2018_C,2018,C,440,2018-10-16,1A,405,397,8,8,0.980246914,0.019753086,4348,20043,4731,15435,24715,1813,15,359,881,207,21895,25890,2607,6947,18045,17395,269,10437,543,111
2018_C_0442,2018_C,2018,C,442,2018-10-16,1A,249,245,0,4,0.983935743,0.016064257,2701,14291,3317,10303,16622,1395,3,157,675,113,18695,17567,1894,4621,15072,14999,177,9475,355,93
2018_C_0443,2018_C,2018,C,443,2018-10-16,1B,247,11,236,230,0.044534413,0.955465587,2193,47,11,49,89,15,0,221,631,69,137,4257,3587,33,19480,22694,85,61,5,0
2018_C_0444,2018_C,2018,C,444,2018-10-16,1A,247,243,0,4,0.983805668,0.016194332,3820,19787,5025,14463,22753,1821,3,245,895,109,22107,23561,2747,7957,16526,18165,237,13195,445,51
2018_C_0446,2018_C,2018,C,446,2018-10-16,1A,199,195,4,4,0.979899497,0.020100503,3276,14426,2305,9124,12296,803,11,173,375,111,18731,15262,1736,4387,15030,12616,55,7365,323,95
2018_C_0447,2018_C,2018,C,447,2018-10-16,1A,151,151,0,0,1,0,3093,17109,3722,14749,18966,1211,7,257,641,125,16978,25431,2474,6293,14247,13263,189,10466,331,109
2018_C_0448,2018_C,2018,C,448,2018-10-16,1A,211,211,0,0,1,0,3079,16942,4113,13376,16190,1121,5,189,529,181,17672,24943,2695,7639,14204,15280,109,10303,329,115
2018_C_0452,2018_C,2018,C,452,2018-10-16,1A,381,375,0,6,0.984251969,0.015748031,5532,19288,6795,12059,21266,2371,7,417,981,325,15539,24332,3836,8419,11737,15908,407,10569,741,257
2018_C_0456,2018_C,2018,C,456,2018-10-16,1A,63,63,0,0,1,0,897,8409,417,2571,5813,644,0,63,209,49,5520,3043,599,829,4287,7014,129,3463,133,35
2018_C_0457,2018_C,2018,C,457,2018-10-16,1A,217,209,8,8,0.963133641,0.036866359,2064,10172,2845,6734,10919,1173,15,293,501,151,17360,13205,1520,2897,9030,13278,177,6073,403,125
2018_C_0467,2018_C,2018,C,467,2018-10-16,1A,249,249,0,0,1,0,2581,13891,3753,8131,11514,1053,3,283,583,203,13490,15586,2082,3921,10098,8904,181,5283,509,123
2018_C_0469,2018_C,2018,C,469,2018-10-16,1A,189,189,0,0,1,0,1933,9974,2681,4976,8847,1243,3,123,579,79,1271,8987,1345,2567,847,1345,173,4843,399,119
2018_C_0470,2018_C,2018,C,470,2018-10-16,1A,389,369,18,20,0.948586118,0.051413882,4317,21420,5721,13270,19798,2117,3,361,979,167,17253,21609,3020,7071,12422,14115,277,10072,603,165
2018_C_0471,2018_C,2018,C,471,2018-10-16,1A,251,243,0,8,0.96812749,0.03187251,3147,11907,4385,10742,10862,1465,5,315,821,207,17286,18310,2432,6341,10365,9178,243,7940,453,137
2018_C_0473,2018_C,2018,C,473,2018-10-16,1A,283,273,10,10,0.964664311,0.035335689,4508,10670,3645,7959,11407,897,0,205,619,0,17470,17197,2295,5175,14067,16734,147,5983,429,97
2018_C_0475,2018_C,2018,C,475,2018-10-16,1A,281,267,14,14,0.950177936,0.049822064,3341,18656,3771,10503,13316,1485,5,267,711,3,23228,16231,2497,5924,14488,18721,197,9439,389,129
2018_C_0477,2018_C,2018,C,477,2018-10-16,1A,181,175,0,6,0.966850829,0.033149171,2585,16387,4052,8497,14179,1433,9,189,637,75,12076,14663,1724,4625,6991,10736,283,7411,373,87
2018_C_0478,2018_C,2018,C,478,2018-10-16,1B,323,1,322,320,0.003095975,0.996904025,1797,695,43,27,101,131,0,273,633,153,5722,5667,3322,167,9862,11047,221,1651,29,19
2018_C_0480,2018_C,2018,C,480,2018-10-16,1B,313,3,310,306,0.009584665,0.990415335,2429,722,59,47,83,51,0,289,681,147,4460,3956,3781,205,9716,14731,199,1133,39,9
2018_C_0483,2018_C,2018,C,483,2018-10-16,1A,295,287,6,8,0.972881356,0.027118644,3207,10891,3735,7177,12393,1511,7,263,667,165,1182,15013,2504,5391,720,1119,209,6539,377,171
2018_C_0485,2018_C,2018,C,485,2018-10-16,1A,119,115,0,4,0.966386555,0.033613445,2011,14494,3909,8345,15653,1323,5,79,389,41,10690,13071,1983,3837,7333,9942,199,7111,211,39
2018_C_0486,2018_C,2018,C,486,2018-10-16,1A,51,51,0,0,1,0,2407,9173,2683,5000,10619,1049,5,55,429,23,10696,9535,1641,3549,7580,10623,107,5241,233,43
2018_C_0488,2018_C,2018,C,488,2018-10-16,1A,131,131,0,0,1,0,2869,12776,4919,8531,13308,1801,7,149,905,85,17711,16964,2863,6023,10015,15238,305,8327,649,71
2018_C_0489,2018_C,2018,C,489,2018-10-16,1B,179,11,168,168,0.061452514,0.938547486,1613,1531,103,193,231,303,0,215,357,127,8801,2007,2409,307,7422,11820,43,2455,53,31
2018_C_0490,2018_C,2018,C,490,2018-10-16,1A,195,191,0,4,0.979487179,0.020512821,2669,10000,3207,6374,11795,1531,7,213,663,113,10320,11459,2025,4057,6432,10905,183,6131,455,117
2018_C_0493,2018_C,2018,C,493,2018-10-16,1A,69,69,0,0,1,0,2897,9571,3471,6568,10045,1171,3,245,641,141,10277,13409,2295,4763,8584,7598,87,5837,455,31
2018_C_0494,2018_C,2018,C,494,2018-10-16,1B,287,15,272,270,0.052264808,0.947735192,2251,111,27,37,51,39,0,301,819,137,2683,5288,4161,49,12026,14056,203,291,3,3
2018_C_0495,2018_C,2018,C,495,2018-10-16,1A,305,297,0,8,0.973770492,0.026229508,2218,5972,2219,8268,7769,579,5,289,375,129,24237,11391,1296,4505,14719,17162,89,4253,513,155
2018_C_0496,2018_C,2018,C,496,2018-10-16,1A,215,207,6,8,0.962790698,0.037209302,1861,10939,1329,6305,9857,559,3,177,205,53,26042,8881,1134,2733,13764,21171,39,6877,269,157
2018_C_0497,2018_C,2018,C,497,2018-10-16,1B,383,3,380,380,0.007832898,0.992167102,1523,63,7,55,67,15,0,437,443,185,3565,4861,3648,43,25418,26870,91,213,5,3
2018_C_0498,2018_C,2018,C,498,2018-10-16,1A,279,271,8,8,0.971326165,0.028673835,1719,8382,2330,6756,9565,439,15,315,207,83,22090,13295,1198,3599,19712,18141,35,5393,491,91
2018_C_0499,2018_C,2018,C,499,2018-10-16,1A,133,133,0,0,1,0,1743,9855,1787,6364,9304,701,5,203,307,87,19176,10999,1178,3141,16937,17971,83,5731,331,73
2018_C_0500,2018_C,2018,C,500,2018-10-16,1B,365,13,352,352,0.035616438,0.964383562,1157,43,23,47,43,13,0,313,367,135,434,4427,2268,31,15029,20089,123,61,11,0
2018_C_0501,2018_C,2018,C,501,2018-10-16,1B,467,15,452,444,0.032119914,0.967880086,319,57,21,27,77,7,0,371,427,277,940,3661,2998,35,22279,22946,45,81,5,0
2018_C_0508,2018_C,2018,C,508,2018-10-16,1A,93,87,6,0,0.935483871,0.064516129,1645,8259,1871,6141,7742,427,5,189,177,51,23857,11871,1165,2907,21816,14562,47,4971,239,61
2018_C_0511,2018_C,2018,C,511,2018-10-16,1A,289,289,0,0,1,0,1709,7561,2177,5511,7287,779,11,245,319,147,13980,8020,739,2503,10485,16138,171,4083,409,131
2018_C_0523,2018_C,2018,C,523,2018-10-16,1A,312,301,10,11,0.96474359,0.03525641,1625,6820,1635,3708,5131,387,13,297,249,229,18451,8507,907,2359,13633,17073,39,2741,391,133
2018_C_0524,2018_C,2018,C,524,2018-10-16,1A,261,247,14,14,0.946360153,0.053639847,1675,4866,1909,3110,5250,433,5,201,229,89,11981,7693,862,1953,9411,12188,49,2451,411,133
2018_C_0530,2018_C,2018,C,530,2018-10-16,1A,323,319,0,4,0.987616099,0.012383901,2409,6619,1751,3747,6465,733,9,299,301,133,16193,7371,1119,2349,9347,13373,91,3329,461,59
2018_C_0534,2018_C,2018,C,534,2018-10-16,1A,247,247,0,0,1,0,1403,6045,1597,4031,6387,687,9,169,337,81,14675,7263,907,2493,9834,13533,63,3667,423,109
2018_C_0535,2018_C,2018,C,535,2018-10-16,1A,154,154,0,0,1,0,2365,7661,2160,5424,6377,645,0,219,309,109,19836,10035,1201,3451,16626,16745,65,3465,345,69
2018_C_0536,2018_C,2018,C,536,2018-10-16,1A,217,211,6,6,0.97235023,0.02764977,2041,7892,2099,5647,8813,859,5,205,389,17,18660,9903,1177,3405,12443,19052,133,4291,307,61
2018_C_0539,2018_C,2018,C,539,2018-10-16,1A,349,343,0,6,0.982808023,0.017191977,2251,6258,2447,5357,6935,877,19,243,419,151,16462,10471,1267,3283,11774,13257,161,3383,505,141
2018_C_0541,2018_C,2018,C,541,2018-10-16,1B,123,5,118,118,0.040650407,0.959349593,1345,145,81,105,177,27,0,227,327,119,1326,2103,2141,85,11554,17405,87,113,0,0
2018_C_0543,2018_C,2018,C,543,2018-10-16,1A,37,33,4,4,0.891891892,0.108108108,799,3779,211,1583,3447,439,0,53,171,27,5293,1617,319,657,4238,7760,45,2211,113,23
2018_C_0544,2018_C,2018,C,544,2018-10-16,1A,317,309,8,6,0.974763407,0.025236593,1537,8051,1863,5298,6965,603,0,249,265,95,25488,9241,1333,2668,16375,13420,49,4637,401,149
2018_C_0546,2018_C,2018,C,546,2018-10-16,1A,191,181,10,8,0.947643979,0.052356021,1193,7366,1203,4091,6063,729,3,147,253,3,13709,7307,1057,2347,8539,13839,83,3685,209,129
2018_C_0548,2018_C,2018,C,548,2018-10-16,1A,211,205,6,6,0.971563981,0.028436019,1507,5596,2043,4562,6005,619,11,207,409,49,13573,8715,1102,2955,11039,13390,85,3199,477,59
2018_C_0551,2018_C,2018,C,551,2018-10-16,1A,203,199,0,4,0.980295567,0.019704433,1271,6007,1849,4375,7143,685,3,225,317,93,13939,7715,953,2843,8380,14648,147,3522,377,53
2018_C_0557,2018_C,2018,C,557,2018-10-16,1A,273,265,8,8,0.970695971,0.029304029,1307,6104,1469,3377,5360,527,3,193,215,69,15468,5939,991,2137,8502,15187,35,3455,427,125
2018_C_0558,2018_C,2018,C,558,2018-10-16,1A1B,305,67,238,236,0.219672131,0.780327869,1661,6622,609,1497,1885,41,0,223,103,229,25846,5294,1161,1411,19296,29263,3,3771,347,117
2018_C_0559,2018_C,2018,C,559,2018-10-16,1A,389,389,0,0,1,0,1765,10920,1803,8085,10723,715,0,275,329,0,22099,10765,1341,3479,17492,19633,61,7039,327,99
2018_C_0560,2018_C,2018,C,560,2018-10-16,1B,251,7,244,242,0.027888446,0.972111554,986,31,17,15,39,9,0,253,221,229,4728,1375,2146,21,17507,25867,27,45,7,0
2018_C_0561,2018_C,2018,C,561,2018-10-16,1B,497,9,488,482,0.018108652,0.981891348,1751,98,29,35,65,11,0,523,485,179,2114,5834,3732,33,19900,23548,109,201,3,0
2018_C_0562,2018_C,2018,C,562,2018-10-16,1A,161,157,0,4,0.97515528,0.02484472,2481,9568,3121,9511,13395,667,11,209,253,133,24951,15785,1656,4359,23489,20166,11,5579,343,81
2018_C_0566,2018_C,2018,C,566,2018-10-16,1A,383,379,0,4,0.989556136,0.010443864,1919,13165,2205,9068,11055,827,19,277,355,19,30309,14955,1447,4215,23488,21653,105,8232,485,155
2018_C_0568,2018_C,2018,C,568,2018-10-16,1B,297,13,284,284,0.043771044,0.956228956,1231,79,33,81,125,11,0,255,303,165,438,2035,2871,63,17917,22814,37,67,5,5
2018_C_0569,2018_C,2018,C,569,2018-10-16,1A,241,235,0,6,0.975103734,0.024896266,1652,7210,1915,5508,7381,477,9,269,259,7,19614,9713,1095,2637,15640,15835,45,4274,349,95
2018_C_0570,2018_C,2018,C,570,2018-10-16,1A,301,283,18,16,0.940199336,0.059800664,1943,12212,2759,6205,10305,923,11,303,365,179,20821,12210,1525,3325,12212,19789,113,5757,395,147
2018_C_0572,2018_C,2018,C,572,2018-10-16,1B,641,19,622,622,0.029641186,0.970358814,1271,85,13,31,47,9,0,395,363,335,7062,3095,3272,33,16057,24619,111,109,7,5
2018_C_0575,2018_C,2018,C,575,2018-10-16,1A,435,415,18,20,0.954022989,0.045977011,2157,8750,2136,5416,8535,649,13,347,353,191,19925,11348,1127,2869,14344,17393,111,3649,407,115
2018_C_0576,2018_C,2018,C,576,2018-10-16,1A,397,387,6,10,0.974811083,0.025188917,1246,9393,1783,4845,7277,593,3,257,301,143,15732,8075,988,1974,11300,13157,77,3112,483,155
2018_LH_0173,2018_LH,2018,LH,173,,1A1B,191,39,152,150,0.204188482,0.795811518,2325,11775,2173,4341,3295,971,3,99,389,75,9609,17265,1793,3693,8166,11904,125,6111,219,47
2018_LH_0695,2018_LH,2018,LH,695,,1A,211,199,10,12,0.943127962,0.056872038,3841,10987,1617,6405,5905,795,5,225,215,67,12966,11457,1846,4387,7454,11049,29,7011,361,105
2018_LH_0785,2018_LH,2018,LH,785,,1B,37,9,28,26,0.243243243,0.756756757,1441,1585,107,789,1525,433,0,73,35,15,9612,2267,883,955,5842,12484,5,4339,23,7
2018_LH_0795,2018_LH,2018,LH,795,,1A1B,183,31,152,148,0.169398907,0.830601093,2045,5013,197,1405,1559,849,3,151,239,71,8578,3449,2131,1337,6604,10905,65,7119,217,79
2018_LH_0812,2018_LH,2018,LH,812,,1A1B,157,57,98,100,0.363057325,0.636942675,2015,6317,417,2689,3405,837,3,125,113,35,12724,4739,1816,3057,6606,14736,15,7553,133,25
2018_LH_0885,2018_LH,2018,LH,885,,1A,51,47,4,4,0.921568627,0.078431373,1801,6527,847,2073,2909,387,0,109,69,59,9364,2817,645,1181,6776,10723,13,4461,143,21
2018_LH_0936,2018_LH,2018,LH,936,,1A,167,157,10,8,0.94011976,0.05988024,1208,3525,1247,1684,2661,117,5,181,123,35,11995,6145,615,1807,9186,14042,19,1949,379,129
2018_LH_0977,2018_LH,2018,LH,977,,1A,129,129,0,0,1,0,2569,8911,1395,4939,3915,295,5,193,231,65,14398,11027,1447,3137,10269,19299,25,5801,413,175
2018_LH_1007,2018_LH,2018,LH,1007,,1A,205,199,4,6,0.970731707,0.029268293,2245,13910,1928,4513,7803,813,3,189,239,0,9129,7997,1416,2114,6705,7387,33,4913,299,161
2018_LH_1012,2018_LH,2018,LH,1012,,1A1B,183,33,150,146,0.180327869,0.819672131,2873,6538,935,1761,1499,163,0,255,315,185,9304,5891,2600,1801,6346,12654,33,4160,322,99
2018_SC_S01,2018_SC,2018,SC,S01,2018-08-21,1B,805,13,792,788,0.016149068,0.983850932,3642,41,29,49,161,21,0,721,1369,317,218,16944,9134,37,24161,22174,463,79,0,7
2018_SC_S02,2018_SC,2018,SC,S02,2018-08-21,1B,273,7,266,260,0.025641026,0.974358974,1977,31,25,33,109,15,3,313,873,77,205,6583,4530,49,14599,13827,207,77,5,0
2018_SC_S03,2018_SC,2018,SC,S03,2018-08-21,1B,471,9,462,462,0.01910828,0.98089172,3063,51,15,51,109,13,0,387,827,147,227,14492,5541,45,19797,22001,281,57,3,0
2018_SC_S05,2018_SC,2018,SC,S05,2018-08-21,1B,199,5,194,192,0.025125628,0.974874372,3405,37,23,45,121,27,0,339,911,175,226,16296,6632,63,18388,21883,297,85,0,3
2018_SC_S06,2018_SC,2018,SC,S06,2018-08-21,1A,467,451,16,14,0.965738758,0.034261242,3017,19355,5053,14347,22990,1981,13,357,975,195,18859,23729,2405,6415,14887,15299,357,12561,563,133
2018_SC_S07,2018_SC,2018,SC,S07,2018-08-21,1A,235,225,8,10,0.957446809,0.042553191,3362,16212,4571,13994,14524,907,21,355,709,205,18943,29475,2811,7711,12069,13555,152,9181,538,147
2018_SC_S09,2018_SC,2018,SC,S09,2018-08-21,1B,553,15,538,538,0.027124774,0.972875226,2707,45,37,33,117,31,0,513,983,159,149,11199,5168,55,14696,22245,291,123,3,0
2018_SC_S10,2018_SC,2018,SC,S10,2018-08-21,1B,547,9,538,536,0.016453382,0.983546618,3905,268,49,61,119,47,0,305,975,249,1398,12624,7398,71,14528,19070,455,421,15,9
2018_SC_S11,2018_SC,2018,SC,S11,2018-08-21,1B,491,13,478,476,0.026476578,0.973523422,2683,36,19,23,61,11,0,701,963,445,158,6981,5123,33,10424,15747,293,43,9,0
2018_SC_S12,2018_SC,2018,SC,S12,2018-08-21,1B,579,9,570,564,0.015544041,0.984455959,3279,53,33,49,105,11,0,725,1393,353,139,9287,6590,53,13714,15379,369,81,7,3
2018_SC_S15,2018_SC,2018,SC,S15,2018-08-21,1B,501,7,494,490,0.013972056,0.986027944,2311,39,35,41,91,7,0,655,945,303,627,7039,5479,25,11684,17600,219,33,13,5
2018_SC_S16,2018_SC,2018,SC,S16,2018-08-21,1B,443,17,426,424,0.038374718,0.961625282,2879,35,15,29,67,19,0,339,573,119,167,5657,4040,37,11466,15181,113,95,7,0
2018_SC_S17,2018_SC,2018,SC,S17,2018-08-21,1B,551,19,532,526,0.034482759,0.965517241,2475,45,21,31,89,29,0,581,1065,277,121,7822,5361,45,13593,16059,263,41,3,0
2018_SC_S18,2018_SC,2018,SC,S18,2018-08-21,1B,731,17,712,714,0.023255814,0.976744186,4741,45,27,35,99,15,0,671,1849,325,177,9669,6081,49,9691,16960,457,93,9,5
2018_SC_S19,2018_SC,2018,SC,S19,2018-08-21,1B,115,3,112,110,0.026086957,0.973913043,3717,31,17,31,63,15,0,387,1045,151,215,5092,5451,39,12976,19197,163,85,0,0
2018_SC_S20,2018_SC,2018,SC,S20,2018-08-21,1B,533,13,520,520,0.024390244,0.975609756,3578,63,25,23,95,19,0,461,1133,191,287,8484,5289,37,17310,16472,313,129,9,3
2018_SC_S21,2018_SC,2018,SC,S21,2018-08-21,1B,659,17,640,642,0.025796662,0.974203338,2177,31,9,49,63,23,0,531,527,241,1314,5481,3656,61,14597,19584,173,65,9,0
2018_SC_S22,2018_SC,2018,SC,S22,2018-08-21,1A,105,105,0,0,1,0,4081,9651,5131,6502,11959,1774,11,213,1005,115,11638,16266,2266,5995,6760,8632,325,5469,539,61
2018_SC_S23,2018_SC,2018,SC,S23,2018-08-21,1B,535,13,522,520,0.024299065,0.975700935,2817,71,25,27,71,9,0,535,1137,239,173,3652,4167,39,8295,14499,231,69,5,0
2018_SC_S24,2018_SC,2018,SC,S24,2018-08-21,1B,515,9,506,502,0.017475728,0.982524272,3616,37,23,45,89,19,0,397,917,249,406,4653,5477,47,16293,21807,225,65,3,0
2018_SC_S25,2018_SC,2018,SC,S25,2018-08-21,1B,479,9,470,464,0.018789144,0.981210856,2916,43,29,31,107,19,0,519,945,263,2145,7179,4761,21,13859,15828,264,51,5,0
2018_SC_S26,2018_SC,2018,SC,S26,2018-08-21,1A,317,309,8,4,0.974763407,0.025236593,3355,14899,6123,12056,17490,2119,13,297,1077,169,18556,25654,3773,7587,11630,15892,351,8377,687,195
2018_SC_S28,2018_SC,2018,SC,S28,2018-08-21,1A,371,361,8,10,0.973045822,0.026954178,4065,12622,5753,10215,15599,2359,17,427,1191,293,12937,22417,3660,7687,8138,11516,381,7749,601,237
2018_SC_S29,2018_SC,2018,SC,S29,2018-08-21,1A,327,321,6,6,0.981651376,0.018348624,3137,11188,4429,9169,13520,1565,7,321,789,207,15309,19015,2694,6788,10232,14143,243,6467,515,175
2018_SC_S33,2018_SC,2018,SC,S33,2018-09-18,1A,309,303,6,6,0.980582524,0.019417476,3816,18138,4699,15081,20131,1451,15,287,791,165,19079,26648,2661,7371,16320,13893,163,11489,471,151
2018_SC_S34,2018_SC,2018,SC,S34,2018-09-18,1A,197,197,0,0,1,0,1905,13882,2325,7575,13721,1209,7,175,465,71,12585,11260,1397,3601,10507,12298,181,7506,279,91
2018_SC_S36,2018_SC,2018,SC,S36,2018-09-18,1A,517,509,6,8,0.984526112,0.015473888,3269,16547,4475,12298,19169,1643,15,331,841,245,19929,21520,2441,6555,14870,17351,299,10171,483,143
